filter,ideal_42,noise_42
Original,94.4019983628364,92.61195436406426
fognight,39.40495241993247,65.17930113578225
fogsnow,32.037749923257955,66.00809679729869
fograin,42.59750332548859,73.31519083188375
rainnight,61.495156042156964,73.27382380026604
snownight,23.892541696510797,55.786622326818794
