filter,ideal_42
Original,94.4019983628364
fognight,39.40495241993247
fogsnow,32.037749923257955
fograin,42.59750332548859
rainnight,61.495156042156964
snownight,23.892541696510797
