images,Original_model_42_ideallevelfog,fog1_model_42_ideallevelfog,fog2_model_42_ideallevelfog,fog3_model_42_ideallevelfog,fog4_model_42_ideallevelfog,fog5_model_42_ideallevelfog,fog6_model_42_ideallevelfog,fog7_model_42_ideallevelfog,fog8_model_42_ideallevelfog,fog9_model_42_ideallevelfog,fog10_model_42_ideallevelfog
9773,95.07829632661414,94.8332784201371,94.61767625089533,94.48491558375117,93.64596950782766,92.2435741328149,90.88331423309118,87.9981847948429,84.2634820423616,79.03436201780416,71.55450424639311
