category,sub-category,images,Original_model_42,fog1_model_42,fog2_model_42,fog3_model_42,fog4_model_42,fog5_model_42,fog6_model_42,fog7_model_42,fog8_model_42,fog9_model_42,fog10_model_42
Dangerous warning,Dangerous warning,2228,93.89673249551166,93.8512881508079,93.31250448833035,93.53814183123878,92.05587073608619,91.4710368043088,89.36349192100538,86.71374326750446,82.8549775583483,77.42400807899463,69.74753141831236
Regularoty,Priority ,1041,97.02058597502402,96.83025936599424,96.92483189241115,96.54259365994237,96.15957732949087,95.87123919308358,95.3907492795389,94.23862632084536,92.60477425552352,90.77873198847263,86.26463016330452
Regularoty,Prohibitory,3957,96.10856709628504,95.88118524134447,95.75494566590852,95.45013393985343,94.6679075056861,93.07466767753347,91.4070760677281,87.61735152893604,83.92836997725549,77.8118119787718,69.042486732373
Regularoty,Mandatory,1203,96.34131338320864,95.92737323358271,95.76158769742311,95.76032418952619,95.92813798836241,94.18167913549459,94.43063175394849,92.60295095594347,88.36283458021614,83.12655029093932,77.72368246051538
Regularoty,Special regulations,1344,91.36877976190476,90.84983630952381,90.6220461309524,90.47723958333333,89.28348214285714,86.53273809523809,85.1943080357143,82.29346726190475,77.45498511904762,72.54381696428571,65.03011904761904
