category,images,Original_model_42_ideallevelfog,fog1_model_42_ideallevelfog,fog2_model_42_ideallevelfog,fog3_model_42_ideallevelfog,fog4_model_42_ideallevelfog,fog5_model_42_ideallevelfog,fog6_model_42_ideallevelfog,fog7_model_42_ideallevelfog,fog8_model_42_ideallevelfog,fog9_model_42_ideallevelfog,fog10_model_42_ideallevelfog
Dangerous warning,2228,93.89673249551166,93.8512881508079,93.31250448833035,93.53814183123878,92.05587073608619,91.4710368043088,89.36349192100538,86.71374326750446,82.8549775583483,77.42400807899463,69.74753141831236
Regularoty,7545,95.42720609675281,95.12325513585157,95.00308681245859,94.76449304174952,94.11551756129886,92.47170046388335,91.33211000662693,88.3774738237243,84.6794062292909,79.50989131875414,72.08809410205433
