images,Original_model_42_ideal,fog_model_42_ideal,night_model_42_ideal,rain_model_42_ideal,snow_model_42_ideal,day_model_42_ideal
9773,94.82255704491968,42.004048910262966,89.7160257853269,93.4313946587537,84.16022920290594,94.29016883249768
