category,sub-category,images,Original_model_42,fog_model_42,night_model_42,rain_model_42,snow_model_42,day_model_42
Dangerous warning,Dangerous warning,2228,93.71613554757629,43.44741921005385,91.87517055655296,92.73004937163375,82.98836624775583,93.8070960502693
Regularoty,Priority ,1041,97.11794428434197,59.56008645533141,93.66015369836697,96.82960614793468,89.53031700288186,96.73224783861671
Regularoty,Prohibitory,3957,95.60276472074806,35.50683598685873,90.16873894364417,93.91083396512511,83.39615365175635,95.24755370229971
Regularoty,Mandatory,1203,95.594289276808,44.80491271820449,90.77340814630091,94.92931005818785,87.03274314214462,95.2623940149626
Regularoty,Special regulations,1344,91.89095982142858,42.63527529761906,80.80246279761903,89.2096130952381,81.62188244047618,89.51049851190473
