category,images,Original_model_42_ideal,fog_model_42_ideal,night_model_42_ideal,rain_model_42_ideal,snow_model_42_ideal,day_model_42_ideal
Dangerous warning,2228,93.71613554757629,43.44741921005385,91.87517055655296,92.73004937163374,82.98836624775583,93.8070960502693
Regularoty,7545,95.14927766732937,41.577829025844935,89.07844135188866,93.6384983432737,84.50627435387672,94.43281776010602
