images,Original_model_42_ideal,fog_model_42_ideal,night_model_42_ideal,rain_model_42_ideal,snow_model_42_ideal,day_model_42_ideal
9773,94.15697840990484,44.17310856441216,89.71701626931343,92.83736007367237,83.63936866878136,93.79990279341041
