category,images,Original_model_42_ideal,fog_model_42_ideal,night_model_42_ideal,rain_model_42_ideal,snow_model_42_ideal,day_model_42_ideal
Dangerous warning,2228,92.72820466786355,46.27403052064632,91.92107719928187,92.73016157989227,84.15789497307003,93.08813285457809
Regularoty,7545,94.57888800530152,43.55271703114646,89.06616832339299,92.86901524188205,83.4862504970179,94.01008482438702
