category,sub-category,images,Original_model_42,fog_model_42,night_model_42,rain_model_42,snow_model_42,day_model_42
Dangerous warning,Dangerous warning,2228,92.72820466786355,46.27403052064632,91.92107719928187,92.73016157989227,84.15789497307003,93.08813285457809
Regularoty,Priority ,1041,96.92623439000961,61.57671469740633,94.33263208453411,96.25211335254563,90.0104707012488,96.82952929875121
Regularoty,Prohibitory,3957,95.40007834217843,39.752693960070765,90.49804902704068,93.85894617134191,83.54843315643166,95.02221127116502
Regularoty,Mandatory,1203,95.75994181213632,44.306791354945965,91.43837073981712,94.09806317539486,86.20248545303407,95.67743142144639
Regularoty,Special regulations,1344,89.2858482142857,40.10521577380952,78.64793898809523,86.2339657738095,75.81854166666668,87.35395089285714
