epoch,validation_loss,validation_accuracy
0.0,0.3209342589521454,0.8000000000000002
0.0,0.8000000000000002,0.8000000000000002
