images,Original_model_42_idealnoise,fog_model_42_idealnoise,night_model_42_idealnoise,rain_model_42_idealnoise,snow_model_42_idealnoise,day_model_42_idealnoise
9773,93.46166581397728,79.10508953238514,91.17982400491148,92.70466386984549,89.54310037859408,93.0724997441932
