category,images,Original_model_42_idealnoise,fog_model_42_idealnoise,night_model_42_idealnoise,rain_model_42_idealnoise,snow_model_42_idealnoise,day_model_42_idealnoise
Dangerous warning,2228,91.8779712746858,76.3015484739677,89.9904129263914,90.48565529622982,87.43320466786355,91.47180879712748
Regularoty,7545,93.92932273028495,79.93296090125911,91.5310510271703,93.35992577866135,90.16614181577202,93.54517561298874
