category,sub-category,images,Original_model_42,fog_model_42,night_model_42,rain_model_42,snow_model_42,day_model_42
Dangerous warning,Dangerous warning,2228,91.8779712746858,76.3015484739677,89.9904129263914,90.48565529622982,87.43320466786355,91.47180879712748
Regularoty,Priority ,1041,96.92576368876081,90.48688760806915,94.62271853986552,97.02206532180597,95.19624399615755,97.02100864553314
Regularoty,Prohibitory,3957,93.45384382107656,76.59897902451354,91.96299216578215,92.72139752337627,88.42669193833711,93.15099570381602
Regularoty,Mandatory,1203,95.42639235245221,84.03893599334995,92.8520864505403,95.01250207813801,93.76653366583541,94.84655029093932
Regularoty,Special regulations,1344,91.66831101190476,77.8990625,86.68222470238094,90.92415178571427,88.1686681547619,90.8486532738095
