filter,ideal_42,noise_42
Original,94.42313823800264,92.45843036938503
fognight,41.02109894607593,67.02170571984037
fogsnow,32.73327023431904,68.92459838330093
fograin,44.5717896244756,75.13609229509875
rainnight,61.260516729765676,74.29674716054436
snownight,23.995363757290498,53.06403970121766
