filter,ideal_42
Original,94.42313823800264
fognight,41.02109894607593
fogsnow,32.73327023431904
fograin,44.5717896244756
rainnight,61.260516729765676
snownight,23.995363757290498
