filter,ideal_42,noise_42
Original,94.42313823800264,92.72416555817047
fognight,41.02109894607593,75.42258569528293
fogsnow,32.73327023431904,66.41696510795047
fograin,44.5717896244756,75.35065998158191
rainnight,61.260516729765676,75.5758231863297
snownight,23.995363757290498,52.71681060063441
