images,Original_model_52_norm,Original_model_49_norm,Original_model_42_norm,fog_model_52_norm,fog_model_49_norm,fog_model_42_norm,night_model_52_norm,night_model_49_norm,night_model_42_norm,rain_model_52_norm,rain_model_49_norm,rain_model_42_norm,snow_model_52_norm,snow_model_49_norm,snow_model_42_norm,day_model_52_norm,day_model_49_norm,day_model_42_norm
9773,94.3827647600532,94.43302977591321,94.44452061802927,52.020906579351276,54.08773252839456,54.220467614857256,92.13127187148264,91.49601964596337,91.8868054844981,88.79596643814591,89.25607285378082,88.22331218663665,69.79367645554078,69.80451550189296,70.46033254885911,94.4031576793206,94.51593471810091,94.41329786145502
