category,sub-category,images,Original_model_52,Original_model_49,Original_model_42,fog_model_52,fog_model_49,fog_model_42,night_model_52,night_model_49,night_model_42,rain_model_52,rain_model_49,rain_model_42,snow_model_52,snow_model_49,snow_model_42,day_model_52,day_model_49,day_model_42
Dangerous warning,Dangerous warning,2228,92.68526481149013,93.08784111310591,92.91004488330341,49.95488330341113,54.30863554757631,51.93074955116697,91.47245960502693,90.9319748653501,91.78790843806105,87.43344254937163,87.43412028725312,86.5803276481149,69.74798025134649,69.92754937163376,69.83795780969479,92.55010771992819,93.08834380610412,92.81941651705566
Regularoty,Priority ,1041,97.31182516810759,97.11721421709895,97.40740634005763,77.23002881844381,77.52057636887608,80.01890489913546,95.77218059558118,96.25115273775216,96.9277041306436,95.57982708933717,96.34822286263208,96.25436119116235,82.5168683957733,85.01460134486072,85.9757540826129,97.40757925072046,97.11881844380405,97.40848222862631
Regularoty,Prohibitory,3957,95.42617892342683,95.55155168056608,95.27449330300735,44.78102097548649,48.77465251453122,48.01615112458933,93.10131918119787,92.6461713419257,93.32845084660096,87.3910614101592,88.77933030073288,86.25388931008338,63.93536770280516,63.684586808188016,63.20554713166542,95.55274450341169,95.8056229466768,95.22327268132425
Regularoty,Mandatory,1203,96.09226101413134,95.67569409808814,95.59369908561928,55.696226101413124,54.36301745635911,52.03448046550291,94.59473815461347,92.68273482959272,91.10673316708231,91.93579384871154,91.93624272651707,91.27249376558603,77.14115544472153,77.30516209476306,76.64246882793016,96.09226101413134,95.59429758935994,95.7595344970906
Regularoty,Special regulations,1344,90.32589285714288,90.1785119047619,91.22114583333337,53.945922619047614,50.967886904761905,58.25732886904762,85.34229910714286,84.2994642857143,84.60005208333334,87.12610119047619,85.78777529761904,87.79555059523813,70.68599702380953,69.12405505952381,75.30049107142857,90.2514360119048,90.10410714285713,91.14587797619048
