category,images,Original_model_52_norm,Original_model_49_norm,Original_model_42_norm,fog_model_52_norm,fog_model_49_norm,fog_model_42_norm,night_model_52_norm,night_model_49_norm,night_model_42_norm,rain_model_52_norm,rain_model_49_norm,rain_model_42_norm,snow_model_52_norm,snow_model_49_norm,snow_model_42_norm,day_model_52_norm,day_model_49_norm,day_model_42_norm
Dangerous warning,2228,92.68526481149013,93.08784111310591,92.91004488330341,49.95488330341113,54.30863554757631,51.93074955116697,91.47245960502693,90.9319748653501,91.78790843806105,87.43344254937163,87.43412028725312,86.5803276481149,69.74798025134649,69.92754937163376,69.83795780969479,92.55010771992819,93.08834380610412,92.81941651705566
Regularoty,7545,94.88402783300198,94.83025712392312,94.89764347249834,52.63099271040424,54.022500994035795,54.89660967528165,92.32581577203445,91.66257919151758,91.91600927766733,89.19831278992709,89.79408614976806,88.70847713717693,69.80717031146455,69.76818422796553,70.64411663353216,94.95035387673958,94.9374950298211,94.88396288933069
