images,Original_model_42_ideal,fog_model_42_ideal,night_model_42_ideal,rain_model_42_ideal,snow_model_42_ideal,day_model_42_ideal
9773,94.48497902384119,44.367150312084306,90.05455950066509,92.79611173641662,83.72041543026705,93.95328046659164
