category,images,Original_model_42_ideal,fog_model_42_ideal,night_model_42_ideal,rain_model_42_ideal,snow_model_42_ideal,day_model_42_ideal
Dangerous warning,2228,93.76260771992817,47.756054757630146,92.05558348294433,92.14505834829443,82.1814317773788,93.67253590664274
Regularoty,7545,94.69829158383035,43.36642412193506,89.4636673293572,92.9883644797879,84.17486944996686,94.0361829025845
