category,sub-category,images,Original_model_42,fog_model_42,night_model_42,rain_model_42,snow_model_42,day_model_42
Dangerous warning,Dangerous warning,2228,93.76260771992817,47.75605475763015,92.05558348294433,92.14505834829443,82.1814317773788,93.67253590664274
Regularoty,Priority ,1041,96.83163304514889,58.884409221902004,93.65988472622477,96.44627281460134,89.05195965417867,96.73675312199808
Regularoty,Prohibitory,3957,95.45128127369217,39.979583017437456,90.39803386403842,93.53003538033863,82.68770533232245,94.82024513520344
Regularoty,Mandatory,1203,95.5927098919368,42.89279301745636,90.27487946799666,94.26382377389857,88.36295926849544,94.84464671654196
Regularoty,Special regulations,1344,90.02837053571427,41.74238095238096,82.73640625,87.57359375,81.02709077380953,88.91236607142856
