images,Original_model_52_homo,Original_model_49_homo,Original_model_42_homo,fog_model_52_homo,fog_model_49_homo,fog_model_42_homo,night_model_52_homo,night_model_49_homo,night_model_42_homo,rain_model_52_homo,rain_model_49_homo,rain_model_42_homo,snow_model_52_homo,snow_model_49_homo,snow_model_42_homo,day_model_52_homo,day_model_49_homo,day_model_42_homo
9773,91.5994495037348,92.7766714417272,91.94733244653638,39.976856645861034,35.55770490125857,41.512032129335914,81.73494730379618,84.93839660288549,80.01567481837716,87.63922132405607,89.57388007776527,88.61102015757699,79.11662948940959,83.9865200040929,79.24895323851426,90.53485930625193,92.17263174050957,90.95450629284764
