category,sub-category,images,Original_model_52,Original_model_49,Original_model_42,fog_model_52,fog_model_49,fog_model_42,night_model_52,night_model_49,night_model_42,rain_model_52,rain_model_49,rain_model_42,snow_model_52,snow_model_49,snow_model_42,day_model_52,day_model_49,day_model_42
Dangerous warning,Dangerous warning,2228,90.70952872531417,91.2925224416517,90.8888644524237,41.78540394973069,38.55437612208259,49.236736983842,86.08748204667864,89.49854578096948,86.26587073608617,88.86881508078994,89.09377019748652,89.58699281867145,79.71287701974865,84.55947935368042,81.14872980251346,90.57639587073608,91.42863105924594,91.02445242369838
Regularoty,Priority ,1041,94.71608069164266,96.15938520653218,95.39004803073968,63.78554274735831,54.94931796349663,64.16649375600385,89.8162343900096,93.37017291066283,86.26365994236312,92.89111431316041,95.39061479346782,93.46536983669549,87.03159462055716,91.93006724303554,87.99308357348704,95.1970028818444,96.54132564841498,94.52283381364073
Regularoty,Prohibitory,3957,92.49582512004045,93.93646954763707,92.544420015163,33.1815643164013,29.922418498862775,34.34401314126862,83.52136214303766,88.37528430629263,81.75222137983319,87.97033864038413,90.32199393479907,88.70349507202427,77.48451099317663,84.05423553196866,77.17960576194085,91.35576194086431,93.27750063179175,91.61009350518069
Regularoty,Mandatory,1203,92.60135494596841,94.76246051537824,93.1842310889443,35.07850374064839,35.24565253532834,31.00419783873649,76.9739152119701,80.13376558603494,76.97442227763923,88.94489609310057,91.10450540315878,88.9429093931837,79.71684123025769,84.62076475477971,79.13419783873648,91.85349127182045,94.0977722360765,92.35184538653368
Regularoty,Special regulations,1344,87.12480654761904,87.42477678571429,88.17034970238096,42.928794642857135,32.44087053571428,41.668906250000006,67.2621875,65.02970238095239,62.42454613095239,79.38943452380953,82.29176339285715,82.66382440476188,76.26567708333332,76.11692708333334,75.5221056547619,83.2577306547619,85.04607886904762,84.89377232142856
