category,images,Original_model_52_homo,Original_model_49_homo,Original_model_42_homo,fog_model_52_homo,fog_model_49_homo,fog_model_42_homo,night_model_52_homo,night_model_49_homo,night_model_42_homo,rain_model_52_homo,rain_model_49_homo,rain_model_42_homo,snow_model_52_homo,snow_model_49_homo,snow_model_42_homo,day_model_52_homo,day_model_49_homo,day_model_42_homo
Dangerous warning,2228,90.70952872531417,91.2925224416517,90.8888644524237,41.78540394973069,38.55437612208259,49.236736983842,86.08748204667864,89.49854578096948,86.26587073608617,88.86881508078994,89.09377019748652,89.58699281867145,79.71287701974865,84.55947935368042,81.14872980251346,90.57639587073608,91.42863105924594,91.02445242369838
Regularoty,7545,91.86223856858848,93.21493306825711,92.25989264413519,39.44280185553345,34.67280318091451,39.23096620278329,80.44966600397616,83.59180781974817,78.17002385685885,87.27612856196156,89.71565407554671,88.32282041086812,78.9405606361829,83.81732803180913,78.68795891318754,90.52259377070911,92.39233134526177,90.93385155732273
