images,Original_model_52_norm,Original_model_49_norm,Original_model_42_norm,fog_model_52_norm,fog_model_49_norm,fog_model_42_norm,night_model_52_norm,night_model_49_norm,night_model_42_norm,rain_model_52_norm,rain_model_49_norm,rain_model_42_norm,snow_model_52_norm,snow_model_49_norm,snow_model_42_norm,day_model_52_norm,day_model_49_norm,day_model_42_norm
9773,94.2907571881715,93.88033459531361,95.07930829837305,52.02069784099048,54.456490330502405,52.12322009618337,91.2520300828814,91.47587741737439,91.62982707459328,88.01759336948737,87.63944745728027,88.72362529417785,70.38789419830145,66.15250486032947,70.33692929499642,94.26981479586615,93.81839762611276,95.01745318735291
