category,images,Original_model_52_norm,Original_model_49_norm,Original_model_42_norm,fog_model_52_norm,fog_model_49_norm,fog_model_42_norm,night_model_52_norm,night_model_49_norm,night_model_42_norm,rain_model_52_norm,rain_model_49_norm,rain_model_42_norm,snow_model_52_norm,snow_model_49_norm,snow_model_42_norm,day_model_52_norm,day_model_49_norm,day_model_42_norm
Dangerous warning,2228,93.35857719928185,91.8301750448833,93.40373877917415,51.12162028725314,54.80265260323159,51.974874326750445,91.29396319569119,90.25939856373428,92.32479802513465,87.38772890484739,85.95222172351885,87.70217684021544,70.46690754039496,65.84346947935367,71.45446588868941,93.26791292639138,92.01134649910233,93.2674147217235
Regularoty,7545,94.5660251822399,94.48573624917164,95.57409542743537,52.286190854870775,54.354270377733606,52.16702584493043,91.23964744864149,91.83509741550692,91.42460569913851,88.20358913187543,88.13767660702453,89.02525381047052,70.36456196156395,66.24376143141153,70.0069264413519,94.56567130550033,94.35201060304837,95.5342306163022
