category,sub-category,images,Original_model_52,Original_model_49,Original_model_42,fog_model_52,fog_model_49,fog_model_42,night_model_52,night_model_49,night_model_42,rain_model_52,rain_model_49,rain_model_42,snow_model_52,snow_model_49,snow_model_42,day_model_52,day_model_49,day_model_42
Dangerous warning,Dangerous warning,2228,93.35857719928185,91.8301750448833,93.40373877917415,51.12162028725314,54.80265260323159,51.974874326750445,91.29396319569119,90.25939856373428,92.32479802513465,87.38772890484739,85.95222172351885,87.70217684021544,70.46690754039496,65.84346947935367,71.45446588868941,93.26791292639138,92.01134649910233,93.26741472172351
Regularoty,Priority ,1041,97.40740634005763,97.30786743515849,97.59815561959655,74.06253602305476,73.39147934678195,78.67278578290107,94.62278578290106,95.86908741594621,96.06365994236312,95.67713736791546,94.42924111431317,96.05849183477426,84.53594620557156,81.55684918347742,84.15299711815561,97.11771373679154,97.01951008645534,97.69431316042268
Regularoty,Prohibitory,3957,95.17348243618903,95.52744503411675,95.57856962345208,44.12396512509478,47.71201667930251,43.94817285822594,92.54476876421532,93.48002021733633,92.06384887541067,85.72053575941369,86.40375789739703,86.0745135203437,64.0632827899924,59.845026535254,64.23971695729087,95.19797573919637,95.34841293909527,95.4522820318423
Regularoty,Mandatory,1203,96.75868661679135,95.59353283458023,96.50952618453866,56.609276807980045,60.10213632585203,54.1150872817955,93.51547797173731,93.2655860349127,93.43328345802162,93.01561097256858,91.51862011637573,92.9355029093932,78.55368246051539,72.40384039900249,77.3921612635079,96.6749459684123,95.51018287614296,96.5920532003325
Regularoty,Special regulations,1344,88.61412202380953,88.24127232142855,93.15588541666668,55.580892857142864,54.020178571428566,54.09112351190477,82.73962053571428,82.58716517857142,84.15140625000002,85.41833333333334,85.34327380952381,88.76517113095241,70.61027529761907,67.70826636904762,69.4193898809524,88.83936011904761,88.3156175595238,93.1555580357143
