images,Original_model_42_noiselevelfog,fog1_model_42_noiselevelfog,fog2_model_42_noiselevelfog,fog3_model_42_noiselevelfog,fog4_model_42_noiselevelfog,fog5_model_42_noiselevelfog,fog6_model_42_noiselevelfog,fog7_model_42_noiselevelfog,fog8_model_42_noiselevelfog,fog9_model_42_noiselevelfog,fog10_model_42_noiselevelfog
9773,93.06266653023637,92.76550905556124,92.92914458201165,92.64215798628874,92.3774685357618,92.08029673590505,91.61977591323034,90.95496367543234,90.40206794228997,88.63136600839047,86.93342167195333
