category,sub-category,images,Original_model_42,fog1_model_42,fog2_model_42,fog3_model_42,fog4_model_42,fog5_model_42,fog6_model_42,fog7_model_42,fog8_model_42,fog9_model_42,fog10_model_42
Dangerous warning,Dangerous warning,2228,90.34992818671455,90.17069569120288,90.48329443447038,90.07956912028726,89.31767504488329,88.95871633752243,88.73424596050269,87.34233842010772,87.2079263913824,85.00810592459607,82.44929533213642
Regularoty,Priority ,1041,96.83020172910663,96.83020172910663,97.02158501440923,97.02253602305476,96.54073967339097,96.5400864553314,95.96684918347744,96.54292026897214,95.8693659942363,95.29040345821325,94.52426512968299
Regularoty,Prohibitory,3957,93.35403335860501,92.89888046499875,92.99980793530452,92.7456633813495,92.72237806419005,92.5195729087693,91.8876118271418,91.20526914329038,90.67469547637097,88.4756406368461,86.80971948445793
Regularoty,Mandatory,1203,95.26127182044887,94.92839567747298,94.92945137157105,94.43070656691602,94.5973732335827,94.18142975893598,93.931604322527,93.18379883624273,92.68558603491272,91.60543640897754,90.10784704904405
Regularoty,Special regulations,1344,91.8157291666667,91.59005952380956,91.8154092261905,91.59177083333336,91.22263392857145,90.62669642857144,90.17833333333334,89.88362351190479,88.61578125,87.27642857142858,86.0102232142857
