category,images,Original_model_42_noiselevelfog,fog1_model_42_noiselevelfog,fog2_model_42_noiselevelfog,fog3_model_42_noiselevelfog,fog4_model_42_noiselevelfog,fog5_model_42_noiselevelfog,fog6_model_42_noiselevelfog,fog7_model_42_noiselevelfog,fog8_model_42_noiselevelfog,fog9_model_42_noiselevelfog,fog10_model_42_noiselevelfog
Dangerous warning,2228,90.34992818671455,90.17069569120288,90.48329443447038,90.07956912028726,89.31767504488329,88.95871633752243,88.73424596050269,87.34233842010772,87.2079263913824,85.00810592459607,82.44929533213642
Regularoty,7545,93.86372432074222,93.53174420145793,93.65139165009938,93.39887740225315,93.28100994035786,93.00208349900598,92.47185818422797,92.02175347912525,91.34528164347249,89.70129622266401,88.25756129887343
