images,Original_model_42_noise,fognight_model_42_noise,fogsnow_model_42_noise,fograin_model_42_noise,rainnight_model_42_noise,snownight_model_42_noise
9773,92.67368361813156,77.24293563900542,67.58404788703571,77.05938811009923,75.55562468024148,45.46195231760974
