category,images,Original_model_42_noise,fognight_model_42_noise,fogsnow_model_42_noise,fograin_model_42_noise,rainnight_model_42_noise,snownight_model_42_noise
Dangerous warning,2228,89.67834380610414,70.73535008976661,62.431624775583494,70.82345601436265,73.20394524236984,49.90972172351885
Regularoty,7545,93.46559045725648,63.0348031809145,67.01123790589793,75.1617773359841,73.57136249171637,50.90832869449967
