category,sub-category,images,Original_model_42,fognight_model_42,fogsnow_model_42,fograin_model_42,rainnight_model_42,snownight_model_42
Dangerous warning,Dangerous warning,2228,90.03550269299821,74.32678635547578,60.0995197486535,72.30761220825855,72.53122531418313,42.234851885098735
Regularoty,Priority ,1041,96.06057636887608,89.72120076849184,82.03374639769453,89.14193083573487,84.05702209414025,57.060441882804994
Regularoty,Prohibitory,3957,93.53099317664896,76.47170583775589,64.72059388425576,74.47628506444272,73.74300480161739,42.35493050290625
Regularoty,Mandatory,1203,94.76303408146303,80.46482128013301,74.56497090606817,82.46197838736492,80.71437240232753,50.62450540315877
Regularoty,Special regulations,1344,90.02952380952381,71.79883928571428,70.98139136904761,78.34737351190475,74.70366815476191,46.35472470238094
