images,Original_model_52_dehaze,Original_model_49_dehaze,Original_model_42_dehaze,fog_model_52_dehaze,fog_model_49_dehaze,fog_model_42_dehaze,night_model_52_dehaze,night_model_49_dehaze,night_model_42_dehaze,rain_model_52_dehaze,rain_model_49_dehaze,rain_model_42_dehaze,snow_model_52_dehaze,snow_model_49_dehaze,snow_model_42_dehaze,day_model_52_dehaze,day_model_49_dehaze,day_model_42_dehaze
9773,94.61011664790752,94.99740611889901,94.51053412462907,26.57094239230533,29.776991711859207,26.739616289777953,68.72267880896347,70.75165865138646,69.02494730379617,57.736471912411744,59.39466898598178,56.953611992223486,58.18209863910775,59.542242914151224,57.444851120433846,61.84617108359767,62.607027524813255,60.36007060268086
