category,images,Original_model_52_dehaze,Original_model_49_dehaze,Original_model_42_dehaze,fog_model_52_dehaze,fog_model_49_dehaze,fog_model_42_dehaze,night_model_52_dehaze,night_model_49_dehaze,night_model_42_dehaze,rain_model_52_dehaze,rain_model_49_dehaze,rain_model_42_dehaze,snow_model_52_dehaze,snow_model_49_dehaze,snow_model_42_dehaze,day_model_52_dehaze,day_model_49_dehaze,day_model_42_dehaze
Dangerous warning,2228,92.13778276481149,94.00125673249549,93.19681328545781,28.897800718132853,29.340897666068216,25.91818671454219,67.23416517055657,69.07150359066428,68.50862657091561,57.06754937163375,59.536526032315976,56.74729353680432,58.19771543985638,57.55758527827647,59.02269299820466,64.38032764811491,63.95786804308797,64.95887342908436
Regularoty,7545,95.34018422796555,95.29156394963552,94.89846918489066,25.883833001988073,29.905768058316767,26.982180251822392,69.16222929092113,71.24779986746188,69.1774141815772,57.93400132538105,59.35277932405566,57.01453677932407,58.17748707753479,60.12830218687871,56.97892246520875,61.097847581179586,62.20813121272365,59.002067594433406
