images,Original_model_42_noiselevelfog,fog1_model_42_noiselevelfog,fog2_model_42_noiselevelfog,fog3_model_42_noiselevelfog,fog4_model_42_noiselevelfog,fog5_model_42_noiselevelfog,fog6_model_42_noiselevelfog,fog7_model_42_noiselevelfog,fog8_model_42_noiselevelfog,fog9_model_42_noiselevelfog,fog10_model_42_noiselevelfog
9773,93.34865445615473,93.33846208943007,93.24671032436305,93.11361506190526,92.6433879054538,92.4997339609127,92.25431904225927,91.25180087997546,90.40179269415738,89.38876803438043,87.22983526041132
