category,images,Original_model_42_noiselevelfog,fog1_model_42_noiselevelfog,fog2_model_42_noiselevelfog,fog3_model_42_noiselevelfog,fog4_model_42_noiselevelfog,fog5_model_42_noiselevelfog,fog6_model_42_noiselevelfog,fog7_model_42_noiselevelfog,fog8_model_42_noiselevelfog,fog9_model_42_noiselevelfog,fog10_model_42_noiselevelfog
Dangerous warning,2228,90.57375673249551,90.57505385996409,90.35093357271094,90.07961849192101,89.90177289048475,89.18241472172352,89.31770646319569,88.46570017953323,86.84811490125674,86.75882854578096,83.79745511669658
Regularoty,7545,94.16806759443341,94.15448243870114,94.10181842279655,94.00953876739564,93.45297282968853,93.47932140490393,93.12148575215373,92.07452220013256,91.45117561298875,90.16537574552684,88.24339960238568
