category,sub-category,images,Original_model_42,fog1_model_42,fog2_model_42,fog3_model_42,fog4_model_42,fog5_model_42,fog6_model_42,fog7_model_42,fog8_model_42,fog9_model_42,fog10_model_42
Dangerous warning,Dangerous warning,2228,90.57375673249551,90.57505385996409,90.35093357271094,90.07961849192101,89.90177289048475,89.18241472172352,89.31770646319569,88.46570017953323,86.84811490125674,86.75882854578096,83.79745511669658
Regularoty,Priority ,1041,96.53992315081652,96.63647454370799,96.63700288184438,96.15849183477427,95.87027857829011,96.06219020172911,95.96588856868395,95.10292987512007,94.81186359269934,94.62146974063398,92.69721421709893
Regularoty,Prohibitory,3957,94.2640990649482,94.16166034874907,93.93491533990395,94.0870609047258,93.25368713671973,93.37921657821582,92.67099823098303,91.50862269396009,90.82651756381098,89.3854915339904,87.08631539044731
Regularoty,Mandatory,1203,95.09460515378223,95.34535328345802,95.34465502909394,95.346251039069,95.17778054862845,94.76381546134664,94.93015793848714,94.43140482128015,93.26660016625105,92.18557772236076,90.44007481296758
Regularoty,Special regulations,1344,91.21886904761904,91.14497767857142,91.51712797619047,90.92034226190476,90.6235193452381,90.6237425595238,90.62574404761905,89.28535714285715,89.06229166666667,87.20176339285715,86.23414434523808
