images,Original_model_42_noiselevelfog,fog1_model_42_noiselevelfog,fog2_model_42_noiselevelfog,fog3_model_42_noiselevelfog,fog4_model_42_noiselevelfog,fog5_model_42_noiselevelfog,fog6_model_42_noiselevelfog,fog7_model_42_noiselevelfog,fog8_model_42_noiselevelfog,fog9_model_42_noiselevelfog,fog10_model_42_noiselevelfog
9773,93.01166786043179,90.13586104573828,89.05150516729766,87.6290248644224,84.4058702547836,80.33481530747977,74.33771001739485,65.03637982195846,48.80789931443773,26.686550700910665,4.430943415532589
