images,Original_model_42_noiselevelfog,fog1_model_42_noiselevelfog,fog2_model_42_noiselevelfog,fog3_model_42_noiselevelfog,fog4_model_42_noiselevelfog,fog5_model_42_noiselevelfog,fog6_model_42_noiselevelfog,fog7_model_42_noiselevelfog,fog8_model_42_noiselevelfog,fog9_model_42_noiselevelfog,fog10_model_42_noiselevelfog
9773,93.13372454722193,93.25667144172719,93.09305331014016,93.13481121457076,92.91941778368975,92.52030696817762,91.92704184999488,91.60968893891334,90.34089020771513,89.39980558682082,87.905274736519
