category,sub-category,images,Original_model_42,fog1_model_42,fog2_model_42,fog3_model_42,fog4_model_42,fog5_model_42,fog6_model_42,fog7_model_42,fog8_model_42,fog9_model_42,fog10_model_42
Dangerous warning,Dangerous warning,2228,90.12662028725313,90.35129263913824,90.26049820466785,90.26096499102333,90.21436265709156,89.49690305206461,89.2278500897666,89.09315080789946,87.47782764811488,86.35523788150807,84.9649775583483
Regularoty,Priority ,1041,96.06067243035542,96.06031700288186,96.15714697406341,95.96563880883767,95.87123919308357,95.67723342939482,95.87007684918348,95.48676272814602,94.90824207492795,95.19664745437079,94.90863592699327
Regularoty,Prohibitory,3957,93.90861763962597,93.95898155168054,93.70649987364162,93.73398786959817,93.65727571392469,93.27796057619408,92.5702880970432,92.01387414708111,90.80134950720243,89.23446803133686,87.56583017437454
Regularoty,Mandatory,1203,95.51042394014961,95.6778387364921,95.84381546134665,96.17724023275144,95.34487115544471,95.26148794679969,94.92864505403156,94.76218620116373,93.93349127182047,93.43386533665836,91.852859517872
Regularoty,Special regulations,1344,91.44284226190477,91.6665550595238,91.1470982142857,91.21892857142856,90.77395089285713,90.40282738095239,88.76695684523813,88.76668154761906,86.97805803571428,86.83287946428572,84.82098958333334
