category,images,Original_model_42_noiselevelfog,fog1_model_42_noiselevelfog,fog2_model_42_noiselevelfog,fog3_model_42_noiselevelfog,fog4_model_42_noiselevelfog,fog5_model_42_noiselevelfog,fog6_model_42_noiselevelfog,fog7_model_42_noiselevelfog,fog8_model_42_noiselevelfog,fog9_model_42_noiselevelfog,fog10_model_42_noiselevelfog
Dangerous warning,2228,90.12662028725313,90.35129263913824,90.26049820466785,90.26096499102333,90.21436265709156,89.49690305206461,89.2278500897666,89.09315080789946,87.47782764811488,86.35523788150807,84.9649775583483
Regularoty,7545,94.0217070907886,94.11461497680581,93.92949237905897,93.98344333996023,93.71820675944332,93.41310271703114,92.72409940357852,92.35280980781974,91.18633797216701,90.2988508946322,88.7735294897283
