images,Original_model_42_ideal,fog_model_42_ideal,night_model_42_ideal,rain_model_42_ideal,snow_model_42_ideal,day_model_42_ideal
9773,94.61794638289163,42.68831167502303,89.54238411951295,93.20539036119919,84.97817046966132,94.29054538012892
