category,images,Original_model_42_ideal,fog_model_42_ideal,night_model_42_ideal,rain_model_42_ideal,snow_model_42_ideal,day_model_42_ideal
Dangerous warning,2228,93.17851436265707,42.36880610412926,92.41481597845602,93.17751346499101,85.95068222621182,93.67170107719929
Regularoty,7545,95.04300331345262,42.78266003976144,88.69416964877401,93.21362226640157,84.69099271040425,94.47328694499669
