category,sub-category,images,Original_model_42,fog_model_42,night_model_42,rain_model_42,snow_model_42,day_model_42
Dangerous warning,Dangerous warning,2228,93.17851436265707,42.36880610412926,92.41481597845602,93.17751346499101,85.95068222621182,93.67170107719929
Regularoty,Priority ,1041,97.5974831892411,61.95921229586936,94.812353506244,97.116176753122,92.50509125840537,97.40437079731028
Regularoty,Prohibitory,3957,95.60300480161739,36.694028304270915,89.43650745514277,93.68063937326257,83.31967146828406,95.04682335102352
Regularoty,Mandatory,1203,95.42821280133,44.3057689110557,90.10789692435579,94.43155444721529,87.44950955943476,95.09506234413963
Regularoty,Special regulations,1344,91.07087053571428,44.49220238095239,80.50430803571429,87.72573660714284,80.20687500000001,89.95785714285712
