images,Original_model_52_norm,Original_model_49_norm,Original_model_42_norm,fog_model_52_norm,fog_model_49_norm,fog_model_42_norm,night_model_52_norm,night_model_49_norm,night_model_42_norm,rain_model_52_norm,rain_model_49_norm,rain_model_42_norm,snow_model_52_norm,snow_model_49_norm,snow_model_42_norm,day_model_52_norm,day_model_49_norm,day_model_42_norm
9773,94.47481326102528,94.68987516627446,94.52597564719125,32.35463726593676,33.03095876394147,31.648597155428227,91.66002353422694,92.45791670930114,91.9467236263174,88.43802619461782,88.74405197994474,88.71382993962959,87.17857157474674,86.87209045328969,86.09443364371226,94.41304307786761,94.74166888365909,94.58762406630512
