images,Original_model_52_norm,Original_model_49_norm,Original_model_42_norm,fog_model_52_norm,fog_model_49_norm,fog_model_42_norm,night_model_52_norm,night_model_49_norm,night_model_42_norm,rain_model_52_norm,rain_model_49_norm,rain_model_42_norm,snow_model_52_norm,snow_model_49_norm,snow_model_42_norm,day_model_52_norm,day_model_49_norm,day_model_42_norm
9773,94.45452061802926,94.61794842934616,94.80170469661311,50.2094167604625,54.49670623145402,50.364343599713514,92.06042770899417,92.46977284354855,92.28406937480814,88.39676762508955,88.5506753299908,87.76207408165355,86.09429346157782,87.10673488181726,86.49322521231964,94.33242709505782,94.62781745625702,94.74001534840887
