category,images,Original_model_52_norm,Original_model_49_norm,Original_model_42_norm,fog_model_52_norm,fog_model_49_norm,fog_model_42_norm,night_model_52_norm,night_model_49_norm,night_model_42_norm,rain_model_52_norm,rain_model_49_norm,rain_model_42_norm,snow_model_52_norm,snow_model_49_norm,snow_model_42_norm,day_model_52_norm,day_model_49_norm,day_model_42_norm
Dangerous warning,2228,93.08882405745061,92.81926840215439,92.6390619389587,48.563693895870735,53.23048922800718,47.93601436265709,92.1907405745063,92.73050718132853,91.06719030520647,87.25398114901259,87.38773339317775,86.04231597845603,84.69317324955117,87.02895421903052,85.99658438061041,92.90912477558346,92.68304308797127,92.41356373429083
Regularoty,7545,94.85780384360505,95.14908946322068,95.44032206759444,50.69539032471836,54.87061365142479,51.08141683233931,92.0219469847581,92.39277932405568,92.64340755467197,88.73422664015905,88.89408614976807,88.26990987408881,86.5080371106693,87.12970311464548,86.63988071570576,94.75272100728961,95.20209940357852,95.42700463883365
