category,sub-category,images,Original_model_52,Original_model_49,Original_model_42,fog_model_52,fog_model_49,fog_model_42,night_model_52,night_model_49,night_model_42,rain_model_52,rain_model_49,rain_model_42,snow_model_52,snow_model_49,snow_model_42,day_model_52,day_model_49,day_model_42
Dangerous warning,Dangerous warning,2228,93.08882405745061,92.81926840215439,92.6390619389587,48.563693895870735,53.23048922800718,47.93601436265709,92.1907405745063,92.73050718132853,91.06719030520647,87.25398114901259,87.38773339317775,86.04231597845603,84.69317324955117,87.02895421903052,85.99658438061041,92.90912477558348,92.68304308797127,92.41356373429083
Regularoty,Priority ,1041,97.88677233429395,97.11674351585015,97.3065898174832,73.10291066282421,77.70995196926032,77.52457252641692,96.54525456292026,96.54289145052834,97.02158501440923,95.68015369836696,94.90987512007685,95.10141210374641,94.2379538904899,93.27296829971182,93.17991354466858,97.88677233429395,97.2135734870317,97.21189241114314
Regularoty,Prohibitory,3957,96.53908769269651,95.67781905483953,95.30019964619662,43.87124589335354,46.82835986858732,41.09315643164014,94.56697498104623,93.17693707354056,92.36760677280768,88.22343947434928,86.73277230224919,85.11406873894367,85.14052817791257,84.98775082132931,83.04194844579227,96.38773818549407,95.6271215567349,95.27517563810967
Regularoty,Mandatory,1203,96.50788029925188,96.01076475477969,96.92358270989195,52.119185369908564,61.76359102244389,56.60969243557772,93.0995843724023,94.01465502909393,94.5963175394846,91.68594347464672,92.52004987531173,91.35413965087281,90.77241064006651,90.77310058187862,91.35550290939317,96.50859517871989,96.09450540315876,96.92172069825436
Regularoty,Special regulations,1344,86.08470982142856,91.29707589285714,93.07969494047619,52.156763392857144,54.68846726190477,55.058876488095244,80.06075892857142,85.41785714285714,88.31625744047619,82.21604166666667,87.35230654761904,89.50930059523809,80.73002232142858,85.41657738095239,87.94639136904762,85.93975446428573,91.59397321428571,93.15362351190478
