category,images,Original_model_52_norm,Original_model_49_norm,Original_model_42_norm,fog_model_52_norm,fog_model_49_norm,fog_model_42_norm,night_model_52_norm,night_model_49_norm,night_model_42_norm,rain_model_52_norm,rain_model_49_norm,rain_model_42_norm,snow_model_52_norm,snow_model_49_norm,snow_model_42_norm,day_model_52_norm,day_model_49_norm,day_model_42_norm
Dangerous warning,2228,92.72987881508078,92.6393447037702,92.95366696588867,32.898271992818664,32.497679533213635,35.4582854578097,91.83168761220826,91.02153500897666,91.11432226211849,86.53574057450628,87.11704219030521,87.25324955116697,85.81473967684023,85.23281418312388,85.36651256732495,92.63996409335725,92.77589766606825,92.95377468581687
Regularoty,7545,94.99008349900595,95.29538634857524,94.9902703777336,32.19410470510272,33.18843339960239,30.523615639496366,91.60933200795228,92.88207289595759,92.19252750165673,88.99976143141153,89.22449966865473,89.14513187541418,87.58130417495028,87.35616037110671,86.30938502319417,94.93662425447317,95.32215109343937,95.07009145129224
