category,sub-category,images,Original_model_52,Original_model_49,Original_model_42,fog_model_52,fog_model_49,fog_model_42,night_model_52,night_model_49,night_model_42,rain_model_52,rain_model_49,rain_model_42,snow_model_52,snow_model_49,snow_model_42,day_model_52,day_model_49,day_model_42
Dangerous warning,Dangerous warning,2228,92.72987881508078,92.6393447037702,92.95366696588869,32.898271992818664,32.497679533213635,35.4582854578097,91.83168761220826,91.02153500897666,91.11432226211849,86.53574057450628,87.11704219030521,87.25324955116697,85.81473967684023,85.23281418312388,85.36651256732495,92.63996409335725,92.77589766606825,92.95377468581687
Regularoty,Priority ,1041,96.7321037463977,97.12029779058598,97.40586935638808,51.77975984630163,52.548280499519684,48.801681075888574,94.32997118155619,95.38685878962536,95.96279538904899,95.10081652257445,95.29242074927953,96.5452353506244,94.04417867435158,91.643823246878,93.37437079731028,96.73564841498559,97.21605187319885,97.69697406340059
Regularoty,Prohibitory,3957,95.98267374273439,95.57806671721004,95.83092747030578,25.928728834975995,26.71292645943898,26.3830553449583,93.04907505686126,93.45424564063684,93.80740712661108,87.61722517058378,86.73236290118777,87.66653272681324,85.62015163002275,85.34344958301745,84.83677280768258,95.82933535506697,95.57890068233512,95.90690927470304
Regularoty,Mandatory,1203,96.0108229426434,96.25985037406483,95.8417705735661,30.758279301745635,33.001213632585205,28.759825436408974,93.34913549459684,92.93325852036574,92.85155444721528,91.93741479634247,93.34881961762261,91.52044056525354,90.94014962593513,91.60444721529512,89.11179551122196,96.00960099750624,96.42566916043226,95.92657522859517
Regularoty,Special regulations,1344,89.8047619047619,92.1863467261905,89.88203125000001,36.75565476190476,37.4259375,30.135647321428582,83.70588541666667,89.21157738095238,83.92784226190476,85.71516369047619,88.17027529761904,85.64052827380951,85.34301339285713,86.15835565476192,82.66442708333334,89.95445684523811,92.11155505952382,89.80504464285714
