images,Original_model_52_homo,Original_model_49_homo,Original_model_42_homo,fog_model_52_homo,fog_model_49_homo,fog_model_42_homo,night_model_52_homo,night_model_49_homo,night_model_42_homo,rain_model_52_homo,rain_model_49_homo,rain_model_42_homo,snow_model_52_homo,snow_model_49_homo,snow_model_42_homo,day_model_52_homo,day_model_49_homo,day_model_42_homo
9773,91.63071011971759,92.89905249155838,91.11963880077766,40.96961015041441,37.306337869640856,40.263285582727924,79.96543231351684,82.77949043282513,83.73052593881101,88.97089123094237,89.36835772024966,87.72194106210989,78.82897677274121,83.39233398137726,77.88829632661415,90.8317599508851,91.39548859101608,90.32104471503122
