category,sub-category,images,Original_model_52,Original_model_49,Original_model_42,fog_model_52,fog_model_49,fog_model_42,night_model_52,night_model_49,night_model_42,rain_model_52,rain_model_49,rain_model_42,snow_model_52,snow_model_49,snow_model_42,day_model_52,day_model_49,day_model_42
Dangerous warning,Dangerous warning,2228,91.0690305206463,90.97823608617593,91.56181777378816,44.92697935368043,37.073316876122085,47.980134649910234,85.86135098743267,86.22114452423698,89.99149012567325,89.85832585278276,89.40603680430878,89.99190754039498,80.29652603231598,84.47079892280074,80.9243536804309,90.97829892280072,91.1588644524237,91.65261669658888
Regularoty,Priority ,1041,93.75726224783861,97.02151777137368,94.33390009606147,59.943189241114304,60.806042267050906,63.78364073006727,83.57122958693564,92.31780019212297,90.10616714697407,93.75569644572525,96.63482228626322,92.79582132564842,87.41320845341019,93.17637848222863,86.26465898174833,93.56349663784822,96.82973102785783,94.81283381364072
Regularoty,Prohibitory,3957,91.98956532726814,93.70920899671468,92.89987364164772,35.90992923932272,32.574811726055096,33.10493555724034,82.68998989133182,84.33203184230477,87.9202653525398,89.41291382360374,90.19498862774829,88.55233762951731,77.3823047763457,82.05683598685873,75.91559009350519,91.88707354056103,92.24248925954004,92.04021733636594
Regularoty,Mandatory,1203,94.68137988362427,94.76298420615127,94.18280964256029,35.82897755610973,35.74467996674979,38.818362427265164,76.30894430590192,82.4606234413965,82.87438071487946,91.27107231920199,90.52344139650876,91.76960099750623,79.13350789692434,85.70033250207814,81.87821280133,93.8493266832918,93.60004987531171,93.68285120532003
Regularoty,Special regulations,1344,87.12753720238095,88.83654761904764,79.9138318452381,39.21129464285713,34.81921130952381,31.621919642857144,62.64991071428572,65.400625,56.84412202380952,80.43340029761904,80.20996279761906,73.96107142857143,73.73392113095237,75.89235863095237,68.6040699404762,82.6649181547619,83.11162202380955,76.56381696428572
