category,images,Original_model_52_homo,Original_model_49_homo,Original_model_42_homo,fog_model_52_homo,fog_model_49_homo,fog_model_42_homo,night_model_52_homo,night_model_49_homo,night_model_42_homo,rain_model_52_homo,rain_model_49_homo,rain_model_42_homo,snow_model_52_homo,snow_model_49_homo,snow_model_42_homo,day_model_52_homo,day_model_49_homo,day_model_42_homo
Dangerous warning,2228,91.0690305206463,90.97823608617593,91.56181777378816,44.92697935368043,37.073316876122085,47.980134649910234,85.86135098743267,86.22114452423698,89.99149012567325,89.85832585278276,89.40603680430878,89.99190754039498,80.29652603231598,84.47079892280074,80.9243536804309,90.97829892280072,91.1588644524237,91.65261669658888
Regularoty,7545,91.79657123923128,93.46625977468523,90.98906560636183,39.80101921802518,37.375147779986754,37.98453943008615,78.22439761431413,81.76318754141816,81.88169516235916,88.70883631544069,89.35723127899271,87.05163154406893,78.39561696487738,83.07386878727634,76.99176408217363,90.7884877402253,91.46536249171639,89.92783830351227
