images,Original_model_42_ideal,fog_model_42_ideal,night_model_42_ideal,rain_model_42_ideal,snow_model_42_ideal,day_model_42_ideal
9773,95.07829632661414,44.18295508032333,89.16363961935946,93.02163511715952,84.67215900951601,94.43314028445718
