category,sub-category,images,Original_model_42,fog_model_42,night_model_42,rain_model_42,snow_model_42,day_model_42
Dangerous warning,Dangerous warning,2228,93.89673249551166,44.9733303411131,92.23486086175942,92.45842459605025,85.1443357271095,93.98624775583482
Regularoty,Priority ,1041,97.02058597502402,66.95499519692602,93.36984630163305,96.54236311239193,92.41101825168109,97.02153698366955
Regularoty,Prohibitory,3957,96.10856709628504,38.99508971443012,90.14333333333332,94.06125094768765,83.49791761435432,95.55164771291382
Regularoty,Mandatory,1203,96.34131338320864,44.55405652535329,91.0211055694098,95.18110556940982,88.36166251039067,96.34231088944304
Regularoty,Special regulations,1344,91.36877976190476,40.1764806547619,76.26741815476188,86.23454613095237,78.05001488095238,88.16713541666668
