category,images,Original_model_42_ideal,fog_model_42_ideal,night_model_42_ideal,rain_model_42_ideal,snow_model_42_ideal,day_model_42_ideal
Dangerous warning,2228,93.89673249551166,44.9733303411131,92.23486086175942,92.45842459605025,85.1443357271095,93.98624775583482
Regularoty,7545,95.42720609675281,43.94956129887343,88.25672365805168,93.18794831013916,84.53272763419483,94.56510536779325
