images,Original_model_42_ideallevelfog,fog1_model_42_ideallevelfog,fog2_model_42_ideallevelfog,fog3_model_42_ideallevelfog,fog4_model_42_ideallevelfog,fog5_model_42_ideallevelfog,fog6_model_42_ideallevelfog,fog7_model_42_ideallevelfog,fog8_model_42_ideallevelfog,fog9_model_42_ideallevelfog,fog10_model_42_ideallevelfog
9773,94.42313823800264,94.28975749513967,94.15744807121665,93.60513148470274,92.88813670316178,92.04947917732527,90.29947815409801,87.72165660493194,84.11919165046558,79.63778982912108,71.98513250793002
