category,images,Original_model_42_ideallevelfog,fog1_model_42_ideallevelfog,fog2_model_42_ideallevelfog,fog3_model_42_ideallevelfog,fog4_model_42_ideallevelfog,fog5_model_42_ideallevelfog,fog6_model_42_ideallevelfog,fog7_model_42_ideallevelfog,fog8_model_42_ideallevelfog,fog9_model_42_ideallevelfog,fog10_model_42_ideallevelfog
Dangerous warning,2228,93.76170107719928,93.76112208258526,93.40320466786353,92.46063734290843,91.7418132854578,91.33863105924594,89.9008303411131,87.83702872531418,83.84087522441652,80.07170556552963,71.54428635547576
Regularoty,7545,94.61845725646121,94.44586083499006,94.38017229953614,93.94309476474486,93.22664015904573,92.2593889993373,90.41719681908548,87.68758780649436,84.2013770709079,79.50965672630885,72.11531212723659
