category,sub-category,images,Original_model_42,fog1_model_42,fog2_model_42,fog3_model_42,fog4_model_42,fog5_model_42,fog6_model_42,fog7_model_42,fog8_model_42,fog9_model_42,fog10_model_42
Dangerous warning,Dangerous warning,2228,93.76170107719928,93.76112208258526,93.40320466786353,92.46063734290843,91.7418132854578,91.33863105924594,89.9008303411131,87.83702872531418,83.84087522441652,80.07170556552963,71.54428635547576
Regularoty,Priority ,1041,97.02211335254563,97.02158501440923,97.21404418828051,97.1189433237272,97.40409221902017,96.73432276657061,95.77409221902016,95.09956772334294,93.08351585014408,90.68300672430357,87.60913544668588
Regularoty,Prohibitory,3957,95.70326257265604,95.62763204447813,95.47633308061666,94.71801111953498,93.9351983826131,92.79680566085419,90.74966135961586,87.4154536264847,83.67472580237555,77.91280768258784,69.72576952236543
Regularoty,Mandatory,1203,95.84288445552785,95.76029093931837,95.42746467165418,95.59334164588527,95.26019950124686,93.76535328345803,92.85047381546134,89.94232751454697,86.20133000831257,83.20762261014133,73.73305070656691
Regularoty,Special regulations,1344,88.46684523809523,87.79492559523811,88.0204538690476,87.72460565476192,86.08462797619048,85.86308035714286,83.11115327380953,80.72963541666667,77.08211309523809,72.24672619047618,65.70177827380952
