category,sub-category,images,Original_model_52,Original_model_49,Original_model_42,fog_model_52,fog_model_49,fog_model_42,night_model_52,night_model_49,night_model_42,rain_model_52,rain_model_49,rain_model_42,snow_model_52,snow_model_49,snow_model_42,day_model_52,day_model_49,day_model_42
Dangerous warning,Dangerous warning,2228,92.100763016158,90.70895870736085,91.83104129263914,43.85110861759426,52.287064631956916,38.86845152603232,90.84596947935367,89.18401705565529,91.1131014362657,82.0017684021544,82.94496409335727,81.68710053859964,73.87654398563733,73.87815080789947,71.67946140035907,92.100763016158,90.70895870736085,91.83104129263914
Regularoty,Priority ,1041,95.86919308357349,94.9059269932757,95.58093179634966,66.18471661863592,70.7959269932757,61.4798078770413,94.33303554274735,90.8730451488953,94.33290105667626,87.51200768491834,88.66261287223824,87.99302593659941,78.28827089337176,80.40122958693564,78.09835734870316,95.86919308357349,94.9059269932757,95.58093179634966
Regularoty,Prohibitory,3957,93.15184230477635,93.20203942380591,94.64226686884001,36.69454384634824,46.954933030073285,35.00175385392975,89.25987111448069,88.65393985342432,92.21607783674501,74.096408895628,77.81182714177405,76.01632044478139,62.19333586050036,64.34190295678547,63.10336871367196,93.15184230477635,93.20203942380591,94.64226686884001
Regularoty,Mandatory,2547,89.91009815469178,87.51434628975265,87.39698468786807,41.30380054966627,46.80017667844523,40.12588535531999,77.18986258343148,71.69266588142914,77.46244994110717,79.34914801727523,75.57903415783274,75.57856694149983,71.65300745975658,65.33248135060856,64.78242245779347,89.91009815469178,87.51434628975265,87.39698468786807
