filter,ideal_42,noise_42
Original,94.82255704491968,92.89940550496266
fognight,37.52215082369795,74.85023534226953
fogsnow,32.333938401719024,66.5924670009209
fograin,41.758576690883054,76.39397216821854
rainnight,62.18200040929089,75.86297145195945
snownight,23.995547938197074,49.10489409597872
