filter,ideal_42,noise_42
Original,94.82255704491968,92.39753402230636
fognight,37.52215082369795,63.358545994065274
fogsnow,32.333938401719024,62.74470377570859
fograin,41.758576690883054,71.26724342576486
rainnight,62.18200040929089,71.40060882021896
snownight,23.995547938197074,52.593337767318125
