category,images,Originalmodel_55_baseline,Originalmodel_45_baseline,Originalmodel_24_baseline,fogmodel_55_baseline,fogmodel_45_baseline,fogmodel_24_baseline,nightmodel_55_baseline,nightmodel_45_baseline,nightmodel_24_baseline,rainmodel_55_baseline,rainmodel_45_baseline,rainmodel_24_baseline,snowmodel_55_baseline,snowmodel_45_baseline,snowmodel_24_baseline,daymodel_55_baseline,daymodel_45_baseline,daymodel_24_baseline
Dangerous warning,4553,83.26264001757083,83.94449813309906,77.7080122995827,32.32886448495497,34.24191961344169,24.488846914122558,79.96889743026577,80.95614539863827,71.84372062376457,76.82727212826708,76.91640896112453,70.80907094223589,75.62034482758621,76.82874807819022,70.21677355589723,83.26388974302658,83.83499890182297,77.88128706347463
Regularoty,13188,84.89591674249318,87.35201622687292,83.02995753715498,28.161450561116162,30.686617379435845,23.68167424931756,69.19914391871399,78.16217394601152,72.9605618744313,77.75340915984229,79.28407946618137,73.36857521989688,76.82832575068242,78.87438883833788,73.05835608128601,84.78243403093722,87.24463906581741,82.93226645435244
