category,sub-category,images,Originalmodel_55,Originalmodel_45,Originalmodel_24,fogmodel_55,fogmodel_45,fogmodel_24,nightmodel_55,nightmodel_45,nightmodel_24,rainmodel_55,rainmodel_45,rainmodel_24,snowmodel_55,snowmodel_45,snowmodel_24,daymodel_55,daymodel_45,daymodel_24
Dangerous warning,Dangerous warning,4553,27.887467603777726,26.481080606193718,17.72583790907094,10.659934109378431,10.60662859652976,5.994878102350098,28.0098572369866,21.79332308368109,18.979696903140788,24.45621348561388,23.103637162310562,15.488794201625304,27.901194816604434,22.012844278497692,18.99631012519218,26.7618361519877,24.216090489786954,17.72583790907094
Regularoty,Priority ,1743,58.978600114744694,67.69104991394148,44.22541594951234,35.4051635111876,44.12030981067126,8.854388984509466,56.023006310958124,61.75811818703385,26.55697074010327,58.978600114744694,67.69104991394148,44.22541594951234,58.978600114744694,64.74165232358004,44.22541594951234,58.978600114744694,67.69104991394148,44.22541594951234
Regularoty,Prohibitory,8406,27.585231977159175,27.241094456340708,12.949431358553415,12.689306447775397,12.934902450630503,2.4266892695693554,23.801917677849154,19.674765643587914,6.125585296216988,25.279935760171306,23.620343802046158,9.912562455389008,22.163932905067806,27.241525101118246,11.730873185819652,27.585231977159175,27.24778610516298,12.33832619557459
Regularoty,Mandatory,1693,28.51447135262847,15.1801535735381,8.948611931482574,0.0,2.9828706438275248,17.89722386296515,21.89899586532782,20.880094506792677,20.880094506792677,19.373892498523333,21.14589486119315,17.89722386296515,22.54873006497342,18.163024217365624,14.914353219137624,28.51447135262847,15.1801535735381,8.948611931482574
Regularoty,Special regulations,1346,45.209621099554234,47.919762258543834,39.931537890044574,3.9917161961367014,11.979940564635958,27.95159732540861,7.988224368499257,31.948105497771177,35.939821693907874,32.800891530460625,43.92804606240714,39.931537890044574,36.79260772659732,47.919762258543834,39.931537890044574,45.209621099554234,47.919762258543834,39.931537890044574
