category,sub-category,images,Originalmodel55,Originalmodel45,Originalmodel24,fogmodel55,fogmodel45,fogmodel24,nightmodel55,nightmodel45,nightmodel24,rainmodel55,rainmodel45,rainmodel24,snowmodel55,snowmodel45,snowmodel24,daymodel55,daymodel45,daymodel24
Dangerous warning,Dangerous warning,4553,84.25190863167141,83.43947067867342,76.91721282670767,38.39196573687679,33.252954096200305,24.005515045025263,81.17561168460354,78.89397759718867,67.40581594553042,78.03696024599164,76.9601801010323,71.9299077531298,76.6964375137272,75.94992532396223,71.68885569953876,83.92215242697122,83.13181638480124,76.91682626839447,389.8376894355371
Regularoty,Priority ,1743,93.80151462994839,94.83462421113022,90.13142857142857,66.72135398737808,61.33095238095238,54.789311531841655,92.42830177854275,92.76928858290303,89.78775674125072,90.30460699942627,92.54158921399885,89.96045897877225,88.57989099254159,90.5339701663798,86.9208663224326,93.63215146299486,94.66313826735512,90.35868043602984,883.2409638554218
Regularoty,Prohibitory,8406,82.83376754699025,86.54605757792052,81.07406019509872,25.302613609326674,24.911237211515587,14.466055198667618,77.22958719961933,82.13122531525099,74.68576968831786,72.19896740423508,78.46791815369973,71.62600999286222,71.22133476088507,77.0527408993576,70.88962050916012,82.79714846538187,86.36777064001903,80.79890911253867,662.665239114918
Regularoty,Mandatory,1693,93.91463083284111,96.57417011222681,93.14901358535145,38.394447725930306,29.120076786769044,23.74361488481985,88.83613703484939,85.17382752510335,79.91729474305967,88.65683402244537,89.13185469580625,87.89124630832843,87.23900177200235,89.42617247489663,87.00521559362079,94.15023036030715,96.3375132900177,93.2084465445954,222.7164796219728
Regularoty,Special regulations,1346,81.94716196136702,85.43609212481427,84.17289747399704,35.65956909361069,37.81471025260029,30.60988855869243,64.26609212481426,72.06653046062408,58.69419019316492,76.81802377414563,81.27728083209512,78.89917533432393,77.19256315007429,81.35216196136703,81.2754309063893,81.8715601783061,85.2875408618128,84.3979717682021,392.0089153046062
