category,images,Original_model_55,Original_model_45,Original_model_24,fog_model_55,fog_model_45,fog_model_24,night_model_55,night_model_45,night_model_24,rain_model_55,rain_model_45,rain_model_24,snow_model_55,snow_model_45,snow_model_24,day_model_55,day_model_45,day_model_24
Dangerous warning,4553,83.30816384801231,81.0007226004832,80.78268174829782,35.23101471557215,28.816002635624866,22.403584449813305,83.41642213924885,76.93887766307927,73.44461014715573,77.46499670546892,74.93959367450034,73.81935207555458,76.21325499670547,73.44499450911486,73.5327432462113,83.21785416209093,80.78142982648804,80.51795299802326
Regularoty,13188,86.04055808310586,86.09369047619049,84.43946997270245,32.70333030027297,25.20446769790719,23.899777828328784,82.1129777070064,75.9706634819533,75.57632772217167,78.87473233242342,79.09418486502882,76.68420837124657,75.99916818319684,77.72165225962996,76.31898164998485,85.95642478010312,85.94135274491963,84.26486427054901
