category,images,Originalmodel_55_baseline,Originalmodel_45_baseline,Originalmodel_24_baseline,fogmodel_55_baseline,fogmodel_45_baseline,fogmodel_24_baseline,nightmodel_55_baseline,nightmodel_45_baseline,nightmodel_24_baseline,rainmodel_55_baseline,rainmodel_45_baseline,rainmodel_24_baseline,snowmodel_55_baseline,snowmodel_45_baseline,snowmodel_24_baseline,daymodel_55_baseline,daymodel_45_baseline,daymodel_24_baseline
Dangerous warning,4553,27.887467603777726,26.481080606193718,17.72583790907094,10.659934109378431,10.60662859652976,5.994878102350097,28.0098572369866,21.79332308368109,18.979696903140788,24.45621348561388,23.10363716231056,15.488794201625304,27.901194816604434,22.012844278497692,18.99631012519218,26.7618361519877,24.216090489786954,17.72583790907094
Regularoty,13188,33.6524347892023,33.149388838337885,19.32329921140431,13.174883227176219,15.681489990900818,7.867364270548983,26.20216636336063,26.64411813770094,13.762926144980284,29.743163481953296,31.199974218986952,18.536377767667577,28.5720025781013,33.14277828328784,19.31244085532302,33.6524347892023,33.153654079466186,18.9337822262663
