category,images,Originalmodel55_baseline,Originalmodel45_baseline,Originalmodel24_baseline,fogmodel55_baseline,fogmodel45_baseline,fogmodel24_baseline,nightmodel55_baseline,nightmodel45_baseline,nightmodel24_baseline,rainmodel55_baseline,rainmodel45_baseline,rainmodel24_baseline,snowmodel55_baseline,snowmodel45_baseline,snowmodel24_baseline,daymodel55_baseline,daymodel45_baseline,daymodel24_baseline
Dangerous warning,4553,84.25190863167141,83.43947067867342,76.91721282670767,38.39196573687679,33.252954096200305,24.005515045025263,81.17561168460354,78.89397759718867,67.40581594553042,78.03696024599164,76.9601801010323,71.9299077531298,76.6964375137272,75.94992532396223,71.68885569953876,83.92215242697122,83.13181638480124,76.91682626839447
Regularoty,13188,85.61533515316955,88.81558689717924,84.13752123142251,33.51445784046103,31.581938125568705,22.634082499241735,79.40523051258721,82.90057552320289,75.72118592659992,77.17610934182592,81.98367910221413,76.87954883227175,76.18123369730057,80.8617356687898,76.13722929936306,85.59213906581742,88.63374052168639,84.02277676675767
