category,sub-category,images,Originalmodel_55,Originalmodel_45,Originalmodel_24,fogmodel_55,fogmodel_45,fogmodel_24,nightmodel_55,nightmodel_45,nightmodel_24,rainmodel_55,rainmodel_45,rainmodel_24,snowmodel_55,snowmodel_45,snowmodel_24,daymodel_55,daymodel_45,daymodel_24
Dangerous warning,Dangerous warning,4553,83.26264001757083,83.94449813309906,77.7080122995827,32.32886448495497,34.24191961344169,24.488846914122558,79.96889743026577,80.95614539863827,71.84372062376457,76.82727212826708,76.91640896112453,70.80907094223589,75.62034482758621,76.82874807819022,70.21677355589723,83.26388974302658,83.83499890182297,77.88128706347463
Regularoty,Priority ,1743,89.04384968445208,93.45981067125643,92.83110154905336,49.794813539873786,64.14137119908203,58.232329317269084,85.19537578886975,89.6737980493402,87.49527825588066,86.34685599541022,91.0525702811245,91.56245553643144,84.68351692484225,89.15283419391852,88.52741824440619,89.21499139414803,93.5702180149168,92.83133103843947
Regularoty,Prohibitory,8406,83.33418034737092,84.18960266476329,78.80060551986676,25.398976921246728,23.68533666428741,15.347807518439211,74.39921841541755,77.58746133714013,71.08013561741615,75.85227813466572,74.16071734475375,65.78559481322864,74.79269212467284,73.81671187247203,66.0830026171782,83.22719605044016,84.05785748275044,78.63528313109683
Regularoty,Mandatory,1693,92.6750502067336,94.44725930301242,91.61097460129946,22.03070289427053,26.519757826343763,22.621683402244532,50.44337271116361,75.25303012404017,74.0120437093916,80.62451860602482,87.41863555818075,85.58722386296512,81.03989958653278,87.65531600708802,84.81919078558771,92.38167749556999,94.3307974010632,91.84831659775546
Regularoty,Special regulations,1346,79.4932689450223,90.2681500742942,85.95780089153048,25.110750371471024,36.329725111441306,32.32005200594354,39.60052748885587,70.50352154531947,64.55988855869242,74.88694650817237,85.80911589895989,81.79682763744427,74.07182020802378,86.10573551263002,81.79621099554235,79.19689450222882,90.04236255572066,85.73427191679049
