images,Original_model_42_idealnoise,fog_model_42_idealnoise,night_model_42_idealnoise,rain_model_42_idealnoise,snow_model_42_idealnoise,day_model_42_idealnoise
9773,93.06266653023637,77.8375452778062,89.62458712780108,92.30500153484087,88.8777714110304,92.83798731198199
