category,sub-category,images,Original_model_42,fog_model_42,night_model_42,rain_model_42,snow_model_42,day_model_42
Dangerous warning,Dangerous warning,2228,90.34992818671455,76.39117145421903,87.88076750448833,89.58754039497306,85.86227558348294,90.44009425493718
Regularoty,Priority ,1041,96.83020172910663,89.14567723342938,93.46854947166186,96.73539865513928,95.00425552353506,96.54399615754082
Regularoty,Prohibitory,3957,93.35403335860501,75.0330831437958,90.80072529694215,92.64559009350516,88.07179428860248,93.02563052817791
Regularoty,Mandatory,1203,95.26127182044887,81.46384871155445,90.19286783042394,94.34699085619283,91.93523690773068,95.17862842892768
Regularoty,Special regulations,1344,91.8157291666667,76.48752232142856,85.56658482142856,90.54773809523812,88.76763392857143,91.2950223214286
