category,images,Original_model_42_idealnoise,fog_model_42_idealnoise,night_model_42_idealnoise,rain_model_42_idealnoise,snow_model_42_idealnoise,day_model_42_idealnoise
Dangerous warning,2228,90.34992818671455,76.39117145421903,87.88076750448833,89.58754039497306,85.86227558348294,90.44009425493718
Regularoty,7545,93.86372432074222,78.26465208747514,90.13952816434725,93.10745394300861,89.76823194168325,93.5460728959576
