category,images,Original_model_52_norm,Original_model_49_norm,Original_model_42_norm,fog_model_52_norm,fog_model_49_norm,fog_model_42_norm,night_model_52_norm,night_model_49_norm,night_model_42_norm,rain_model_52_norm,rain_model_49_norm,rain_model_42_norm,snow_model_52_norm,snow_model_49_norm,snow_model_42_norm,day_model_52_norm,day_model_49_norm,day_model_42_norm
Dangerous warning,2305,93.796989154013,91.71338828633405,93.4498655097614,33.66523644251627,30.844893709327543,28.154091106290668,91.75642516268978,89.06686334056401,90.4117136659436,87.93999132321044,85.89975704989155,87.80848156182212,86.50771800433841,85.94302386117137,85.9001431670282,93.84007375271149,91.62583080260302,93.18903253796095
Regularoty,7717,94.66111571854347,94.03969806919788,94.35033691849164,33.147158222107045,30.075176882208115,31.152380458727485,90.30733575223533,89.23171698846701,90.08636516781132,88.45413243488403,87.48252429700662,88.53200596086562,87.54690034987689,86.1481080730854,86.71768433329015,94.53124400673836,93.92140339510175,94.28510561098874
Informative,1010,60.99076237623762,65.84165346534652,60.496752475247526,16.335148514851486,16.535198019801978,19.008475247524753,53.95929702970298,55.44637623762376,54.752752475247526,56.73224752475247,61.88171287128712,57.22843564356436,54.55450495049505,58.41685148514851,54.555524752475236,60.29571287128713,65.94002970297029,60.10055445544554
