category,sub-category,images,Original_model_52,Original_model_49,Original_model_42,fog_model_52,fog_model_49,fog_model_42,night_model_52,night_model_49,night_model_42,rain_model_52,rain_model_49,rain_model_42,snow_model_52,snow_model_49,snow_model_42,day_model_52,day_model_49,day_model_42
Dangerous warning,Dangerous warning,2233,6.112852664576803,0.0,10.023399014778326,0.0,0.0,0.0,21.868450515002237,5.5082848186296465,4.746977160770264,11.285266457680251,4.850985221674876,5.172413793103448,6.112852664576803,0.0,4.850985221674876,10.963837886251678,4.850985221674876,10.023399014778326
Regularoty,Priority ,1043,71.19800575263663,43.41756471716204,64.07911792905081,64.07911792905081,42.368628954937684,21.707075743048897,81.52878235858101,64.07911792905081,64.07911792905081,53.748341323106416,53.748341323106416,64.07911792905081,81.52878235858101,53.748341323106416,64.07911792905081,71.19800575263663,43.41756471716204,64.07911792905081
Regularoty,Prohibitory,3964,20.748970736629666,14.492663975782039,19.197780020181636,3.342583249243189,5.2219979818365285,6.987891019172553,20.472018163471244,17.835247225025228,15.375882946518669,20.748970736629666,17.835247225025228,24.72223007063572,17.746952573158424,12.272684157416752,24.192734611503532,20.748970736629666,18.226266397578204,18.970736629667005
Regularoty,Mandatory,2574,28.01087801087801,34.45998445998446,39.821289821289824,4.002354312354313,30.457630147630145,23.69932400932401,35.04273504273504,34.45998445998446,39.821289821289824,42.85079254079254,28.01087801087801,47.51359751359751,37.48948717948718,41.49184149184149,41.064491064491065,35.04273504273504,28.01087801087801,47.51359751359751
Informative,Information,43,0.0,0.0,0.0,0.0,0.0,0.0,0.0,0.0,0.0,0.0,0.0,0.0,0.0,0.0,0.0,0.0,0.0,0.0
Informative,Direction ,498,0.0,23.59437751004016,0.0,0.0,0.0,0.0,0.0,23.59437751004016,0.0,0.0,23.59437751004016,0.0,0.0,23.59437751004016,0.0,0.0,23.59437751004016,0.0
Informative,Additional panels,432,0.0,0.0,0.0,0.0,0.0,0.0,0.0,0.0,0.0,0.0,0.0,0.0,0.0,0.0,0.0,0.0,0.0,0.0
