category,images,Original_model_52_norm,Original_model_49_norm,Original_model_42_norm,fog_model_52_norm,fog_model_49_norm,fog_model_42_norm,night_model_52_norm,night_model_49_norm,night_model_42_norm,rain_model_52_norm,rain_model_49_norm,rain_model_42_norm,snow_model_52_norm,snow_model_49_norm,snow_model_42_norm,day_model_52_norm,day_model_49_norm,day_model_42_norm
Dangerous warning,2305,15.517466377440348,20.260303687635574,15.517466377440348,4.7428373101952275,19.84815618221258,4.7428373101952275,9.487097613882863,15.517466377440348,15.517466377440348,9.487097613882863,14.22993492407809,21.135687635574836,15.517466377440348,20.260303687635574,15.517466377440348,15.517466377440348,14.22993492407809,10.773206073752712
Regularoty,7717,32.13684074122068,29.29813917325385,29.716858882985616,18.684785538421668,15.907672670726965,15.445220940780096,31.39497213943242,27.87271478553842,31.054814046909417,30.904571724763507,29.478336140987434,29.486847220422447,29.298950369314504,27.74799274329403,32.39276921083323,30.83452118698976,32.22188156019179,31.054814046909417
Informative,1010,0.0,11.633663366336634,11.633663366336634,0.0,0.0,11.633663366336634,0.0,11.633663366336634,11.633663366336634,0.0,11.633663366336634,29.455445544554454,0.0,11.633663366336634,11.633663366336634,0.0,11.633663366336634,0.0
