category,sub-category,images,Originalmodel55,Originalmodel45,Originalmodel24,fogmodel55,fogmodel45,fogmodel24,nightmodel55,nightmodel45,nightmodel24,rainmodel55,rainmodel45,rainmodel24,snowmodel55,snowmodel45,snowmodel24,daymodel55,daymodel45,daymodel24
Dangerous warning,Dangerous warning,4553,85.96500109817703,83.92331210191082,82.75933670107621,33.780120799472876,33.47190204260927,31.166885569953873,83.81317373160554,82.34184054469578,81.26539863826049,81.39735119701295,78.78290358005711,75.95130902701518,78.93722820118604,76.71793981989897,75.31370085657811,85.68015374478365,83.7048781023501,82.71451131122338
Regularoty,Priority ,1743,95.35405622489961,92.14099254159494,92.71257028112447,53.932753872633384,54.734320137693636,50.42670682730924,91.51172690763052,87.95049340218016,89.90125645438897,92.54586345381526,89.56004016064257,90.13363166953529,90.64382099827884,87.31733218588639,88.69829604130808,95.40758462421114,91.96792312105563,93.00098106712564
Regularoty,Prohibitory,8406,86.85542350701881,87.0090756602427,84.892130620985,24.351991434689506,26.825361646443007,23.709568165596007,85.15429217225791,84.73756602426838,82.7634487270997,79.278035926719,79.75236021889125,76.73115155841066,77.37301213418985,77.68312276945039,75.03003093028788,86.81946109921486,86.97323816321673,84.97614679990481
Regularoty,Mandatory,1693,96.6909509746013,95.982864737153,95.50884819846428,33.2543768458358,36.561866509155344,29.060797401063205,95.27242173656232,92.1419432959244,93.91480212640282,90.4306142941524,89.07163024217365,87.53662728883637,89.66347903130536,88.42340815121086,89.01300059066747,96.69244536326048,95.80503248670999,95.62746012994685
Regularoty,Special regulations,1346,90.12028974739971,84.4710029717682,89.30063893016344,35.066292719167905,38.110148588410105,39.00597325408619,87.21901188707281,75.63037147102526,82.53919762258545,86.69990341753345,80.31404903417531,85.81010401188706,84.4708395245171,79.20008172362556,83.50695393759285,90.56336552748887,84.32542347696881,89.22837295690935
