category,sub-category,images,Original_model_55,Original_model_45,Original_model_24,fog_model_55,fog_model_45,fog_model_24,night_model_55,night_model_45,night_model_24,rain_model_55,rain_model_45,rain_model_24,snow_model_55,snow_model_45,snow_model_24,day_model_55,day_model_45,day_model_24
Dangerous warning,Dangerous warning,4553,83.85635624862726,83.98839226883373,82.42851965736877,34.352558752470905,31.89164726553921,32.570252580716016,81.7925082363277,81.63812431363937,79.31015374478366,78.25619811113552,78.14761256314519,76.69632549967054,76.21481880079068,77.37746760377775,75.37972984845157,83.79074017131562,84.1871139907753,82.49584230177905
Regularoty,Priority ,1743,94.31662076878943,94.03217441193344,94.89647733792313,44.060975329890994,50.66250143430866,64.31248995983935,90.87976477337924,91.28092369477912,92.08560527825588,90.761669535284,90.1338382099828,92.19760757314974,88.69776821572002,87.03641422834193,89.78915088927137,94.43606999426277,94.14812392426848,94.89666092943203
Regularoty,Prohibitory,8406,86.60471448965025,85.99750297406614,84.13082560076137,24.470792291220555,25.86299310016655,26.087318581965256,84.76214489650249,83.99919343326196,81.34751368070427,79.75321556031406,78.56294313585535,75.7782357839638,77.30282774208898,77.45745657863431,74.22146918867476,86.7002307875327,86.05828336902213,84.23719367118724
Regularoty,Mandatory,1693,95.86451860602482,95.74674542232724,96.09933845245128,31.365168340224454,36.089940933254574,31.5987832250443,93.79825753101004,94.38825753101007,93.20831659775547,89.6617483756645,91.13970466627289,88.95402244536325,87.47651506202007,89.0129651506202,89.25002362669818,95.68831659775547,95.74575900767867,95.98139988186651
Regularoty,Special regulations,1346,92.27210252600298,87.51699851411591,88.5572956909361,31.945891530460624,37.37176820208023,38.33343982169391,86.92437592867758,80.60678306092125,83.87557206537889,86.99507429420505,84.02628528974739,85.66265973254086,85.51262258543836,82.02262258543833,84.77092867756316,92.49656017830607,87.66503714710254,88.78008915304606
