category,images,Original_model_52_norm,Original_model_49_norm,Original_model_42_norm,fog_model_52_norm,fog_model_49_norm,fog_model_42_norm,night_model_52_norm,night_model_49_norm,night_model_42_norm,rain_model_52_norm,rain_model_49_norm,rain_model_42_norm,snow_model_52_norm,snow_model_49_norm,snow_model_42_norm,day_model_52_norm,day_model_49_norm,day_model_42_norm
Dangerous warning,2233,6.112852664576803,0.0,10.023399014778326,0.0,0.0,0.0,21.868450515002237,5.5082848186296465,4.746977160770264,11.285266457680251,4.850985221674876,5.172413793103448,6.112852664576803,0.0,4.850985221674876,10.963837886251678,4.850985221674876,10.023399014778326
Regularoty,7581,30.15544651101437,25.251739876005804,32.374953172404695,11.922777997625642,18.90099195356813,14.687051840126633,33.81949610869279,29.842163302994322,30.37653607703469,32.793349162379634,26.231162115815852,37.87540430022424,33.225350217649385,27.89980741327001,35.40885371323044,32.54299432792507,25.014304181506397,34.86802796464847
Informative,973,0.0,12.076053442959918,0.0,0.0,0.0,0.0,0.0,12.076053442959918,0.0,0.0,12.076053442959918,0.0,0.0,12.076053442959918,0.0,0.0,12.076053442959918,0.0
