category,images
Dangerous warning,4553,85.96500109817703,83.92331210191082,82.75933670107621,33.780120799472876,33.47190204260927,31.166885569953873,83.81317373160554,82.34184054469578,81.26539863826049,81.39735119701295,78.78290358005711,75.95130902701518,78.93722820118604,76.71793981989897,75.31370085657811,85.68015374478365,83.7048781023501,82.71451131122338
Regularoty,13188,89.57449954504095,88.58030027297545,87.73858052775249,30.497916287534117,32.91563618441007,29.488804215953902,87.5041643918714,85.18323324234152,85.11548074006673,83.2207848043676,82.30228010312403,80.81626402790414,81.42915832575068,80.49003488019413,79.49673491052471,89.60406505914469,88.49689642098878,87.83810130421595
