category,sub-category,images,Originalmodel45,Originalmodel55,Originalmodel24,fogmodel45,fogmodel55,fogmodel24,nightmodel45,nightmodel55,nightmodel24,rainmodel45,rainmodel55,rainmodel24,snowmodel45,snowmodel55,snowmodel24,daymodel45,daymodel55,daymodel24
Dangerous warning,Dangerous warning,4553,79.31088073797495,81.9021172853064,79.00242257851966,53.19611904238963,54.601188227542266,51.81230836810894,77.24543158357127,81.52822973863387,77.97044805622667,74.32670327256753,76.23458598726114,74.23658247309466,73.38224906654953,74.94000658906215,72.28345266857016,79.55285526026796,81.98798374698,79.02485394245554
Regularoty,Priority ,1743,90.01465863453816,91.96651749856568,91.79909925415949,77.0520596672404,76.30452667814114,75.73399885255309,87.54857716580608,90.53499139414802,88.23625358577166,87.14573149741824,88.92935169248423,90.30617900172118,86.40284566838783,87.60670682730924,89.44417096959265,90.3036431440046,91.96628800917956,92.19559954102122
Regularoty,Prohibitory,8406,83.46425529383772,85.14196288365454,81.90643944801332,61.19451463240541,60.26609683559362,52.081501308589104,81.80926362122295,84.54743873423746,79.85972638591481,79.56304068522483,80.34633951939092,74.75588508208423,77.14790149892934,78.8008945990959,74.00538424934568,83.60743635498453,85.20087556507256,81.75174042350703
Regularoty,Mandatory,1693,94.80139988186649,95.51220318960425,94.20934435912584,73.95187832250441,71.11638511518015,66.45144713526284,93.26553455404606,94.91893089190788,90.25424099232131,90.48922031896043,92.02560543414057,88.48165386887182,89.9592557590077,89.5453455404607,88.42284701712936,94.68305965741287,95.39237448316598,94.09082693443592
Regularoty,Special regulations,1346,87.6687072808321,86.1068424962853,90.49030460624073,62.334212481426455,64.18965081723626,70.5048662704309,84.91757057949478,85.88090638930164,88.2624814264487,84.99023774145617,82.31755572065379,87.07309063893014,82.46375185735513,81.87202823179793,86.18193164933136,87.59202823179793,86.47702080237742,90.3419985141159
