category,sub-category,images,Original_model_52,Original_model_49,Original_model_42,fog_model_52,fog_model_49,fog_model_42,night_model_52,night_model_49,night_model_42,rain_model_52,rain_model_49,rain_model_42,snow_model_52,snow_model_49,snow_model_42,day_model_52,day_model_49,day_model_42
Dangerous warning,Dangerous warning,2228,6.126570915619389,16.17246409335727,6.126570915619389,6.126570915619389,6.126570915619389,0.0,11.871633752244165,11.310592459605028,6.126570915619389,11.871633752244165,11.310592459605028,6.126570915619389,11.871633752244165,11.310592459605028,12.253141831238779,6.126570915619389,16.17246409335727,6.126570915619389
Regularoty,Priority ,1041,64.20222862632085,41.402497598463015,52.80065321805956,20.701248799231507,21.748780019212298,31.051873198847264,64.20222862632085,41.402497598463015,52.80065321805956,53.851604226705085,41.402497598463015,42.450028818443805,75.60038424591738,31.051873198847264,32.09940441882805,64.20222862632085,41.402497598463015,52.80065321805956
Regularoty,Prohibitory,3957,26.901966135961587,29.618124842052058,36.68182966894112,15.807429871114481,6.1410159211523885,12.623199393479908,21.822087439979782,17.651988880464998,27.394490775840286,18.220874399797825,20.49505180692444,20.773313115996967,17.260823856456913,14.796835986858731,11.953500126358351,26.901966135961587,29.618124842052058,36.68182966894112
Regularoty,Mandatory,2547,41.57832744405183,36.042402826855124,43.031016882606984,19.199057714958776,12.131919905771497,18.334487632508832,49.312917157440125,36.042402826855124,31.997620730270903,26.42405182567727,31.997620730270903,31.25164507263447,31.25164507263447,38.98623478602277,23.16450726344719,41.57832744405183,36.042402826855124,43.031016882606984
