category,sub-category,images,Originalmodel_55,Originalmodel_45,Originalmodel_24,fogmodel_55,fogmodel_45,fogmodel_24,nightmodel_55,nightmodel_45,nightmodel_24,rainmodel_55,rainmodel_45,rainmodel_24,snowmodel_55,snowmodel_45,snowmodel_24,daymodel_55,daymodel_45,daymodel_24
Dangerous warning,Dangerous warning,4553,83.85658247309466,84.64792224906654,82.75894794640897,31.4965209751812,34.9879244454206,29.782415989457494,82.97802108499891,81.19857676257412,80.69417966176148,77.37885130683067,79.02504502525808,76.54250823632769,76.38790687458818,78.27987261146498,75.40044805622667,84.033654733143,84.36416867999121,82.42943334065453
Regularoty,Priority ,1743,93.28530694205392,93.17404475043031,92.94265633964427,47.616855995410205,49.45205393000575,59.783080895008624,89.27223752151463,88.23439472174412,90.12825588066553,90.36202524383245,89.96026965002868,90.12991967871486,88.29683878370626,88.12217441193346,89.9048709122203,92.88679862306367,93.0587837062536,92.82888697647734
Regularoty,Prohibitory,8406,86.80782179395672,87.02246490601952,85.4023530811325,25.422172257911015,26.50600166547703,27.932453009754937,85.23592315013087,85.73641089697833,82.60655246252676,79.37232571972402,79.24098501070664,77.51647870568642,77.8013930525815,78.3376826076612,76.22061146799905,86.60529502736142,87.02112062812277,85.0467796811801
Regularoty,Mandatory,1693,96.45704075605434,95.45051978735972,96.27818665091554,28.469444772593032,41.819852333136446,27.346769049025394,94.03391612522151,93.73783815711757,93.14624926166569,90.25360307147075,91.61190785587715,89.89819846426462,88.65950383933846,90.84364441819257,89.42688127584171,96.0426284701713,95.51060248080331,96.27640283520378
Regularoty,Special regulations,1346,82.39312778603268,85.58546062407133,89.89438335809808,30.162800891530463,40.938558692421985,39.37841010401189,79.04826894502229,82.6862704309064,83.80450965824666,77.4125780089153,84.17346953937596,85.88372213967314,76.89204309063892,81.94388558692424,83.50595839524519,82.17043833580979,85.65969539375928,89.89480683506687
