category,images,Original_model_55_norm,Original_model_45_norm,Original_model_24_norm,fog_model_55_norm,fog_model_45_norm,fog_model_24_norm,night_model_55_norm,night_model_45_norm,night_model_24_norm,rain_model_55_norm,rain_model_45_norm,rain_model_24_norm,snow_model_55_norm,snow_model_45_norm,snow_model_24_norm,day_model_55_norm,day_model_45_norm,day_model_24_norm
Dangerous warning,2305,90.58516702819955,91.97241214750544,89.32733622559651,34.489331887201736,31.061878524945776,30.671453362255956,90.71580043383949,88.7194967462039,86.59590455531455,84.4253709327549,85.76911496746204,82.51713665943599,82.51593492407807,84.77188720173537,82.43008676789587,90.49885900216918,91.97421691973969,89.11021258134491
Regularoty,7714,93.2589836660617,93.55729971480424,92.26028389940367,28.805136116152454,31.747383977184345,31.86280917811771,89.43465517241381,89.27881643764583,88.68205340938555,85.93511667098782,87.69869069224785,86.29796862846771,84.31454887218045,85.61008037334716,84.70339901477831,93.41455665024631,93.51764324604616,92.48100855587245
Informative,1010,56.13775247524752,62.57426732673267,59.50433663366337,20.89128712871287,18.516128712871286,18.91028712871287,51.88106930693069,55.147613861386134,50.001643564356435,51.288594059405945,59.40661386138615,55.545673267326734,51.08731683168317,55.84106930693069,54.7522178217822,56.53336633663366,62.96984158415842,59.008465346534656
