category,images,Original_model_55_norm,Original_model_45_norm,Original_model_24_norm,fog_model_55_norm,fog_model_45_norm,fog_model_24_norm,night_model_55_norm,night_model_45_norm,night_model_24_norm,rain_model_55_norm,rain_model_45_norm,rain_model_24_norm,snow_model_55_norm,snow_model_45_norm,snow_model_24_norm,day_model_55_norm,day_model_45_norm,day_model_24_norm
Dangerous warning,2305,11.0412147505423,26.14653362255965,25.271149674620393,0.0,16.65943600867679,15.517466377440348,15.784052060737528,26.14653362255965,25.271149674620393,11.0412147505423,26.14653362255965,11.0412147505423,11.0412147505423,26.14653362255965,11.0412147505423,11.0412147505423,26.14653362255965,20.52831236442516
Regularoty,7714,29.65834975369458,32.754592947886955,21.71134949442572,13.671995073891624,15.260016852476015,12.529589058854032,32.802796214674615,27.444841845994294,20.782840290381124,29.70372180451128,27.70288955146487,18.57419626652839,30.911330049261082,31.390989110707807,19.330537982888256,32.840875032408604,35.804242934923515,24.818102151931555
Informative,1010,17.82178217821782,0.0,11.633663366336634,0.0,0.0,0.0,17.82178217821782,0.0,0.0,17.82178217821782,0.0,11.633663366336634,17.82178217821782,0.0,11.633663366336634,17.82178217821782,0.0,11.633663366336634
