category,sub-category,images,Original_model_52,Original_model_49,Original_model_42,fog_model_52,fog_model_49,fog_model_42,night_model_52,night_model_49,night_model_42,rain_model_52,rain_model_49,rain_model_42,snow_model_52,snow_model_49,snow_model_42,day_model_52,day_model_49,day_model_42
Dangerous warning,Dangerous warning,2228,93.08711400359064,92.01217684021545,93.26784560143626,34.20072262118492,29.12859964093358,33.07953770197486,92.27945691202872,87.56787253141832,92.28142280071815,69.29973518850987,71.81397666068221,72.66571813285458,59.24639138240575,64.2730026929982,61.847872531418304,93.08711400359064,92.01217684021545,93.26784560143626
Regularoty,Priority ,1041,97.78813640730067,96.73212295869357,97.21561959654179,58.88540826128722,43.8026032660903,51.68204610951008,97.30979827089338,94.61936599423632,96.44556195965419,82.71137367915465,80.0201633045149,79.34772334293947,73.96661863592698,73.39120076849184,69.3566762728146,97.78813640730067,96.73212295869357,97.21561959654179
Regularoty,Prohibitory,3957,95.72864038412938,94.16146828405358,95.50217336365934,27.29425827647207,21.403479909021986,25.65066211776599,93.25188273944909,89.23502906242103,93.80928986606014,59.05998230983067,60.34864291129642,58.631319181197874,48.39438210765732,52.6666237048269,48.59684862269397,95.72864038412938,94.16146828405358,95.50217336365934
Regularoty,Mandatory,2547,93.75714173537494,93.16926972909306,91.99205732233999,32.62737338044758,32.076478209658426,33.68679230467217,88.57455045151156,88.41725952100509,88.76990969768354,74.51936788378485,75.81540243423635,71.25880251276011,64.23087161366313,71.10351001177855,61.679438555162946,93.75714173537494,93.16926972909306,91.99205732233999
