category,sub-category,images,Original_model_52,Original_model_49,Original_model_42,fog_model_52,fog_model_49,fog_model_42,night_model_52,night_model_49,night_model_42,rain_model_52,rain_model_49,rain_model_42,snow_model_52,snow_model_49,snow_model_42,day_model_52,day_model_49,day_model_42
Dangerous warning,Dangerous warning,2305,15.517466377440348,20.260303687635574,15.517466377440348,4.7428373101952275,19.84815618221258,4.7428373101952275,9.487097613882863,15.517466377440348,15.517466377440348,9.487097613882863,14.22993492407809,21.135687635574836,15.517466377440348,20.260303687635574,15.517466377440348,15.517466377440348,14.22993492407809,10.773206073752712
Regularoty,Priority ,1044,64.55938697318008,64.55938697318008,64.55938697318008,31.76771072796935,43.0407183908046,43.0407183908046,64.55938697318008,64.55938697318008,64.55938697318008,64.55938697318008,64.55938697318008,64.55938697318008,64.55938697318008,64.55938697318008,64.55938697318008,64.55938697318008,64.55938697318008,64.55938697318008
Regularoty,Prohibitory,4015,20.83437110834371,26.606475716064757,21.276463262764633,8.599003735990038,11.637608966376089,5.585305105853051,24.50186799501868,23.866749688667497,23.8480697384807,20.969011207970112,26.95282191780822,20.83437110834371,17.88293897882939,21.046077210460773,26.419676214196762,20.83437110834371,29.645080946450808,23.8480697384807
Regularoty,Mandatory,2658,36.474793077501886,19.514198645598196,28.78103837471783,28.78103837471783,11.700526711813392,19.500097817908202,28.78103837471783,19.514198645598196,28.78103837471783,32.69375470278405,19.514198645598196,28.78103837471783,32.69375470278405,23.412814145974416,28.78103837471783,32.69375470278405,23.412814145974416,28.78103837471783
Informative,Information,49,0.0,0.0,0.0,0.0,0.0,0.0,0.0,0.0,0.0,0.0,0.0,0.0,0.0,0.0,0.0,0.0,0.0,0.0
Informative,Direction ,502,0.0,23.40637450199203,23.40637450199203,0.0,0.0,23.40637450199203,0.0,23.40637450199203,23.40637450199203,0.0,23.40637450199203,59.26294820717132,0.0,23.40637450199203,23.40637450199203,0.0,23.40637450199203,0.0
Informative,Additional panels,459,0.0,0.0,0.0,0.0,0.0,0.0,0.0,0.0,0.0,0.0,0.0,0.0,0.0,0.0,0.0,0.0,0.0,0.0
