category,images,Original_model_55,Original_model_45,Original_model_24,fog_model_55,fog_model_45,fog_model_24,night_model_55,night_model_45,night_model_24,rain_model_55,rain_model_45,rain_model_24,snow_model_55,snow_model_45,snow_model_24,day_model_55,day_model_45,day_model_24
Dangerous warning,4553,83.85635624862726,83.98839226883373,82.42851965736877,34.352558752470905,31.89164726553921,32.570252580716016,81.7925082363277,81.63812431363937,79.31015374478366,78.25619811113552,78.14761256314519,76.69632549967054,76.21481880079068,77.37746760377775,75.37972984845157,83.79074017131562,84.1871139907753,82.49584230177905
Regularoty,13188,89.39111161662117,88.46604564755837,87.54190021231423,28.707928419775552,31.62812632696391,33.096771307249014,86.95137094328176,85.94903851986655,84.54736199575372,83.21927737336972,82.2643524416136,80.64857294510158,80.95279875644525,80.67282757051865,79.28496511980589,89.46806945708218,88.53509402487111,87.61732180770396
