category,images,Original_model_52_norm,Original_model_49_norm,Original_model_42_norm,fog_model_52_norm,fog_model_49_norm,fog_model_42_norm,night_model_52_norm,night_model_49_norm,night_model_42_norm,rain_model_52_norm,rain_model_49_norm,rain_model_42_norm,snow_model_52_norm,snow_model_49_norm,snow_model_42_norm,day_model_52_norm,day_model_49_norm,day_model_42_norm
Dangerous warning,2228,93.08711400359064,92.01217684021545,93.26784560143626,34.20072262118492,29.12859964093358,33.07953770197486,92.27945691202872,87.56787253141832,92.28142280071815,69.29973518850987,71.81397666068221,72.66571813285458,59.24639138240575,64.2730026929982,61.847872531418304,93.08711400359064,92.01217684021545,93.26784560143626
Regularoty,7545,95.34726573889992,94.18120609675282,94.55365540092777,33.453281643472494,28.096868124585818,31.955061630218694,92.23281378396288,89.70185950960902,92.47185553346587,67.54191119946984,68.2839496355202,65.75232339297547,57.26863485752154,61.749862160371094,55.87747647448642,95.34726573889992,94.18120609675282,94.55365540092777
