category,images,Original_model_52_norm,Original_model_49_norm,Original_model_42_norm,fog_model_52_norm,fog_model_49_norm,fog_model_42_norm,night_model_52_norm,night_model_49_norm,night_model_42_norm,rain_model_52_norm,rain_model_49_norm,rain_model_42_norm,snow_model_52_norm,snow_model_49_norm,snow_model_42_norm,day_model_52_norm,day_model_49_norm,day_model_42_norm
Dangerous warning,2233,92.29702194357367,92.74520376175548,92.1188490819525,26.42143304970891,32.28824899238692,26.86996417375728,91.13420958351993,90.10367218987908,88.75967308553514,86.29741155396327,86.47550828481863,85.44525302283922,85.40061352440662,85.49218987908642,83.25230183609493,92.34279444693237,92.56678011643528,92.11940886699507
Regularoty,7581,94.35443872839994,94.57949874686719,94.6442712043266,28.14929824561403,32.18487666534758,30.43169106977971,90.77949347051839,91.35951457591347,90.81752407334125,87.42903179000135,88.45785252605197,87.78481730642395,85.7802664556127,86.67808336631052,85.93850415512465,94.31514444004749,94.64508508112387,94.68378446115288
Informative,973,62.07570400822199,64.64479958890031,63.51322713257965,15.62345323741007,16.034809866392603,12.539054470709146,56.628951695786235,58.99218910585816,57.34902363823227,58.786608427543676,60.534460431654665,58.89138746145939,56.218335046248725,58.37649537512848,56.628818088386424,62.17907502569374,64.43964028776978,63.30935251798561
