category,sub-category,images,Original_model_55,Original_model_45,Original_model_24,fog_model_55,fog_model_45,fog_model_24,night_model_55,night_model_45,night_model_24,rain_model_55,rain_model_45,rain_model_24,snow_model_55,snow_model_45,snow_model_24,day_model_55,day_model_45,day_model_24
Dangerous warning,Dangerous warning,2305,11.0412147505423,26.14653362255965,25.271149674620393,0.0,16.65943600867679,15.517466377440348,15.784052060737528,26.14653362255965,25.271149674620393,11.0412147505423,26.14653362255965,11.0412147505423,11.0412147505423,26.14653362255965,11.0412147505423,11.0412147505423,26.14653362255965,20.52831236442516
Regularoty,Priority ,1044,63.53880268199234,53.28976053639847,53.28976053639847,43.0407183908046,53.28976053639847,43.0407183908046,63.53880268199234,53.28976053639847,63.53880268199234,53.28976053639847,53.28976053639847,53.28976053639847,74.80842911877394,53.28976053639847,53.28976053639847,63.53880268199234,53.28976053639847,64.55938697318008
Regularoty,Prohibitory,4015,16.40099626400996,25.014799501867994,14.947840597758406,9.91282689912827,0.0,0.0,25.024906600249064,12.26027397260274,8.920443337484434,19.153175591531756,15.308986301369861,8.920443337484434,19.439601494396015,22.39491407222914,6.214196762141968,22.515566625155667,30.874077210460772,17.98644582814446
Regularoty,Mandatory,1244,27.652733118971064,27.652733118971064,0.0,0.0,8.239549839228296,8.239549839228296,27.652733118971064,35.89228295819936,0.0,27.652733118971064,27.652733118971064,0.0,16.157556270096464,27.652733118971064,0.0,27.652733118971064,27.652733118971064,0.0
Regularoty,Special regulations,1411,44.08221119773211,44.08221119773211,36.73370659107016,14.692600992204111,36.73370659107016,29.389610205527994,36.73370659107016,44.08221119773211,41.22518781006379,44.08221119773211,44.08221119773211,36.73370659107016,44.08221119773211,44.08221119773211,48.56928419560595,44.08221119773211,44.08221119773211,36.73370659107016
Informative,Information,49,0.0,0.0,0.0,0.0,0.0,0.0,0.0,0.0,0.0,0.0,0.0,0.0,0.0,0.0,0.0,0.0,0.0,0.0
Informative,Direction ,502,35.85657370517929,0.0,23.40637450199203,0.0,0.0,0.0,35.85657370517929,0.0,0.0,35.85657370517929,0.0,23.40637450199203,35.85657370517929,0.0,23.40637450199203,35.85657370517929,0.0,23.40637450199203
Informative,Additional panels,459,0.0,0.0,0.0,0.0,0.0,0.0,0.0,0.0,0.0,0.0,0.0,0.0,0.0,0.0,0.0,0.0,0.0,0.0
