category,images,Originalmodel_55_norm,Originalmodel_45_norm,Originalmodel_24_norm,fogmodel_55_norm,fogmodel_45_norm,fogmodel_24_norm,nightmodel_55_norm,nightmodel_45_norm,nightmodel_24_norm,rainmodel_55_norm,rainmodel_45_norm,rainmodel_24_norm,snowmodel_55_norm,snowmodel_45_norm,snowmodel_24_norm,daymodel_55_norm,daymodel_45_norm,daymodel_24_norm
Dangerous warning,4553,83.85658247309466,84.64792224906654,82.75894794640897,31.4965209751812,34.9879244454206,29.782415989457494,82.97802108499891,81.19857676257412,80.69417966176148,77.37885130683067,79.02504502525808,76.54250823632769,76.38790687458818,78.27987261146498,75.40044805622667,84.033654733143,84.36416867999121,82.42943334065453
Regularoty,13188,88.45205944798303,88.77077343039129,88.25356687898086,29.23057779799818,32.9776076736427,33.23502653927813,86.26729375189568,86.78243099787686,85.07595541401275,82.02164543524417,82.74923566878982,81.6270177434031,80.48962162572036,81.60435774946922,80.46810585380649,88.19437215650593,88.76997270245678,88.01170306339095
