category,images,Original_model_52_norm,Original_model_49_norm,Original_model_42_norm,fog_model_52_norm,fog_model_49_norm,fog_model_42_norm,night_model_52_norm,night_model_49_norm,night_model_42_norm,rain_model_52_norm,rain_model_49_norm,rain_model_42_norm,snow_model_52_norm,snow_model_49_norm,snow_model_42_norm,day_model_52_norm,day_model_49_norm,day_model_42_norm
Dangerous warning,2228,6.126570915619389,16.17246409335727,6.126570915619389,6.126570915619389,6.126570915619389,0.0,11.871633752244165,11.310592459605028,6.126570915619389,11.871633752244165,11.310592459605028,6.126570915619389,11.871633752244165,11.310592459605028,12.253141831238779,6.126570915619389,16.17246409335727,6.126570915619389
Regularoty,7545,37.00273028495693,33.412713055003316,41.04910271703115,17.62756792577866,10.316829688535455,17.093829025844933,36.9495719019218,27.1370337972167,32.45373359840954,25.906107355864812,27.262671968190855,27.301314777998677,30.033004638833667,25.2053041749503,18.517624917163687,37.00273028495693,33.412713055003316,41.04910271703115
