images,Original_model_42_idealnoise,fog_model_42_idealnoise,night_model_42_idealnoise,rain_model_42_idealnoise,snow_model_42_idealnoise,day_model_42_idealnoise
9773,93.16563184283227,78.35908114192162,89.84945155018927,92.30492990893276,88.82613015450731,92.9089399365599
