category,images,Original_model_42_idealnoise,fog_model_42_idealnoise,night_model_42_idealnoise,rain_model_42_idealnoise,snow_model_42_idealnoise,day_model_42_idealnoise
Dangerous warning,2228,90.2148788150808,74.4613734290844,88.1512881508079,90.07973518850987,86.0420870736086,90.57402154398565
Regularoty,7545,94.03697415506956,79.51005434062293,90.35091053677931,92.96201855533465,89.64824387011265,93.59842942345924
