category,sub-category,images,Original_model_42,fog_model_42,night_model_42,rain_model_42,snow_model_42,day_model_42
Dangerous warning,Dangerous warning,2228,90.2148788150808,74.4613734290844,88.1512881508079,90.07973518850987,86.0420870736086,90.57402154398565
Regularoty,Priority ,1041,96.061911623439,90.1057060518732,94.23590778097984,96.25366954851104,94.52555235350624,95.96702209414025
Regularoty,Prohibitory,3957,94.31509729593124,77.48308061662875,91.2300732878443,92.94917108920899,88.93031084154663,93.65636846095525
Regularoty,Mandatory,1203,95.34536990856193,81.79553615960101,93.10113881961763,95.01300914380712,92.76576891105572,95.67791354945969
Regularoty,Special regulations,1344,90.47857142857141,75.22525297619048,82.29164434523808,88.6144642857143,85.19377976190474,89.73191964285715
