images,Original_model_52_norm,Original_model_49_norm,Original_model_42_norm,fog_model_52_norm,fog_model_49_norm,fog_model_42_norm,night_model_52_norm,night_model_49_norm,night_model_42_norm,rain_model_52_norm,rain_model_49_norm,rain_model_42_norm,snow_model_52_norm,snow_model_49_norm,snow_model_42_norm,day_model_52_norm,day_model_49_norm,day_model_42_norm
9773,93.97303182236776,94.50512841502099,94.64814795866162,50.04668781336334,54.26116238616597,52.27634707868618,90.81135475289061,91.67099866980456,91.83490739793307,87.48579965210274,88.60183055356595,88.08932569323647,67.50254783587435,70.009126163921,64.06439476107644,93.93238104983116,94.59674716054435,94.63855520311061
