category,sub-category,images,Original_model_52,Original_model_49,Original_model_42,fog_model_52,fog_model_49,fog_model_42,night_model_52,night_model_49,night_model_42,rain_model_52,rain_model_49,rain_model_42,snow_model_52,snow_model_49,snow_model_42,day_model_52,day_model_49,day_model_42
Dangerous warning,Dangerous warning,2228,92.1023473967684,91.96670556552964,91.42833482944344,47.39708258527828,48.6093671454219,50.627859066427284,90.21602782764812,87.88169658886893,90.25978456014363,87.38833931777378,86.13235188509876,85.14284560143625,69.07421903052065,69.34487432675044,61.850646319569115,92.10171005385995,92.0990843806104,91.47168312387792
Regularoty,Priority ,1041,97.30911623438999,96.35054755043228,97.40343900096062,73.39242074927954,74.92634966378483,75.69608069164265,95.00440922190202,94.23617675312201,94.23700288184438,94.8106628242075,94.81474543707974,94.81297790585975,80.49754082612873,82.32486071085495,79.05649375600385,97.31146013448608,96.54099903938523,97.40664745437081
Regularoty,Prohibitory,3957,95.42519080111195,95.82961587060905,95.8808794541319,42.0017513267627,47.58542330048016,45.388200657063436,92.46882486732372,92.92461460702553,92.44420773313112,85.89772049532475,87.18707859489511,85.99924184988629,61.94220874399798,63.533153904473096,56.20499873641648,95.40058377558756,95.90546120798584,95.83055092241595
Regularoty,Mandatory,1203,95.59346633416457,95.42809642560266,96.17513715710723,57.855311720698246,60.76282626766416,54.8613216957606,93.93197007481294,94.43087281795512,94.09733167082292,90.35749792186202,91.93591853699084,91.27218620116378,73.98334164588528,78.96953449709059,71.65359933499583,95.34392352452203,95.59519534497089,95.92675810473817
Regularoty,Special regulations,1344,88.7642857142857,92.5581026785714,92.85543898809524,53.0529761904762,61.459181547619046,54.835543154761915,80.87735863095237,89.80457589285716,88.76652529761905,84.07905505952381,89.06434523809524,91.07066220238099,65.4016517857143,72.6172544642857,72.46861607142857,88.7637425595238,92.48447916666666,93.08183779761903
