category,images,Original_model_52_norm,Original_model_49_norm,Original_model_42_norm,fog_model_52_norm,fog_model_49_norm,fog_model_42_norm,night_model_52_norm,night_model_49_norm,night_model_42_norm,rain_model_52_norm,rain_model_49_norm,rain_model_42_norm,snow_model_52_norm,snow_model_49_norm,snow_model_42_norm,day_model_52_norm,day_model_49_norm,day_model_42_norm
Dangerous warning,2228,92.1023473967684,91.96670556552964,91.42833482944344,47.39708258527828,48.6093671454219,50.627859066427284,90.21602782764812,87.88169658886893,90.25978456014363,87.38833931777378,86.13235188509876,85.14284560143625,69.07421903052065,69.34487432675044,61.850646319569115,92.10171005385995,92.0990843806104,91.47168312387792
Regularoty,7545,94.52543538767397,95.25471172962227,95.59894234592444,50.82910271703115,55.93010868124586,52.76313717693838,90.98715175612988,92.7899602385686,92.30003313452616,87.51457919151758,89.33105500331344,88.95940622929093,67.03844135188866,70.2052763419483,64.71810337972168,94.4729688535454,95.33429423459245,95.57371636845592
