images,Original_model_52_noise,Original_model_49_noise,Original_model_42_noise,fog_model_52_noise,fog_model_49_noise,fog_model_42_noise,night_model_52_noise,night_model_49_noise,night_model_42_noise,rain_model_52_noise,rain_model_49_noise,rain_model_42_noise,snow_model_52_noise,snow_model_49_noise,snow_model_42_noise,day_model_52_noise,day_model_49_noise,day_model_42_noise
9773,88.37624475596031,87.82410723421671,87.71019236672467,68.70915481428426,73.57113782871176,74.39847027524813,79.49455540775605,81.99045840581192,80.70185715747468,80.92718714826563,81.98032129335925,83.36211091783485,60.89200859510897,62.140843139261214,67.98297247518673,88.16177529929398,87.92612708482554,87.61806098434462
