category,sub-category,images,Original_model_52,Original_model_49,Original_model_42,fog_model_52,fog_model_49,fog_model_42,night_model_52,night_model_49,night_model_42,rain_model_52,rain_model_49,rain_model_42,snow_model_52,snow_model_49,snow_model_42,day_model_52,day_model_49,day_model_42
Dangerous warning,Dangerous warning,2228,83.93299371633752,86.80591561938961,86.2191247755835,68.49189407540396,73.51924596050272,73.87854578096946,78.14185368043087,83.39280969479353,83.21476211849192,78.99491921005387,81.73109964093358,81.32747755834829,62.07379263913826,64.00353231597846,68.22208707360863,83.43826750448832,87.07412926391383,86.39923249551167
Regularoty,Priority ,1041,92.50793467819405,93.08278578290107,93.27763688760807,86.83940441882805,86.07247838616715,82.3254274735831,89.8204226705091,91.35580211335255,87.7025168107589,92.02472622478386,91.54587896253604,91.54474543707974,81.16978866474544,79.82747358309318,84.05564841498558,92.79616714697406,93.1826320845341,93.37176753121997
Regularoty,Prohibitory,3957,88.29856962345212,88.52722264341672,86.98344958301743,61.48524134445288,68.76621430376545,71.8211220621683,78.01326257265603,83.11758908263835,82.6388627748294,77.07968915845338,80.16157947940357,81.55193580995704,53.95408137477886,55.26948951225674,62.49604751074044,88.14810462471571,88.37513520343695,86.70531210513015
Regularoty,Mandatory,1203,93.18327514546966,91.68731504571903,92.4359684123026,74.72860349127181,79.96539484621779,78.38538653366582,83.457680798005,79.79879467996676,72.40173732335828,84.87244389027431,86.28449709060682,87.94763092269326,61.01458021612635,65.0059434746467,71.73815461346632,92.60117206982544,91.76960931005819,92.26963424771405
Regularoty,Special regulations,1344,88.4677455357143,79.91084821428574,83.77938988095241,70.90714285714287,72.39741071428571,73.14008928571428,74.5529092261905,71.05500744047619,72.84015624999999,83.3311755952381,76.48654017857143,81.62217261904762,63.54360119047621,63.01984375000001,67.93079613095239,88.46912202380953,80.50484375,83.70574404761906
