category,images,Original_model_52_noise,Original_model_49_noise,Original_model_42_noise,fog_model_52_noise,fog_model_49_noise,fog_model_42_noise,night_model_52_noise,night_model_49_noise,night_model_42_noise,rain_model_52_noise,rain_model_49_noise,rain_model_42_noise,snow_model_52_noise,snow_model_49_noise,snow_model_42_noise,day_model_52_noise,day_model_49_noise,day_model_42_noise
Dangerous warning,2228,83.93299371633752,86.80591561938961,86.2191247755835,68.49189407540396,73.51924596050272,73.87854578096946,78.14185368043087,83.39280969479353,83.21476211849192,78.99491921005387,81.73109964093358,81.32747755834829,62.07379263913826,64.00353231597846,68.22208707360863,83.43826750448832,87.07412926391383,86.39923249551167
Regularoty,7545,89.68831411530817,88.12477402253147,88.15049701789268,68.77331080185553,73.58646123260436,74.55200132538104,79.89400132538103,81.57635122597748,79.95980914512923,81.49777601060305,82.05391517561299,83.96292776673295,60.543033797216694,61.5908005301524,67.91236315440688,89.55660304837642,88.17771769383698,87.97797481776011
