Epochs,model_55_test,model_45_test,model_24_test
epoch,88.23619074460285,86.45457696860382,86.01510850572122
