images,Original_model_52_noise,Original_model_49_noise,Original_model_42_noise,fog_model_52_noise,fog_model_49_noise,fog_model_42_noise,night_model_52_noise,night_model_49_noise,night_model_42_noise,rain_model_52_noise,rain_model_49_noise,rain_model_42_noise,snow_model_52_noise,snow_model_49_noise,snow_model_42_noise,day_model_52_noise,day_model_49_noise,day_model_42_noise
9773,90.2076097411235,92.63253965005627,88.43711347590302,75.73957126777857,78.44081960503426,73.73342781131689,85.6854179883352,89.18469252020874,80.99841195129439,83.67962856850507,87.00521641256525,81.35709812749411,63.951726184385564,68.59722296121967,59.13157270029673,90.04446843343906,92.51953954773356,88.13026603908727
