category,sub-category,images,Original_model_52,Original_model_49,Original_model_42,fog_model_52,fog_model_49,fog_model_42,night_model_52,night_model_49,night_model_42,rain_model_52,rain_model_49,rain_model_42,snow_model_52,snow_model_49,snow_model_42,day_model_52,day_model_49,day_model_42
Dangerous warning,Dangerous warning,2228,87.92714093357273,90.79897217235188,88.33054308797126,75.1343132854578,76.75,74.14671903052064,85.77177289048474,89.81245960502693,85.27921005385997,82.89924596050271,85.81705116696588,81.9566696588869,64.36167414721723,70.28778725314183,63.82347845601436,87.83668312387792,90.48377917414722,88.1065305206463
Regularoty,Priority ,1041,93.65888568683958,95.77328530259366,94.42964457252643,88.4706628242075,89.72031700288183,88.76118155619596,92.12195004803074,93.946762728146,90.97160422670511,92.60387127761767,93.27723342939483,92.21996157540825,81.4610758885687,83.18868395773295,78.48040345821325,93.46951008645533,95.77220941402499,93.94730067243036
Regularoty,Prohibitory,3957,90.39663886782915,93.68195097295933,88.93040687389437,70.88787212534747,74.85549911549153,69.06656052565073,86.88437452615617,90.4723376295173,84.50750063179176,80.51553449583018,85.24049785190803,79.7070988122315,56.70959565327269,62.11836997725548,55.24381349507203,90.14463229719483,93.4794692949204,88.4758453373768
Regularoty,Mandatory,1203,93.84946799667497,95.26152950955944,90.77203657522861,79.8013050706567,86.78261014131337,76.47446384039898,82.04568578553616,91.60370739817127,71.48790523690775,88.19532834580217,91.35525353283458,80.96260182876142,69.57710723192021,73.89842061512884,49.45837073981712,93.68346633416458,95.34472152950954,90.272144638404
Regularoty,Special regulations,1344,87.49850446428572,87.79658482142855,80.42992559523809,77.53075892857142,75.59642113095238,72.69520089285714,80.28474702380954,78.49922619047621,64.35850446428572,83.33475446428571,85.41887648809524,77.16032738095238,65.99724702380952,68.8228125,56.47162202380953,87.49938988095238,88.0199181547619,80.72938244047619
