category,images,Original_model_52_noise,Original_model_49_noise,Original_model_42_noise,fog_model_52_noise,fog_model_49_noise,fog_model_42_noise,night_model_52_noise,night_model_49_noise,night_model_42_noise,rain_model_52_noise,rain_model_49_noise,rain_model_42_noise,snow_model_52_noise,snow_model_49_noise,snow_model_42_noise,day_model_52_noise,day_model_49_noise,day_model_42_noise
Dangerous warning,2228,87.92714093357273,90.79897217235188,88.33054308797126,75.1343132854578,76.75,74.14671903052064,85.77177289048474,89.81245960502693,85.27921005385997,82.89924596050271,85.81705116696588,81.9566696588869,64.36167414721723,70.28778725314183,63.82347845601436,87.83668312387792,90.48377917414722,88.1065305206463
Regularoty,7545,90.88102054340624,93.17398277004641,88.46858316766073,75.91830086149768,78.94011000662688,73.61138502319416,85.65991782637508,88.99931610337973,79.73431411530815,83.91007157057653,87.35607554671971,81.18004771371768,63.830670642809814,68.09800795228628,57.74607687210073,90.69641616964876,93.12068919814448,88.13727501656726
