images,Original_model_42_ideallevelfog,fog1_model_42_ideallevelfog,fog2_model_42_ideallevelfog,fog3_model_42_ideallevelfog,fog4_model_42_ideallevelfog,fog5_model_42_ideallevelfog,fog6_model_42_ideallevelfog,fog7_model_42_ideallevelfog,fog8_model_42_ideallevelfog,fog9_model_42_ideallevelfog,fog10_model_42_ideallevelfog
9773,94.32109894607592,94.15741532794432,93.98327739690984,93.44205668679012,92.53003478972678,91.59974112350355,89.76748286094342,86.65745728026194,82.81005832395377,77.41645963368462,70.90984651591118
