category,sub-category,images,Original_model_42,fog1_model_42,fog2_model_42,fog3_model_42,fog4_model_42,fog5_model_42,fog6_model_42,fog7_model_42,fog8_model_42,fog9_model_42,fog10_model_42
Dangerous warning,Dangerous warning,2228,93.35773339317774,84.20021543985638,79.39918312387792,73.33965888689407,65.57536355475763,53.86099192100537,41.47298922800718,26.346983842010772,11.715053859964092,3.0522890484739675,0.6731418312387794
Regularoty,Priority ,1041,97.50278578290107,92.99077809798271,91.64219980787706,86.64610951008646,83.19102785782903,76.17471661863591,65.80407300672431,51.20154658981748,33.52479346781941,15.658751200768492,5.666781940441883
Regularoty,Prohibitory,3957,95.95666666666666,84.25675006317917,79.55619661359617,71.26576952236542,61.9162699014405,50.31618145059389,36.341584533737674,22.4656077836745,10.892590346221887,3.1340611574425075,0.9600227445034119
Regularoty,Mandatory,1203,96.17583541147131,87.44800498753118,82.21136325852036,74.3995178719867,62.26147132169576,49.2932502078138,33.1663923524522,17.041371571072318,5.404197838736491,1.6632169576059852,0.08390689941812136
Regularoty,Special regulations,1344,91.89109375,84.29956845238095,78.27177083333335,71.35543898809524,62.575357142857136,52.60599702380952,40.772894345238086,30.42865327380952,20.31036458333333,11.012239583333336,7.663065476190477
