category,images,Original_model_42_ideallevelfog,fog1_model_42_ideallevelfog,fog2_model_42_ideallevelfog,fog3_model_42_ideallevelfog,fog4_model_42_ideallevelfog,fog5_model_42_ideallevelfog,fog6_model_42_ideallevelfog,fog7_model_42_ideallevelfog,fog8_model_42_ideallevelfog,fog9_model_42_ideallevelfog,fog10_model_42_ideallevelfog
Dangerous warning,2228,92.95417863554758,92.86496858168759,92.32485188509874,91.56257181328546,89.766157989228,88.28660682226213,87.07368491921005,83.30470825852782,79.04060143626569,71.6771499102334,65.03396768402155
Regularoty,7545,94.72474353876741,94.53906825712393,94.47300198807156,93.9970589794566,93.34619350563285,92.5780927766733,90.56294764744864,87.6475069582505,83.92315970841618,79.1112485089463,72.6449635520212
