images,Original_model_52_noise,Original_model_49_noise,Original_model_42_noise,fognight_model_52_noise,fognight_model_49_noise,fognight_model_42_noise,fogsnow_model_52_noise,fogsnow_model_49_noise,fogsnow_model_42_noise,fograin_model_52_noise,fograin_model_49_noise,fograin_model_42_noise,rainnight_model_52_noise,rainnight_model_49_noise,rainnight_model_42_noise,snownight_model_52_noise,snownight_model_49_noise,snownight_model_42_noise
9773,92.92859715542822,93.2875698352604,93.48295508032336,77.13075514171697,74.44979637777551,77.16200961833623,75.28896961015042,73.11923053310139,75.75997544254581,79.62772843548552,77.50909546710324,80.35387496162899,90.57656297963777,90.45378082472116,90.98491046761485,83.22967359050443,82.65624680241481,84.83446945666633
