images,Original_model_42_noise,fognight_model_42_noise,fogsnow_model_42_noise,fograin_model_42_noise,rainnight_model_42_noise,snownight_model_42_noise
9773,92.60160237388723,76.56779085234832,67.33873324465361,75.71878952215287,76.36395272690064,51.765499846515915
