category,sub-category,images,Original_model_42,fognight_model_42,fogsnow_model_42,fograin_model_42,rainnight_model_42,snownight_model_42
Dangerous warning,Dangerous warning,2228,90.17179533213645,70.69092459605027,62.970906642728885,70.19808797127467,73.69827648114901,56.59815080789946
Regularoty,Priority ,1041,95.29217098943323,74.0605187319885,81.75017291066283,87.99402497598463,81.5544572526417,66.1833525456292
Regularoty,Prohibitory,3957,93.15140510487743,66.5660828910791,63.65869092747031,71.56809198888048,73.237568865302,54.711956027293404
Regularoty,Mandatory,1203,94.92947630922693,51.45472984206151,73.23258520365751,77.47428927680798,76.22517040731506,62.011670822942634
Regularoty,Special regulations,1344,89.58430803571427,48.81191220238095,70.61169642857143,73.5093005952381,66.96284226190477,52.1584375
