category,images,Original_model_42_noise,fognight_model_42_noise,fogsnow_model_42_noise,fograin_model_42_noise,rainnight_model_42_noise,snownight_model_42_noise
Dangerous warning,2228,90.17179533213645,70.69092459605027,62.970906642728885,70.19808797127467,73.69827648114901,56.59815080789946
Regularoty,7545,93.09486149768057,62.02812988734262,68.91985288270378,75.12190722332673,73.74369648774022,57.003719019218025
