category,sub-category,images,Original_model_52,Original_model_49,Original_model_42,fognight_model_52,fognight_model_49,fognight_model_42,fogsnow_model_52,fogsnow_model_49,fogsnow_model_42,fograin_model_52,fograin_model_49,fograin_model_42,rainnight_model_52,rainnight_model_49,rainnight_model_42,snownight_model_52,snownight_model_49,snownight_model_42
Dangerous warning,Dangerous warning,2228,90.52953321364453,90.97817324955116,90.89014362657093,76.032118491921,75.08916517055656,74.19258078994613,69.74854129263915,69.88250448833033,71.99434021543986,75.31458258527827,73.114236983842,76.83982944344703,89.31989676840215,88.64468132854577,88.91399910233395,82.04614452423698,82.13646768402155,83.03418761220826
Regularoty,Priority ,1041,96.63584053794429,95.86931796349664,97.11929875120077,86.9340441882805,85.87852065321808,89.23919308357348,85.87861671469742,84.82070124879922,88.66393852065325,88.76345821325647,87.60719500480309,91.06846301633044,95.10088376560999,94.23494716618637,95.67628242074929,90.30060518731989,89.33754082612873,92.88845341018252
Regularoty,Prohibitory,3957,94.36350770785947,94.28939347990902,93.80903967652262,76.69939347990902,74.37417487995957,75.74046247156936,73.97028809704321,70.33011877685115,71.57012130401822,78.72076573161486,76.11850897144302,77.70943896891586,91.53326762699014,91.1552817791256,90.90062168309325,82.81453373768007,81.90505433409146,82.738453373768
Regularoty,Mandatory,1203,94.92935162094763,95.0953200332502,94.34783042394017,80.29871155444721,74.23080631753946,80.38256857855362,82.12720698254363,79.80054031587697,82.79237738985867,86.3662344139651,83.45516209476308,84.12243557772237,93.51632585203656,92.35426433915215,93.4337157107232,88.03187032418953,86.36818786367414,88.94164588528682
Regularoty,Special regulations,1344,88.01864583333334,90.54857886904762,93.23041666666667,69.79324404761905,64.95639136904762,74.0327455357143,74.03292410714285,71.65278273809523,78.04872767857142,76.34039434523811,75.74499999999999,82.29276041666668,83.70738095238097,86.75761904761907,88.8404836309524,76.63869791666667,77.23202380952378,84.07541666666667
