category,images,Original_model_42_noise,fognight_model_42_noise,fogsnow_model_42_noise,fograin_model_42_noise,rainnight_model_42_noise,snownight_model_42_noise
Dangerous warning,2228,90.75261669658886,75.17884649910233,62.16499999999998,70.6449461400359,73.87782315978457,49.82215888689408
Regularoty,7545,93.14759840954274,76.97793903247185,68.86651027170309,77.21706958250498,77.09809410205433,52.33935851557323
