images,Original_model_52_noise,Original_model_49_noise,Original_model_42_noise,fog_model_52_noise,fog_model_49_noise,fog_model_42_noise,night_model_52_noise,night_model_49_noise,night_model_42_noise,rain_model_52_noise,rain_model_49_noise,rain_model_42_noise,snow_model_52_noise,snow_model_49_noise,snow_model_42_noise,day_model_52_noise,day_model_49_noise,day_model_42_noise
9773,88.29442341143967,85.57298373068659,88.59105085439477,71.47243016473959,71.45239844469457,73.98016064667962,79.59615573518877,77.67269415737235,82.29868822265426,80.78410007162591,81.4481827483884,82.28792387189195,59.265276782973494,58.86664176813671,63.56360175995089,88.03880282410725,85.7570019441318,88.36617415327946
