category,images,Original_model_52_noise,Original_model_49_noise,Original_model_42_noise,fog_model_52_noise,fog_model_49_noise,fog_model_42_noise,night_model_52_noise,night_model_49_noise,night_model_42_noise,rain_model_52_noise,rain_model_49_noise,rain_model_42_noise,snow_model_52_noise,snow_model_49_noise,snow_model_42_noise,day_model_52_noise,day_model_49_noise,day_model_42_noise
Dangerous warning,2228,85.00896768402154,82.31637342908436,86.44444793536805,68.44838868940754,66.74066876122082,71.4108078994614,82.85476211849192,78.59094254937162,81.55407091561939,78.68096947935368,76.93089317773789,80.96834380610412,57.9434380610413,56.91115798922801,66.02403500897667,84.5607091561939,82.62973070017954,86.31158886894076
Regularoty,7545,89.26460172299535,86.53464413518886,89.22493174287608,72.36541418157721,72.84374817760106,74.73887740225315,78.63390589794565,77.40154009277667,82.51856991385024,81.4051438038436,82.78211530815108,82.67758913187542,59.655609012591114,59.44408614976806,62.83704837640822,89.06586613651424,86.68046918489065,88.97288270377736
