category,sub-category,images,Original_model_52,Original_model_49,Original_model_42,fog_model_52,fog_model_49,fog_model_42,night_model_52,night_model_49,night_model_42,rain_model_52,rain_model_49,rain_model_42,snow_model_52,snow_model_49,snow_model_42,day_model_52,day_model_49,day_model_42
Dangerous warning,Dangerous warning,2228,85.00896768402154,82.31637342908436,86.44444793536805,68.44838868940754,66.74066876122082,71.4108078994614,82.85476211849192,78.59094254937162,81.55407091561939,78.68096947935368,76.93089317773789,80.96834380610412,57.9434380610413,56.91115798922801,66.02403500897667,84.5607091561939,82.62973070017954,86.31158886894076
Regularoty,Priority ,1041,93.56400576368877,93.56237271853986,94.81383285302594,84.051911623439,86.45890489913545,89.14189241114313,87.70083573487032,86.5507492795389,90.87528338136407,90.68332372718541,92.98657060518731,93.85170028818445,74.34877041306436,78.7723246878002,81.17571565802113,93.66183477425552,93.18175792507206,94.62297790585976
Regularoty,Prohibitory,3957,88.80567096285063,85.2419459186252,87.74363659337881,67.02061410159212,68.51237806419002,69.04322466515038,81.52600960323477,79.27688653019965,85.11594642405865,77.96346474601972,79.83150113722516,78.84768511498612,53.85470053070509,53.82902956785443,58.1752539802881,88.50103613848874,85.39285064442761,87.23672984584283
Regularoty,Mandatory,1203,92.9339650872818,89.85852036575227,91.51891105569409,78.38630922693267,75.8936907730673,78.72220282626765,70.40738985868661,71.65373233582712,74.23080631753949,86.53231088944305,86.69949293433083,83.7919118869493,64.67119700748128,60.681945137157086,54.86206151288445,92.8520365752286,90.19109725685787,91.85355777223607
Regularoty,Special regulations,1344,84.00125744047618,81.92208333333333,87.20393601190476,73.66049851190478,72.32051339285715,76.78665922619045,70.45962797619048,69.93840029761904,75.8169494047619,79.76240327380951,80.05900297619047,84.30121279761903,60.864583333333336,59.897165178571434,69.4963318452381,83.78005208333332,82.29354910714284,87.1296949404762
