images,Original_model_52_norm,Original_model_49_norm,Original_model_42_norm,fog_model_52_norm,fog_model_49_norm,fog_model_42_norm,night_model_52_norm,night_model_49_norm,night_model_42_norm,rain_model_52_norm,rain_model_49_norm,rain_model_42_norm,snow_model_52_norm,snow_model_49_norm,snow_model_42_norm,day_model_52_norm,day_model_49_norm,day_model_42_norm
9773,94.74086871994271,94.87278113168936,94.14682697227056,51.325129438248226,54.722480302875276,54.128508134656705,92.73467819502712,92.11184999488384,90.4737777550394,88.25347999590707,88.89812749411645,87.71046045226643,67.41073877008084,71.26796684743682,69.68197175892766,94.78149595825232,94.88331014018215,94.14719124117468
