category,sub-category,images,Original_model_52,Original_model_49,Original_model_42,fog_model_52,fog_model_49,fog_model_42,night_model_52,night_model_49,night_model_42,rain_model_52,rain_model_49,rain_model_42,snow_model_52,snow_model_49,snow_model_42,day_model_52,day_model_49,day_model_42
Dangerous warning,Dangerous warning,2228,93.89708258527828,93.40236086175943,92.14507630161579,51.52530969479353,50.94276929982047,54.89232046678636,93.26696140035907,90.84532315978456,88.86922800718132,87.65907989228006,88.01768402154399,86.08627917414722,67.55028725314182,70.60126122082585,70.28682675044885,93.94059245960503,93.35737432675043,92.32609964093356
Regularoty,Priority ,1041,97.79253602305475,97.0200576368876,97.01938520653218,74.447646493756,78.48158501440923,76.84687800192123,96.53928914505285,95.29289145052834,95.77597502401535,95.29285302593658,94.71628242074928,94.7163400576369,82.51478386167148,83.47760806916428,83.95622478386167,97.88871277617676,96.82854947166186,97.02010566762729
Regularoty,Prohibitory,3957,95.9568562041951,95.62655799848373,95.90647207480417,44.376982562547376,48.1433257518322,47.990849128127365,93.78361132170835,92.36806419004296,92.31689158453375,86.7061233257518,86.98586302754615,86.35220621683092,61.71472327520849,66.10978771796817,63.63433156431639,96.00727318675763,95.65252716704578,95.88082638362397
Regularoty,Mandatory,1203,95.59331670822941,96.09138819617623,95.92681629260184,54.77922693266834,60.51498753117207,55.859293433083955,94.01384039900249,94.84807148794681,93.34858686616792,92.01960931005819,92.18568578553618,92.18544472152949,73.23392352452201,75.89500415627597,74.48118038237737,95.67620947630921,96.09193682460516,95.76070656691606
Regularoty,Special regulations,1344,89.43284226190477,92.33714285714282,88.4662648809524,50.44863839285716,56.77106398809525,51.786979166666654,84.67218749999998,88.54402529761904,81.02716517857145,84.97116815476191,88.53862351190477,84.96995535714285,67.03843005952382,73.96124999999999,71.13282738095238,89.35901041666668,92.55966517857142,88.39245535714288
