category,images,Original_model_52_norm,Original_model_49_norm,Original_model_42_norm,fog_model_52_norm,fog_model_49_norm,fog_model_42_norm,night_model_52_norm,night_model_49_norm,night_model_42_norm,rain_model_52_norm,rain_model_49_norm,rain_model_42_norm,snow_model_52_norm,snow_model_49_norm,snow_model_42_norm,day_model_52_norm,day_model_49_norm,day_model_42_norm
Dangerous warning,2228,93.89708258527828,93.40236086175943,92.14507630161579,51.52530969479353,50.94276929982047,54.89232046678636,93.26696140035907,90.84532315978456,88.86922800718132,87.65907989228006,88.01768402154399,86.08627917414722,67.55028725314182,70.60126122082585,70.28682675044885,93.94059245960503,93.35737432675043,92.32609964093356
Regularoty,7545,94.99003445990724,95.30698873426113,94.73793373094766,51.26601722995361,55.838609675281646,53.902958250497015,92.57749768058316,92.48584890656062,90.94759310801857,88.4290033134526,89.15811795891321,88.19007289595757,67.36953081510934,71.46484161696488,69.50336116633532,95.02981047051027,95.33391119946987,94.68495029821075
