images,Original_model_52_norm,Original_model_49_norm,Original_model_42_norm,fog_model_52_norm,fog_model_49_norm,fog_model_42_norm,night_model_52_norm,night_model_49_norm,night_model_42_norm,rain_model_52_norm,rain_model_49_norm,rain_model_42_norm,snow_model_52_norm,snow_model_49_norm,snow_model_42_norm,day_model_52_norm,day_model_49_norm,day_model_42_norm
9773,95.1600695794536,94.87283433950681,94.50571574746752,54.221370101299506,54.37477847129848,54.68059961117364,92.56128721989153,92.00859101606468,92.18264197278215,89.32759029980558,89.47041645349432,88.11071318939938,70.63405709608104,73.74447968893892,68.55618029264299,95.10895323851429,94.86300214877724,94.57703366417682
