category,sub-category,images,Original_model_52,Original_model_49,Original_model_42,fog_model_52,fog_model_49,fog_model_42,night_model_52,night_model_49,night_model_42,rain_model_52,rain_model_49,rain_model_42,snow_model_52,snow_model_49,snow_model_42,day_model_52,day_model_49,day_model_42
Dangerous warning,Dangerous warning,2228,93.26815978456014,93.49288599640933,93.49233393177738,54.03969479353682,54.84789048473968,56.77810143626571,91.87630610412926,91.87632854578098,92.19144075403949,87.83611759425493,88.77824506283662,86.8946723518851,68.44641831238779,73.92168312387793,68.89545332136447,93.17815978456014,93.5815619389587,93.62646319569122
Regularoty,Priority ,1041,97.69403458213257,98.0759558117195,96.63917387127762,79.15414024975983,78.10006724303554,80.40233429394813,96.54451488952931,95.86665706051875,96.34984630163305,96.05890489913543,96.16006724303554,94.0445437079731,84.82371757925073,86.45727185398655,80.4055139289145,97.50222862632084,98.2703554274736,96.73533141210375
Regularoty,Prohibitory,3957,96.20914076320446,95.75328026282537,95.62832701541572,47.58731867576447,47.86514783927218,48.822934040940105,93.2266489764973,93.32816780389184,93.30309072529693,88.0211321708365,87.96931513773062,86.6569724538792,65.10032600454888,68.46255243871623,62.57216830932523,96.15847106393736,95.60225676017185,95.70346474601973
Regularoty,Mandatory,1203,95.92462177888613,95.7593349958437,95.7595012468828,54.197980049875305,58.27005818786368,52.20216957605985,94.09719035743976,92.51957605985037,93.76402327514548,92.51836242726516,92.35211138819616,92.60330008312553,76.72689941812136,80.79697423108894,77.058570241064,95.92462177888613,95.76064837905236,95.5937157107232
Regularoty,Special regulations,1344,92.56065476190479,91.29373511904762,90.10572172619045,54.76366071428571,50.89298363095237,50.745163690476204,87.27785714285714,84.89709821428572,84.22603422619048,87.57674107142857,87.27652529761905,85.78935267857142,74.1086904761905,72.84240327380951,68.82351934523811,92.63590029761906,91.3681324404762,90.25465773809522
