category,images,Original_model_52_norm,Original_model_49_norm,Original_model_42_norm,fog_model_52_norm,fog_model_49_norm,fog_model_42_norm,night_model_52_norm,night_model_49_norm,night_model_42_norm,rain_model_52_norm,rain_model_49_norm,rain_model_42_norm,snow_model_52_norm,snow_model_49_norm,snow_model_42_norm,day_model_52_norm,day_model_49_norm,day_model_42_norm
Dangerous warning,2228,93.26815978456014,93.49288599640933,93.49233393177738,54.03969479353682,54.84789048473968,56.77810143626571,91.87630610412926,91.87632854578098,92.19144075403949,87.83611759425493,88.77824506283662,86.8946723518851,68.44641831238779,73.92168312387793,68.89545332136447,93.17815978456014,93.5815619389587,93.62646319569122
Regularoty,7545,95.71874088800531,95.28032604373757,94.80496222664017,54.27501789264414,54.23507090788602,54.06121802518224,92.76355864811131,92.04764744864148,92.18004373757455,89.76801457919152,89.6748111332008,88.46980384360505,71.28005566600397,73.69215241882043,68.4559946984758,95.6791066931743,95.24140490390988,94.8577322730285
