images,Original_model_52_noise,Original_model_49_noise,Original_model_42_noise,fog_model_52_noise,fog_model_49_noise,fog_model_42_noise,night_model_52_noise,night_model_49_noise,night_model_42_noise,rain_model_52_noise,rain_model_49_noise,rain_model_42_noise,snow_model_52_noise,snow_model_49_noise,snow_model_42_noise,day_model_52_noise,day_model_49_noise,day_model_42_noise
9773,90.74848357720249,90.39186636651999,88.35509260206692,75.13607694668987,80.9467215798629,76.15878952215287,82.67717896244756,82.82997953545483,80.34399263276373,83.25024455131485,84.94768648316791,82.98407142126266,60.534072444489915,62.90758620689657,61.66033152563186,90.40228486646885,90.40141921620793,88.42685255295201
