category,images,Original_model_52_noise,Original_model_49_noise,Original_model_42_noise,fog_model_52_noise,fog_model_49_noise,fog_model_42_noise,night_model_52_noise,night_model_49_noise,night_model_42_noise,rain_model_52_noise,rain_model_49_noise,rain_model_42_noise,snow_model_52_noise,snow_model_49_noise,snow_model_42_noise,day_model_52_noise,day_model_49_noise,day_model_42_noise
Dangerous warning,2228,87.7007315978456,89.18241023339318,86.44537253141831,72.84574955116697,78.94911131059246,74.057118491921,83.66304308797129,86.30989228007182,80.7007540394973,81.23869838420109,84.42447037701976,81.23877019748653,63.107863554757635,65.30600538599643,60.458101436265736,87.02825852782763,89.04761220825853,86.5350538599641
Regularoty,7545,91.64846918489064,90.74901259111994,88.91902319416832,75.81239893969517,81.5366056991385,76.77940225314778,82.38605831676607,81.80237905897945,80.2386428098078,83.84424387011265,85.10218952948973,83.49944996686547,59.774045062955594,62.19934526176277,62.015343936381726,91.39861762756793,90.8011915175613,88.98549105367792
