category,sub-category,images,Original_model_52,Original_model_49,Original_model_42,fog_model_52,fog_model_49,fog_model_42,night_model_52,night_model_49,night_model_42,rain_model_52,rain_model_49,rain_model_42,snow_model_52,snow_model_49,snow_model_42,day_model_52,day_model_49,day_model_42
Dangerous warning,Dangerous warning,2228,87.7007315978456,89.18241023339318,86.44537253141831,72.84574955116697,78.94911131059246,74.057118491921,83.66304308797129,86.30989228007182,80.7007540394973,81.23869838420109,84.42447037701976,81.23877019748653,63.107863554757635,65.30600538599643,60.458101436265736,87.02825852782763,89.04761220825853,86.5350538599641
Regularoty,Priority ,1041,94.7150144092219,95.0056772334294,94.33199807877041,88.1852065321806,89.9124399615754,88.6645437079731,92.2199135446686,91.54817483189241,90.5878674351585,92.79623439000962,92.89218059558118,92.22084534101825,78.86590778097982,82.61195965417869,77.90581171950049,94.52295869356388,94.90618635926994,94.33132564841497
Regularoty,Prohibitory,3957,91.30459438968916,91.5342102602982,89.81469547637099,71.01317664897648,80.76785190801111,74.02012635835229,84.23115744250694,87.1361814505939,83.95195097295928,80.9962926459439,85.21587060904726,82.26002527167043,54.9655420773313,59.33729087692697,57.291412686378585,90.90288097043215,91.53385392974475,89.58750821329289
Regularoty,Mandatory,1203,92.3515378221114,93.10033250207812,91.60389027431422,78.13939318370741,83.70652535328344,82.46187863674149,75.89365752285953,71.48793017456359,78.22193682460517,84.62295926849544,85.61843724023274,87.61334995843725,53.946982543640885,58.8532834580216,67.00054862842893,92.35310058187865,93.26733998337492,92.10319201995013
Regularoty,Special regulations,1344,89.65639136904761,83.03558035714286,79.6861532738095,78.27598214285716,75.37016369047619,70.61125,75.14815476190476,67.78232886904763,63.095037202380965,84.5983556547619,78.2716369047619,76.71106398809525,64.35929315476191,57.81015624999999,59.15330357142856,89.58384672619049,83.25712797619047,80.28177827380951
