images,Original_model_42_noise,fognight_model_42_noise,fogsnow_model_42_noise,fograin_model_42_noise,rainnight_model_42_noise,snownight_model_42_noise
9773,92.39753402230636,63.358545994065274,62.74470377570859,71.26724342576486,71.40060882021896,52.593337767318125
