images,Original_model_42_noise,fognight_model_42_noise,fogsnow_model_42_noise,fograin_model_42_noise,rainnight_model_42_noise,snownight_model_42_noise
9773,92.89940550496266,74.85023534226953,66.5924670009209,76.39397216821854,75.86297145195945,49.10489409597872
