category,sub-category,images,Original_model_42,fognight_model_42,fogsnow_model_42,fograin_model_42,rainnight_model_42,snownight_model_42
Dangerous warning,Dangerous warning,2228,91.15918312387792,73.78999102333933,60.00827199281867,71.72286355475762,73.78903500897667,47.4420421903052
Regularoty,Priority ,1041,96.83125840537944,88.37995196926032,83.09456292026898,89.05121998078769,85.40109510086455,61.383448607108534
Regularoty,Prohibitory,3957,93.70709628506445,73.3392645943897,63.205415718979005,74.04523629011877,73.71784685367703,45.818875410664646
Regularoty,Mandatory,1203,94.51517871986701,77.55479634247715,73.31758935993349,82.95997506234413,79.88377389858685,53.282502078137995
Regularoty,Special regulations,1344,88.91454613095236,68.15612351190475,68.67813988095239,75.3717113095238,74.6299181547619,48.286421130952384
