category,sub-category,images,Original_model_42,fognight_model_42,fogsnow_model_42,fograin_model_42,rainnight_model_42,snownight_model_42
Dangerous warning,Dangerous warning,2228,90.08073159784561,66.74099192100539,55.70073159784561,66.56096947935369,69.4792908438061,51.34670107719928
Regularoty,Priority ,1041,95.38910662824208,74.5458693563881,78.9619980787704,84.34402497598464,80.40415946205572,63.97507204610952
Regularoty,Prohibitory,3957,93.37867576446803,62.926487237806406,59.99514025777104,69.16765984331563,70.48227950467526,50.21407379327775
Regularoty,Mandatory,1203,94.26465502909393,63.25847880299252,69.99254364089775,77.47346633416458,76.47371571072317,58.85276807980049
Regularoty,Special regulations,1344,89.36113839285714,50.44779017857143,63.46839285714285,69.56680803571427,65.77477678571428,47.24644345238095
