category,images,Original_model_42_noise,fognight_model_42_noise,fogsnow_model_42_noise,fograin_model_42_noise,rainnight_model_42_noise,snownight_model_42_noise
Dangerous warning,2228,90.08073159784561,66.74099192100539,55.70073159784561,66.56096947935369,69.4792908438061,51.34670107719928
Regularoty,7545,93.08167395626243,62.359726971504294,64.82475281643472,72.65698210735586,71.96796421471173,52.96146322067595
