category,images,Original_model_52_noise,Original_model_49_noise,Original_model_42_noise,fognight_model_52_noise,fognight_model_49_noise,fognight_model_42_noise,fogsnow_model_52_noise,fogsnow_model_49_noise,fogsnow_model_42_noise,fograin_model_52_noise,fograin_model_49_noise,fograin_model_42_noise,rainnight_model_52_noise,rainnight_model_49_noise,rainnight_model_42_noise,snownight_model_52_noise,snownight_model_49_noise,snownight_model_42_noise
Dangerous warning,2228,89.90216337522442,90.1704712746858,90.61882854578096,72.30470377019749,74.91115350089767,73.60713195691203,69.16687163375224,71.54367145421905,70.51181777378814,73.56457809694795,75.4937342908438,74.99863105924595,88.10580341113106,88.33151256732495,89.13739228007181,80.2499551166966,82.31614901256734,83.70770197486533
Regularoty,7545,93.59845725646122,93.2268257123923,93.84963154406891,75.13710934393639,76.48872233267065,76.8989383697813,77.31044797879389,76.30215109343936,77.44139960238569,81.26000132538105,79.76151225977468,80.91502319416831,90.45735984095428,90.68289728296885,91.79553744201458,82.17402650762095,83.38048508946319,85.91094234592445
