filter,ideal_42,noise_42
Original,94.61788601248338,92.34603397114502
fognight,39.639616289777955,73.86733244653637
fogsnow,34.093901565537706,65.71248951192058
fograin,43.84589685869232,74.71630410314131
rainnight,63.388084518571574,75.61667553463627
snownight,27.08432518162283,50.177956615164234
