filter,ideal_42,noise_42
Original,94.61788601248338,92.6238248234933
fognight,39.639616289777955,69.96878440601655
fogsnow,34.093901565537706,66.38701012994986
fograin,43.84589685869232,73.07841706743066
rainnight,63.388084518571574,74.41924997441932
snownight,27.08432518162283,56.972901872505886
