filter,ideal_42,noise_42
Original,94.61788601248338,92.63354343599714
fognight,39.639616289777955,75.31005013813567
fogsnow,34.093901565537706,67.5224670009209
fograin,43.84589685869232,76.34254476619257
rainnight,63.388084518571574,76.42473447252634
snownight,27.08432518162283,51.74418499948838
