images,Original_model_42_ideallevelfog,fog1_model_42_ideallevelfog,fog2_model_42_ideallevelfog,fog3_model_42_ideallevelfog,fog4_model_42_ideallevelfog,fog5_model_42_ideallevelfog,fog6_model_42_ideallevelfog,fog7_model_42_ideallevelfog,fog8_model_42_ideallevelfog,fog9_model_42_ideallevelfog,fog10_model_42_ideallevelfog
9773,94.61794638289163,94.52585081346567,94.3107623043078,93.78899928374095,92.90969200859512,91.81388826358334,89.89085337153381,87.02547426583443,82.29877315051674,77.25331934922747,70.11239946792182
