category,sub-category,images,Original_model_42,fog1_model_42,fog2_model_42,fog3_model_42,fog4_model_42,fog5_model_42,fog6_model_42,fog7_model_42,fog8_model_42,fog9_model_42,fog10_model_42
Dangerous warning,Dangerous warning,2228,93.17851436265707,93.22355475763015,92.5491157989228,92.23439407540394,91.33723967684023,90.25993267504488,88.55552962298025,85.90596947935366,80.161539497307,74.59614901256732,66.60575852782765
Regularoty,Priority ,1041,97.5974831892411,97.59600384245917,97.59587896253603,96.83000960614794,96.83138328530259,96.15666666666667,96.15707012487992,94.52269932756965,91.83737752161383,89.72383285302594,84.15170989433237
Regularoty,Prohibitory,3957,95.60300480161739,95.29996967399545,95.27455900935051,94.33987616881477,93.25398534243115,91.68614354308819,89.08204195097295,85.41841293909526,79.93458933535507,74.60015163002272,66.21291129643669
Regularoty,Mandatory,1203,95.42821280133,95.26203657522858,95.17787198669993,95.17727348295925,94.92723192019949,94.0139983374896,92.4358021612635,90.27409808811306,87.03280133000831,81.04581878636742,76.226783042394
Regularoty,Special regulations,1344,91.07087053571428,91.36860863095238,91.07286458333333,91.14618303571427,89.65930059523811,89.43303571428571,87.35429315476189,84.89801339285714,81.17683035714285,76.41595238095239,71.05923363095238
