category,images,Original_model_42_ideallevelfog,fog1_model_42_ideallevelfog,fog2_model_42_ideallevelfog,fog3_model_42_ideallevelfog,fog4_model_42_ideallevelfog,fog5_model_42_ideallevelfog,fog6_model_42_ideallevelfog,fog7_model_42_ideallevelfog,fog8_model_42_ideallevelfog,fog9_model_42_ideallevelfog,fog10_model_42_ideallevelfog
Dangerous warning,2228,93.17851436265707,93.22355475763015,92.5491157989228,92.23439407540394,91.33723967684023,90.25993267504488,88.55552962298025,85.90596947935366,80.161539497307,74.59614901256732,66.60575852782765
Regularoty,7545,95.04300331345262,94.91041219350562,94.83096752816435,94.24806626905237,93.37402915838304,92.2727634194831,90.28516766070244,87.35605831676607,82.92988734261101,78.03796819085488,71.14789264413518
