images,Original_model_52_noise,Original_model_49_noise,Original_model_42_noise,fognight_model_52_noise,fognight_model_49_noise,fognight_model_42_noise,fogsnow_model_52_noise,fogsnow_model_49_noise,fogsnow_model_42_noise,fograin_model_52_noise,fograin_model_49_noise,fograin_model_42_noise,rainnight_model_52_noise,rainnight_model_49_noise,rainnight_model_42_noise,snownight_model_52_noise,snownight_model_49_noise,snownight_model_42_noise
9773,92.70472219379924,92.77609331832602,92.8476915993042,76.47557863501484,74.45917630205669,74.39825949043282,78.8797544254579,77.69309219277602,79.30979126163919,79.1773989563082,77.93875268597155,79.12664790750026,90.56523790033768,90.27863501483681,90.23816739997955,90.402159009516,90.02287731505166,90.58567788805894
