category,sub-category,images,Original_model_52,Original_model_49,Original_model_42,fognight_model_52,fognight_model_49,fognight_model_42,fogsnow_model_52,fogsnow_model_49,fogsnow_model_42,fograin_model_52,fograin_model_49,fograin_model_42,rainnight_model_52,rainnight_model_49,rainnight_model_42,snownight_model_52,snownight_model_49,snownight_model_42
Dangerous warning,Dangerous warning,2228,90.48528276481149,90.7992684021544,90.97970377019749,73.51912926391383,71.99136894075406,73.20406642728906,74.10176840215438,72.35079443447037,74.46026481149012,74.45955565529623,73.43063734290845,74.28097845601435,88.688842010772,88.465763016158,88.77842459605027,87.97083931777378,87.88184919210055,89.3172935368043
Regularoty,Priority ,1041,95.8712199807877,96.53868395773296,96.73117195004804,87.51049951969262,87.41494716618637,86.84043227665707,89.91077809798273,89.43341978866476,89.72323727185399,90.68597502401538,89.81515850144093,89.62677233429396,95.48528338136407,95.29356388088375,94.90973102785783,96.15738712776177,96.2534101825168,94.42747358309317
Regularoty,Prohibitory,3957,93.27828910791003,93.65766995198385,93.98570381602227,74.87932524639879,73.11045236290119,73.99453373768007,76.82499115491535,76.11799848369976,78.39207480414453,77.10440232499369,75.78898155168055,77.40843821076574,90.79914076320446,91.07821329289865,91.35615365175639,90.72605256507454,90.72455648218344,91.58369471822087
Regularoty,Mandatory,1203,95.84356608478804,95.17986699916874,94.84546134663344,82.2944472152951,80.46520365752285,74.72846217788862,86.36708229426435,85.3700748129676,84.28851205320032,85.9508561928512,85.95090606816292,85.53588528678306,94.0148379052369,94.26195344970905,92.4358437240233,94.18115544472153,92.85020781379885,93.2659684123026
Regularoty,Special regulations,1344,89.4331101190476,88.39169642857142,87.79764880952379,72.32073660714285,67.11019345238095,67.63387648809524,77.60408482142857,75.22151041666667,77.52880208333336,78.12479910714283,75.37087053571427,78.34849702380951,86.08861607142858,83.48002976190475,83.78097470238097,85.63877232142858,84.14966517857142,84.37519345238096
