category,images,Original_model_52_noise,Original_model_49_noise,Original_model_42_noise,fognight_model_52_noise,fognight_model_49_noise,fognight_model_42_noise,fogsnow_model_52_noise,fogsnow_model_49_noise,fogsnow_model_42_noise,fograin_model_52_noise,fograin_model_49_noise,fograin_model_42_noise,rainnight_model_52_noise,rainnight_model_49_noise,rainnight_model_42_noise,snownight_model_52_noise,snownight_model_49_noise,snownight_model_42_noise
Dangerous warning,2228,90.53045332136446,90.21629712746858,90.57658438061041,71.4984380610413,72.35288150807901,74.01263464991024,73.07070017953322,73.11645421903053,75.0895960502693,73.47429982046678,74.50652154398563,74.90961400359065,89.09390933572709,87.83588420107719,88.1954039497307,88.28614452423699,87.79127468581689,88.55472172351885
Regularoty,7545,93.69091318754141,93.09401722995362,93.74425579854208,75.40158913187541,73.3333267064281,77.16363286944996,79.41753346587144,79.03289728296888,79.43021471172965,78.83371636845592,78.48990059642146,80.2518197481776,90.59038436050366,90.53722995361164,90.98783962889331,90.60262027833004,90.02038303512259,90.9869105367793
