images,Original_model_42_noise,fognight_model_42_noise,fogsnow_model_42_noise,fograin_model_42_noise,rainnight_model_42_noise,snownight_model_42_noise
9773,93.12353729663356,68.03469149698148,65.32248234932977,73.57024148163309,72.44438452880385,53.40245676864832
