images,Original_model_52_noise,Original_model_49_noise,Original_model_42_noise,fognight_model_52_noise,fognight_model_49_noise,fognight_model_42_noise,fogsnow_model_52_noise,fogsnow_model_49_noise,fogsnow_model_42_noise,fograin_model_52_noise,fograin_model_49_noise,fograin_model_42_noise,rainnight_model_52_noise,rainnight_model_49_noise,rainnight_model_42_noise,snownight_model_52_noise,snownight_model_49_noise,snownight_model_42_noise
9773,92.91945871278011,92.91912514069372,92.94980967972987,74.64427708994168,74.72649340018417,76.35309014632149,74.29677888058936,74.90024557454208,75.02260922950987,77.70344827586206,78.3175974623964,79.52459736007367,90.65733244653637,90.71962038268698,90.11574849073979,84.30336948736314,83.14782154916608,83.05517343702037
