images,Original_model_42_noise,fognight_model_42_noise,fogsnow_model_42_noise,fograin_model_42_noise,rainnight_model_42_noise,snownight_model_42_noise
9773,92.57089225416965,74.36699171185919,67.62455438452879,75.71866673488182,77.08943722500767,53.626757392816934
