category,sub-category,images,Original_model_42,fognight_model_42,fogsnow_model_42,fograin_model_42,rainnight_model_42,snownight_model_42
Dangerous warning,Dangerous warning,2228,90.97741921005385,70.64442549371634,60.00859964093356,69.1200314183124,75.40289497307,50.00004937163375
Regularoty,Priority ,1041,95.48556195965419,84.33928914505283,82.61343900096061,88.18197886647458,85.39753121998078,66.85876080691642
Regularoty,Prohibitory,3957,92.99994187515796,73.38779883750314,64.29063179176143,73.4658680818802,74.24783674500885,48.84958554460451
Regularoty,Mandatory,1203,94.84583541147134,79.96662510390689,76.2250872817955,82.70990024937656,83.54305901911887,63.175004156275996
Regularoty,Special regulations,1344,89.65540178571429,70.68471726190475,70.75759672619047,77.37887648809524,76.03988095238095,54.90839285714285
