category,images,Original_model_52_noise,Original_model_49_noise,Original_model_42_noise,fognight_model_52_noise,fognight_model_49_noise,fognight_model_42_noise,fogsnow_model_52_noise,fogsnow_model_49_noise,fogsnow_model_42_noise,fograin_model_52_noise,fograin_model_49_noise,fograin_model_42_noise,rainnight_model_52_noise,rainnight_model_49_noise,rainnight_model_42_noise,snownight_model_52_noise,snownight_model_49_noise,snownight_model_42_noise
Dangerous warning,2228,91.02351885098743,90.17136445242369,90.48446140035907,71.99316876122083,71.40908886894074,74.10125673249551,69.25520197486536,69.21040394973069,69.12014811490124,73.29595152603233,71.58803411131059,73.56442549371634,89.22890035906642,89.0934829443447,87.70224416517057,83.30425942549373,81.95912028725316,81.05882405745064
Regularoty,7545,93.47932007952289,93.73052485089461,93.67781444665341,75.42713585155731,75.70610603048375,77.0180450629556,75.78553081510933,76.58042677269714,76.76557587806494,79.00495957587805,80.30480318091452,81.2846056991385,91.07914115308152,91.19981047051027,90.82844400265077,84.59840159045726,83.49883896620278,83.64468522200133
