category,images,Original_model_42_noise,fognight_model_42_noise,fogsnow_model_42_noise,fograin_model_42_noise,rainnight_model_42_noise,snownight_model_42_noise
Dangerous warning,2228,91.42697037701974,70.37606373429082,60.816270197486546,71.18605924596051,72.75488779174148,51.301952423698374
Regularoty,7545,93.6245248508946,67.34329622266402,66.6531438038436,74.2742783300199,72.35269449966866,54.022724983432745
