filter,one_55,one_45,one_24,noise_55,noise_45,noise_24,norm_55,norm_45,norm_24,baseline_55,baseline_45,baseline_24
Original,84.3144745670505,88.14926375918034,83.69817753196119,14.842448998095929,15.75817843866171,15.214296853749207,89.3007289872155,90.38874149968265,88.64763079154953,85.33932416436505,84.78664562313286,83.50100219829773
fog,28.67892283978602,24.870755281530506,18.741447094024842,10.254783751926738,10.653794541662885,9.338739686281622,29.268377006074896,30.392441744491798,30.427672499773323,33.35202807057098,26.131321796967477,23.51579899667437
night,68.82684014869889,77.53234382083598,69.75231027291687,13.972021035451993,15.332254057484814,14.470719013509836,86.26337201922206,86.0362970350893,84.70383352978513,82.44748999492703,76.219143227552,75.02924976044191
rain,76.8796273460876,81.38558436848308,73.4246513736513,14.198547465772057,14.969523982228672,14.289421525070267,82.44677214616014,84.70452352887841,82.69160032641217,78.5129417732935,78.02796234710559,75.94897976438756
snow,76.67069090579382,80.2522957657086,75.07476199111433,14.0988892918669,14.77011696436667,14.153449088765981,80.89580651010971,82.70875328678939,81.48545743041072,76.05411081675216,76.62410292542697,75.60392931627304
day,84.32378910145978,88.01344183516183,83.42560431589446,14.833575120137821,15.712974884395686,15.187016955299661,89.42773234200743,90.39760721733612,88.71122404569772,85.25360577194071,84.61712473930444,83.30326757229018
