filter,one_52,one_49,one_42,noise_52,noise_49,noise_42,baseline_52,baseline_49,baseline_42,norm_52,norm_49,norm_42,baseline_55,baseline_45,baseline_24
Original,83.99261511965193,81.71710297316895,84.35463741841913,12.870902011680727,9.333184388615926,12.50579401130991,13.079696857328269,13.693070362473348,12.95144618522295,22.458370260498747,18.83595438954297,24.827734309817373,85.33932416436505,84.78664562313286,83.50100219829773
fog,23.53221265409717,29.813460841189272,29.550588288614932,9.795822749606007,8.942562343561693,9.808102345415778,9.42017984611106,6.171780847316214,12.050660980810237,8.379213868545472,13.283435616946324,10.321918976545843,33.35202807057098,26.131321796967477,23.51579899667437
night,68.62779278462654,63.352374002900646,72.13538614938362,11.775939556874018,11.62297765829239,16.57782515991471,8.173117641605636,14.652558635394458,11.991957912301844,28.294970798183,23.202321312691197,22.331002132196158,82.44748999492703,76.219143227552,75.02924976044191
rain,75.6167766497462,73.5860569253082,77.11209390862945,13.971211643645129,13.328352646704367,11.416519885046815,12.43086771113377,13.648062482617968,12.95144618522295,25.382996199128584,20.52847779734866,27.689203671085565,78.5129417732935,78.02796234710559,75.94897976438756
snow,75.97046410442351,73.19667693981145,75.89766044234955,12.993735051450821,11.576625567813108,13.504681561138407,13.079696857328269,14.646950032446465,13.91093445814406,24.615869101696486,20.696990822286082,25.889197181792902,76.05411081675216,76.62410292542697,75.60392931627304
day,83.59367204496012,81.48136058738216,84.32732052211747,12.870902011680727,9.333184388615926,13.504681561138407,13.079696857328269,13.693070362473348,12.95144618522295,25.140510800037074,19.673281728005932,26.579843329934178,85.25360577194071,84.61712473930444,83.30326757229018
