images,Originalmodel_55_noise,Originalmodel_45_noise,Originalmodel_24_noise,fogmodel_55_noise,fogmodel_45_noise,fogmodel_24_noise,nightmodel_55_noise,nightmodel_45_noise,nightmodel_24_noise,rainmodel_55_noise,rainmodel_45_noise,rainmodel_24_noise,snowmodel_55_noise,snowmodel_45_noise,snowmodel_24_noise,daymodel_55_noise,daymodel_45_noise,daymodel_24_noise,Originalmodel_55_norm,Originalmodel_45_norm,Originalmodel_24_norm,fogmodel_55_norm,fogmodel_45_norm,fogmodel_24_norm,nightmodel_55_norm,nightmodel_45_norm,nightmodel_24_norm,rainmodel_55_norm,rainmodel_45_norm,rainmodel_24_norm,snowmodel_55_norm,snowmodel_45_norm,snowmodel_24_norm,daymodel_55_norm,daymodel_45_norm,daymodel_24_norm,Originalmodel_55_baseline,Originalmodel_45_baseline,Originalmodel_24_baseline,fogmodel_55_baseline,fogmodel_45_baseline,fogmodel_24_baseline,nightmodel_55_baseline,nightmodel_45_baseline,nightmodel_24_baseline,rainmodel_55_baseline,rainmodel_45_baseline,rainmodel_24_baseline,snowmodel_55_baseline,snowmodel_45_baseline,snowmodel_24_baseline,daymodel_55_baseline,daymodel_45_baseline,daymodel_24_baseline
17741,93.33666760611014,93.87235894256244,91.08329857392481,65.45891607012005,65.66600755312552,57.48302857787046,89.8424778761062,85.35026210472915,82.32956259511866,87.96560678653964,88.84497717152358,84.78027168705259,86.36429400822952,87.77408319711404,84.7528560960487,93.27504932078236,93.6812349923905,90.924752268756,87.27268925088778,87.71269657854688,86.84344343610843,29.8121030381602,33.49352967701933,32.348958345076376,85.42314412941774,85.34940645961333,83.95142889352348,80.83013189786372,81.79346992841442,80.32214362211825,79.4369691674652,80.751171298123,79.16755650752495,87.1265774195367,87.63927963474438,86.57908516994533,84.47675722901752,86.47752043289556,81.6641485823798,29.230963869004,31.599040076658586,23.88882475621442,71.96306296150162,78.8792108674821,72.67393889859649,77.51572797474778,78.6764472126712,72.71171129023168,76.51831294740995,78.34940138661857,72.32910038892959,84.39271912519024,86.36959866974804,81.635997407136
