filter,one_42,one_52,one_49,noise_55,noise_45,noise_24,norm_55,norm_45,norm_24,baseline_55,baseline_45,baseline_24
Original,84.12320065282437,85.03924471846948,83.4157094931544,81.44909692628526,84.10628796808413,77.93062743675765,89.3007289872155,90.38874149968265,88.64763079154953,85.33932416436505,84.78664562313286,83.50100219829773
fog,26.585140085229845,31.58969716202738,26.775020400761633,51.69137727808505,51.81807779490435,41.00078973615015,29.268377006074896,30.392441744491798,30.427672499773323,33.35202807057098,26.131321796967477,23.51579899667437
night,69.07284159941972,74.16854293226947,67.40454710309184,72.41853023846222,74.69414452806237,66.89610118777767,86.26337201922206,86.0362970350893,84.70383352978513,82.44748999492703,76.219143227552,75.02924976044191
rain,74.21356061292954,77.04237102185147,76.2808677123946,76.3533593254148,78.6930410735334,72.22834436485628,82.44677214616014,84.70452352887841,82.69160032641217,78.5129417732935,78.02796234710559,75.94897976438756
snow,75.46533774594253,76.44436757638952,75.74502130746214,73.82351799800526,77.26023846223592,71.62970441563152,80.89580651010971,82.70875328678939,81.48545743041072,76.05411081675216,76.62410292542697,75.60392931627304
day,84.16994831807054,84.81278447728714,83.4616547284432,81.5308241907698,83.81566506482909,77.8310082509747,89.42773234200743,90.39760721733612,88.71122404569772,85.25360577194071,84.61712473930444,83.30326757229018
