images,Originalmodel55_noise_noise,Originalmodel45_noise_noise,Originalmodel24_noise_noise,fogmodel55_noise_noise,fogmodel45_noise_noise,fogmodel24_noise_noise,nightmodel55_noise_noise,nightmodel45_noise_noise,nightmodel24_noise_noise,rainmodel55_noise_noise,rainmodel45_noise_noise,rainmodel24_noise_noise,snowmodel55_noise_noise,snowmodel45_noise_noise,snowmodel24_noise_noise,daymodel55_noise_noise,daymodel45_noise_noise,daymodel24_noise_noise,Originalmodel55_norm_norm,Originalmodel45_norm_norm,Originalmodel24_norm_norm,fogmodel55_norm_norm,fogmodel45_norm_norm,fogmodel24_norm_norm,nightmodel55_norm_norm,nightmodel45_norm_norm,nightmodel24_norm_norm,rainmodel55_norm_norm,rainmodel45_norm_norm,rainmodel24_norm_norm,snowmodel55_norm_norm,snowmodel45_norm_norm,snowmodel24_norm_norm,daymodel55_norm_norm,daymodel45_norm_norm,daymodel24_norm_norm,Originalmodel55_baseline_baseline,Originalmodel45_baseline_baseline,Originalmodel24_baseline_baseline,fogmodel55_baseline_baseline,fogmodel45_baseline_baseline,fogmodel24_baseline_baseline,nightmodel55_baseline_baseline,nightmodel45_baseline_baseline,nightmodel24_baseline_baseline,rainmodel55_baseline_baseline,rainmodel45_baseline_baseline,rainmodel24_baseline_baseline,snowmodel55_baseline_baseline,snowmodel45_baseline_baseline,snowmodel24_baseline_baseline,daymodel55_baseline_baseline,daymodel45_baseline_baseline,daymodel24_baseline_baseline
17741,94.5551051237247,94.21095428668058,89.36996054337412,67.26899554703793,65.03560904120398,52.827258328166394,91.13276083648047,88.95789639817373,79.47741953666649,90.5756986641114,88.36030832534807,81.25228228397499,88.84544557803959,87.85368806718901,82.23378389042331,94.63369708584631,94.05925201510627,89.25048869849502,88.64816808522632,87.38514401668452,86.46072149258778,31.340251958739636,33.058394678992165,29.919462262555662,86.5569190011837,84.45402626683952,84.12740657234654,82.7528239670819,81.39907727862014,79.56773575333972,80.78963643537568,79.52197508595908,78.42321289668,88.59704357138833,87.2670864100107,86.52319767769573,551.8001803731469,85.26542923172313,87.43587565526182,82.28452172932754,34.76620765458542,32.01078293219097,22.986043064088836,79.85957612310467,81.87233357758863,73.58715292260864,77.39703568006313,80.6944625443887,75.60928696240346,76.31345414576404,79.60118257144467,74.99561129586831,85.16355842398964,87.2217422918663,82.19912575390339,551.8001803731469
