filter,baseline_55,baseline_45,baseline_24,noise_55,noise_45,noise_24,norm_55,norm_45,norm_24
Original,32.17292993630573,31.438053097345133,18.91333126655769,93.3991894481709,95.44612423200496,90.450863536441,88.64816808522632,87.38514401668452,86.46072149258778
fog,12.529453807564394,14.379091933938337,7.3868147229581185,64.66979200721492,68.23090524773126,58.92034778197396,31.340251958739636,33.058394678992165,29.919462262555662
night,26.6660870300434,25.399223831802036,15.101743419198465,88.66556676624768,90.60406628713153,80.93130601431712,86.5569190011837,84.45402626683952,84.12740657234654
rain,28.386335606786538,29.122153204441688,17.754254551603633,88.2303038160194,90.44039682092327,83.91281043909588,82.7528239670819,81.39907727862014,79.56773575333972
snow,28.399848373823346,30.28642353869568,19.231309959979708,86.64672284538639,89.47704920804915,82.98759258215433,80.78963643537568,79.52197508595908,78.42321289668
day,31.88405106814723,30.8599430697255,18.62377881742855,93.33818499520885,95.32702835240404,90.27091877571726,88.59704357138833,87.2670864100107,86.52319767769573
