filter,noise_52,noise_49,noise_42,baseline_52,baseline_49,baseline_42,norm_52,norm_49,norm_42,homo_52,homo_49,homo_42
Original,8.73068658549064,15.77633786964085,7.505371943108566,15.836999897677273,15.595567379514993,11.212776015553054,29.963736825949045,29.482366724649545,33.08763736825949,21.40997748900031,10.732469047375421,18.825797605648216
fog,6.3235444592243955,8.893428834544153,6.3235444592243955,7.756062621508238,10.085277806200756,5.82907397933081,15.005627749923256,9.361555305433338,13.1968627852246,12.35879054538013,9.739750332548859,17.579044305740304
night,7.426071830553567,12.107336539445415,7.63306456564003,14.550291619768752,15.257902384119514,11.212776015553054,31.232428118285068,23.52900030696818,26.451797810293666,18.68233500460452,9.678966540468638,16.620532078174563
rain,6.3235444592243955,17.98661925713701,6.3235444592243955,15.407244448992119,14.065232784201372,11.005572495651283,22.706597769364574,23.62599611173642,22.474001841809066,17.16305331014018,8.826919062723832,16.23191650465569
snow,6.3235444592243955,15.667536068760873,8.687199426992736,14.734472526348103,11.106157781643303,8.304252532487464,25.89266550700911,22.037656809577406,17.089479177325284,17.759614243323444,10.910923974214672,16.11168730174972
day,8.73068658549064,15.77633786964085,7.505371943108566,15.836999897677273,15.595567379514993,11.212776015553054,29.963736825949045,29.482366724649545,33.08763736825949,21.40997748900031,10.732469047375421,18.825797605648216
