filter,one_55,one_45,one_24,noise_55,noise_45,noise_24,norm_55,norm_45,norm_24,baseline_55,baseline_45,baseline_24
Original,24.41896364130928,19.98821289328135,10.87360594795539,0.0,0.0,1.9827509293680294,24.68351709130474,28.37398585547194,21.53244627799438,85.33932416436505,84.78664562313286,83.50100219829773
fog,17.079134101006442,10.705118324417445,9.76913047420437,0.0,0.0,2.973977695167286,9.562586816574486,14.155024934264212,12.006619820473299,33.35202807057098,26.131321796967477,23.51579899667437
night,20.419190316438478,17.90734336748572,7.89282799891196,1.0291050865898994,0.0,1.9827509293680294,27.874060204914315,24.660193127210082,19.817647112158852,82.44748999492703,76.219143227552,75.02924976044191
rain,25.578029739776948,18.06288693444555,11.80977423157131,1.0291050865898994,0.0,1.9827509293680294,24.71525160939342,24.8406791186871,16.3642533321244,78.5129417732935,78.02796234710559,75.94897976438756
snow,23.482795357693355,19.664067458518453,11.80977423157131,0.0,0.0,1.9827509293680294,25.559887569135913,27.420242089037988,16.89326049505848,76.05411081675216,76.62410292542697,75.60392931627304
day,24.41896364130928,18.72789917490253,10.87360594795539,0.0,0.0,1.9827509293680294,26.90946686009611,30.506998821289326,22.714171729077883,85.25360577194071,84.61712473930444,83.30326757229018
