filter,one_52,one_49,one_42,noise_52,noise_49,noise_42,norm_52,norm_49,norm_42,baseline_55,baseline_45,baseline_24
Original,83.99261511965193,81.71710297316895,84.35463741841913,80.91914430746918,83.72829133430024,82.71350616388688,91.39798404641043,90.97206127628719,91.06283629441624,85.33932416436505,84.78664562313286,83.50100219829773
fog,23.53221265409717,29.813460841189272,29.550588288614932,54.07981417693981,53.64336475707033,50.29948150833938,31.716233683828865,28.996389593908628,29.414127991298038,33.35202807057098,26.131321796967477,23.51579899667437
night,68.62779278462654,63.352374002900646,72.13538614938362,71.79999274836837,72.48866660623641,72.72549764321974,87.2823749093546,86.10416243654822,86.91948513415518,82.44748999492703,76.219143227552,75.02924976044191
rain,75.6167766497462,73.5860569253082,77.11209390862945,77.38338288614938,78.20030819434372,78.0007559825961,85.44251178390137,84.8080230239304,85.51493473531545,78.5129417732935,78.02796234710559,75.94897976438756
snow,75.97046410442351,73.19667693981145,75.89766044234955,76.7042558013053,76.02420957215375,76.26964467005078,84.30926124002902,83.56641044234954,83.60236403190719,76.05411081675216,76.62410292542697,75.60392931627304
day,83.59367204496012,81.48136058738216,84.32732052211747,80.72819887599711,83.64738034807831,82.68674764321972,91.25250634517765,90.88002538071068,90.9264358230602,85.25360577194071,84.61712473930444,83.30326757229018
