filter,one_52,one_49,one_42,noise_52,noise_49,noise_42,norm_52,norm_49,norm_42,baseline_55,baseline_45,baseline_24
Original,8.868247824510513,8.803934010152282,11.638006707759246,5.638143582306017,11.177989485134155,13.750717911530092,25.72224075416969,25.79257976794779,25.09452139231327,85.33932416436505,84.78664562313286,83.50100219829773
fog,8.837926033357505,6.608049311094996,11.012011421319794,5.638143582306017,5.922049492385787,10.79274655547498,14.06116116751269,15.274611131254531,12.86013506163887,33.35202807057098,26.131321796967477,23.51579899667437
night,7.719573060188542,7.577955039883973,10.885107868020306,5.638143582306017,7.419414430746918,13.704082668600433,23.943324873096447,23.804523205221173,26.030435097897026,82.44748999492703,76.219143227552,75.02924976044191
rain,10.04210569253082,6.574057287889774,11.675988941261783,5.638143582306017,12.241472081218275,13.661682378535167,23.600284626540972,24.658658448150835,27.739100797679477,78.5129417732935,78.02796234710559,75.94897976438756
snow,8.868247824510513,8.803934010152282,11.638006707759246,5.638143582306017,13.356401377810007,13.750717911530092,23.737106598984774,24.708236040609137,26.966348803480784,76.05411081675216,76.62410292542697,75.60392931627304
day,8.868247824510513,8.803934010152282,11.638006707759246,5.638143582306017,11.177989485134155,13.750717911530092,24.81125453226976,26.5777973168963,23.97409717186367,85.25360577194071,84.61712473930444,83.30326757229018
