category,sub-category,images,Originalmodel45,Originalmodel55,Originalmodel24,fogmodel45,fogmodel55,fogmodel24,nightmodel45,nightmodel55,nightmodel24,rainmodel45,rainmodel55,rainmodel24,snowmodel45,snowmodel55,snowmodel24,daymodel45,images,daymodel55,images,daymodel24
Dangerous warning,Dangerous warning,4529,84.46165378670788,80.67239567233385,75.87616471627291,26.78842349304482,37.10503201589755,19.54483329653345,75.93247295208656,77.99605873261206,69.45434312210202,77.77208876131596,75.76808787811879,71.98410686685803,78.60963568116583,70.16939500993595,68.87784941488188,83.79434091410907,391.8827555751821,80.44348200485759,391.8827555751821,77.10611172444248
Regularoty,Priority ,1743,93.0582329317269,93.11537578886974,90.19007458405049,55.08146873207115,57.31531841652324,46.47240390131956,90.70527825588066,90.75983935742971,85.597074010327,91.27504302925989,89.61382673551348,86.74566838783707,91.91193344807803,83.36299483648881,87.32352266207688,93.0582329317269,883.2409638554218,92.54142283419391,883.2409638554218,89.61382673551348
Regularoty,Prohibitory,8381,84.26627132800381,83.9003018732848,81.48645030425963,19.969395060255337,26.910424770313803,12.973343276458655,79.14414628325976,77.47805393151175,72.34604104522133,76.30916835699799,70.49728075408662,71.43359503639182,74.16525354969573,71.43979477389334,71.68457343992364,83.54529411764705,664.6239112277773,83.75842023624865,664.6239112277773,81.24501372151295
Regularoty,Mandatory,1684,94.50396674584323,94.94899049881236,91.92918646080761,30.358883610451304,41.89949524940618,19.949815914489307,87.60829572446556,90.013729216152,80.72022565320664,90.28905581947743,87.63769002375295,84.41514251781473,90.87040380047505,85.88741686460808,88.28515439429928,94.50396674584323,223.875296912114,94.94899049881236,223.875296912114,91.94441805225654
Regularoty,Special regulations,1315,81.3927452471483,82.84832699619771,87.51798479087452,41.10960456273764,37.83313307984791,28.431825095057032,72.17840304182509,64.05786311787072,57.69638022813688,79.03683650190115,76.87827376425855,82.8248288973384,77.85999239543726,71.53825855513308,82.02409125475285,81.3927452471483,401.09581749049426,82.84832699619771,401.09581749049426,87.51798479087452
