category,sub-category,images,Original,fog,night,rain,snow,day
Dangerous warning,Dangerous warning,4553,80.40759059960466,29.936777948605314,77.57363057324841,73.66569953876565,72.25976279376236,80.16764331210192
Regularoty,Priority ,1743,87.8348709122203,49.054859437751,86.97736087205968,84.96724039013196,81.46705679862305,88.24158347676419
Regularoty,Prohibitory,8406,80.26445039257675,17.462768260766122,74.06665120152273,70.50868308351178,68.40172257911016,80.22778967404234
Regularoty,Mandatory,1693,92.67399291199055,23.86282339043119,77.49582988777318,83.87443591258122,83.99467217956288,92.55709982279977
Regularoty,Special regulations,1346,73.17883358098068,16.346656760772657,59.729613670133716,67.60705794947994,67.68026002971766,73.40141901931648
Others,Others,77,24.67571428571429,3.8948051948051945,20.7774025974026,22.077532467532468,23.37727272727273,22.080909090909092
