Epochs,model_accuracy,Resolution
3,83.63892806770099,32
4,83.1805359661495,32
5,83.62717442407146,32
6,83.762341325811,32
