epoch,model45,model55,model24
1,0.6045799255371094,0.4069875180721283,0.8088329434394836
