Epochs,Model_accuracy,Resolution
1,78.94762761572608,131
2,91.15479470513631,131
3,94.36414870006335,131
4,95.98101141407737,131
5,96.25942612555485,131
6,96.12451173113504,131
7,97.24991835764112,131
