Epochs,Model_accuracy,Resolution
1,59.44436904761906,82
2,77.3021111111111,82
3,82.65926984126986,82
4,87.53950396825395,82
