Epochs,Model_accuracy,Resolution
1,85.77208703233987,82
2,91.27339093214964,82
3,95.01463300570701,82
4,95.63216788205455,82
5,95.98102092580851,82
6,95.32281467977174,82
7,95.95837428662016,82
