Epochs,Model_accuracy,Resolution
1,77.20395846544072,82
2,91.2486754914394,82
3,93.98413126188962,82
