Epochs,Model_accuracy,Resolution
1,84.53561192136966,101
2,92.73958306911854,101
3,94.96731927710839,101
4,96.187114774889,101
5,96.100637285986,101
6,94.67328947368424,101
7,96.91624445149016,101
