Epochs,Model_accuracy,Resolution
1,85.70075380469243,131
2,89.93291613823715,131
3,95.92665504121753,131
4,95.98206959416615,131
5,95.94996829422956,131
