Epochs,Model_accuracy,Resolution
1,2.420634920634921,131
2,44.245984126984126,131
3,56.865571428571435,131
4,73.49320238095238,131
