Epochs,Model_accuracy,Resolution
1,2.5362634749524418,101
2,2.5362634749524418,101
3,2.5362634749524418,101
4,2.5362634749524418,101
5,2.5362634749524418,101
