Epochs,Model_accuracy,Resolution
1,57.65894047619048,101
2,85.63574999999997,101
3,86.58730555555556,101
4,88.7293611111111,101
