Epochs,Model_accuracy,Resolution
1,63.97469142981757,82
2,85.52692447481283,82
3,88.9512168350658,82
4,90.26645416878678,82
5,91.80747692084029,82
6,92.90534564221844,82
7,91.96732354437735,82
8,93.13094933488405,82
9,93.545694555499,82
10,93.3848600712364,82
