Epochs,model45,model35,model25
15,97.56163586315375,96.47649233189148,96.74447345654735
