Epochs,model45,model55,model24
epoch,86.92300377656275,87.31705259004565,84.96798940307761
