Epochs,model45,model55,model24
epoch,72.11580970633,77.55509272307084,67.0705281551209
