category,images,model45_16,model55_15,model24_17
Dangerous warning,97.01625796017386,96.1981744667947,95.7554978267462
Regularoty,97.81127715541251,97.17895556105714,97.28817199975242
