Epochs,model45,model35,model25
1,87.88899978192923,79.25407138184194,78.03321799811003
2,91.61808897288651,87.5844508250346,88.6167376608272
