category,images,model45_15,model35_17,model25_16
Dangerous warning,97.31445769736177,95.31675528151217,95.5732406752249
Regularoty,97.72004394380144,96.91792381011327,97.17704400569411
