images,Original_model_52_noise,Original_model_49_noise,Original_model_42_noise,fog_model_52_noise,fog_model_49_noise,fog_model_42_noise,night_model_52_noise,night_model_49_noise,night_model_42_noise,rain_model_52_noise,rain_model_49_noise,rain_model_42_noise,snow_model_52_noise,snow_model_49_noise,snow_model_42_noise,day_model_52_noise,day_model_49_noise,day_model_42_noise
9773,90.55564309833215,87.0862815921416,88.69274941164433,77.51882226542513,72.96579862887548,67.5435884579965,84.30345441522562,80.07737439885399,80.39376752276681,85.41901974828609,79.57701831576792,81.33611992223474,67.3798280978205,54.89611480609844,62.60122991916505,90.3917026501586,87.04624168627852,88.31529315460963
