category,sub-category,images,Original_model_52,Original_model_49,Original_model_42,fog_model_52,fog_model_49,fog_model_42,night_model_52,night_model_49,night_model_42,rain_model_52,rain_model_49,rain_model_42,snow_model_52,snow_model_49,snow_model_42,day_model_52,day_model_49,day_model_42
Dangerous warning,Dangerous warning,2228,91.56285906642728,84.11129263913824,88.3297486535009,78.05172800718132,75.17916068222621,71.31979802513465,87.07324955116698,80.60964093357273,85.45651256732496,86.53531418312387,78.59130610412926,81.68832585278277,68.71670107719929,53.90463644524238,64.04825403949732,91.33741472172352,84.20056104129263,88.01596499102332
Regularoty,Priority ,1041,94.71538904899136,93.94645533141211,91.8356484149856,90.39568683957734,87.32103746397694,85.20952929875119,90.10766570605186,90.68001921229587,88.66517771373678,93.3696926032661,91.54550432276658,89.047944284342,86.0721325648415,76.65836695485112,78.57814601344862,94.42835734870316,93.46821325648415,91.93087415946205
Regularoty,Prohibitory,3957,91.40743492544858,88.04652514531209,89.23362395754359,75.15692949203941,69.41966388678291,59.94438968915844,86.73178670710134,81.27380844073794,82.20776345716453,84.4835026535254,77.356962345211,79.52975991913067,62.648213292898625,50.2910765731615,56.91291382360374,91.20481425322214,87.92111700783421,88.6295122567602
Regularoty,Mandatory,1203,92.60133832086451,91.35445552784705,92.76694929343309,81.2125519534497,76.22538653366583,69.32804655029095,81.96031587697422,78.22019118869491,73.39840399002493,88.19594347464673,84.28991687448047,84.86997506234414,67.91441396508728,54.778836242726506,65.00386533665835,92.76790523690775,91.52043225270158,92.43482128013301
Regularoty,Special regulations,1344,81.3250744047619,80.05691964285714,81.62095238095239,70.30924107142856,65.70061755952382,68.37668898809524,70.16401785714285,69.1225074404762,66.51512648809523,77.67902529761905,74.25865327380953,76.93419642857141,64.13775297619046,53.346808035714275,62.42441220238094,81.1764806547619,80.20886904761905,81.39857142857144
