category,images,Original_model_52_noise,Original_model_49_noise,Original_model_42_noise,fog_model_52_noise,fog_model_49_noise,fog_model_42_noise,night_model_52_noise,night_model_49_noise,night_model_42_noise,rain_model_52_noise,rain_model_49_noise,rain_model_42_noise,snow_model_52_noise,snow_model_49_noise,snow_model_42_noise,day_model_52_noise,day_model_49_noise,day_model_42_noise
Dangerous warning,2228,91.56285906642728,84.11129263913824,88.3297486535009,78.05172800718132,75.17916068222621,71.31979802513465,87.07324955116698,80.60964093357273,85.45651256732496,86.53531418312387,78.59130610412926,81.68832585278277,68.71670107719929,53.90463644524238,64.04825403949732,91.33741472172352,84.20056104129263,88.01596499102332
Regularoty,7545,90.25821736249172,87.9647806494367,88.79994168323393,77.36145791915175,72.31220410868124,66.42849304174949,83.48554804506296,79.92019880715706,78.89876474486415,85.08938369781312,79.86809410205433,81.23211530815111,66.98505632869448,55.18889330682571,62.17393108018554,90.11243870112658,87.88655666003976,88.40368323392975
