images,Originalmodel_55_baseline,Originalmodel_45_baseline,Originalmodel_24_baseline,fogmodel_55_baseline,fogmodel_45_baseline,fogmodel_24_baseline,nightmodel_55_baseline,nightmodel_45_baseline,nightmodel_24_baseline,rainmodel_55_baseline,rainmodel_45_baseline,rainmodel_24_baseline,snowmodel_55_baseline,snowmodel_45_baseline,snowmodel_24_baseline,daymodel_55_baseline,daymodel_45_baseline,daymodel_24_baseline
17741,84.47675722901752,86.47752043289556,81.6641485823798,29.230963869004,31.599040076658586,23.88882475621442,71.96306296150162,78.8792108674821,72.67393889859649,77.51572797474778,78.6764472126712,72.71171129023168,76.51831294740995,78.34940138661857,72.32910038892959,84.39271912519024,86.36959866974804,81.635997407136
