category,sub-category,images,Original_model_55,Original_model_45,Original_model_24,fog_model_55,fog_model_45,fog_model_24,night_model_55,night_model_45,night_model_24,rain_model_55,rain_model_45,rain_model_24,snow_model_55,snow_model_45,snow_model_24,day_model_55,day_model_45,day_model_24
Dangerous warning,Dangerous warning,4553,83.30816384801231,81.0007226004832,80.78268174829782,35.23101471557215,28.816002635624866,22.403584449813305,83.41642213924885,76.93887766307927,73.44461014715573,77.46499670546892,74.93959367450034,73.81935207555458,76.21325499670547,73.44499450911486,73.5327432462113,83.21785416209093,80.78142982648804,80.51795299802326
Regularoty,Priority ,1743,93.05963281698223,90.64751004016064,92.36930579460699,58.750854847963275,49.340223752151466,55.080717154331616,91.62467010900748,85.14254159495125,88.58321858864028,89.78671256454392,88.17967297762479,90.64658060814686,85.82610441767069,85.94264486517498,88.63953528399311,93.17655765920829,90.7050430292599,92.48129661503155
Regularoty,Prohibitory,8406,83.35757316202714,84.01197359029265,81.60750892219842,28.264016178919814,19.89014156554842,16.427118724720437,81.01424934570547,75.70725672138948,74.24422674280275,75.00567213894837,75.552911015941,71.72387818225076,71.5899250535332,73.87527718296454,71.36504163692601,83.20181774922673,83.7255186771354,81.33364977397099
Regularoty,Mandatory,1693,94.74211458948612,92.85199054932075,92.79280567040759,28.76571766095688,23.448552864737156,21.972439456585942,85.88340815121086,79.26845835794447,80.33089190785587,86.88862374483166,86.64988777318369,84.52542823390432,85.34984642646188,85.94176609568814,85.52810986414649,94.62210868281159,93.03073833431779,92.67699350265802
Regularoty,Special regulations,1346,82.76209509658247,84.69681277860327,81.3499925705795,31.650148588410104,29.347384843982166,32.61432392273403,71.91512630014859,61.590609212481425,61.071983655274884,78.82734769687967,79.94124071322435,79.71907875185737,79.0489821693908,80.75789747399702,79.71945765230312,82.91001485884102,84.69384843982169,81.35016344725112
