images,Original_model_42_idealnoise,fog_model_42_idealnoise,night_model_42_idealnoise,rain_model_42_idealnoise,snow_model_42_idealnoise,day_model_42_idealnoise
9773,92.81653637572906,78.56339711449912,89.7773396091272,92.25407653739896,88.80549063747058,92.65252430164739
