category,images,Original_model_42_idealnoise,fog_model_42_idealnoise,night_model_42_idealnoise,rain_model_42_idealnoise,snow_model_42_idealnoise,day_model_42_idealnoise
Dangerous warning,2228,90.30619838420108,75.9869883303411,87.29673249551168,89.76725763016158,86.17692549371635,90.08044434470378
Regularoty,7545,93.55782637508284,79.324197481776,90.5098502319417,92.98842147117297,89.58169251159708,93.41204638833663
