category,sub-category,images,Original_model_42,fog_model_42,night_model_42,rain_model_42,snow_model_42,day_model_42
Dangerous warning,Dangerous warning,2228,90.30619838420108,75.9869883303411,87.29673249551168,89.76725763016158,86.17692549371635,90.08044434470378
Regularoty,Priority ,1041,95.67582132564843,89.81707973102787,94.5226609029779,96.05968299711816,94.90679154658983,95.96458213256484
Regularoty,Prohibitory,3957,93.5552666161233,75.43614859742227,91.28084154662625,92.79781652767247,87.96913570887034,93.25174374526155
Regularoty,Mandatory,1203,94.42938487115549,84.70495428096424,93.10036575228597,94.59626766417291,92.76740648379052,95.17910224438904
Regularoty,Special regulations,1344,91.14473958333336,77.82781994047619,82.81302083333334,89.73157738095239,87.35330357142858,90.32526041666668
