filter,ideal_42
Original,94.63953545482453
fognight,41.95207203519901
fogsnow,36.68210682492582
fograin,46.66974112350354
rainnight,65.38425355571471
snownight,29.765596029878232
