filter,ideal_42,noise_42
Original,94.63953545482453,92.67368361813156
fognight,41.95207203519901,77.24293563900542
fogsnow,36.68210682492582,67.58404788703571
fograin,46.66974112350354,77.05938811009923
rainnight,65.38425355571471,75.55562468024148
snownight,29.765596029878232,45.46195231760974
