images,Original_model_52_homo,Original_model_49_homo,Original_model_42_homo,fog_model_52_homo,fog_model_49_homo,fog_model_42_homo,night_model_52_homo,night_model_49_homo,night_model_42_homo,rain_model_52_homo,rain_model_49_homo,rain_model_42_homo,snow_model_52_homo,snow_model_49_homo,snow_model_42_homo,day_model_52_homo,day_model_49_homo,day_model_42_homo
9773,92.83799754425459,92.70428936866878,92.74544152256216,43.33262969405506,42.42198403765477,35.67022204031516,83.69982502813876,84.10914048910263,85.76653125959275,90.26990279341038,89.85993451345546,89.91133531157271,79.70917732528395,82.70725672771924,83.04410928067124,92.03955284968794,91.71159930420544,92.23429960094136
