category,sub-category,images,Original_model_52,Original_model_49,Original_model_42,fog_model_52,fog_model_49,fog_model_42,night_model_52,night_model_49,night_model_42,rain_model_52,rain_model_49,rain_model_42,snow_model_52,snow_model_49,snow_model_42,day_model_52,day_model_49,day_model_42
Dangerous warning,Dangerous warning,2228,91.65204219030521,91.06785457809696,91.15830341113106,47.35077199281867,42.45805655296229,37.65829443447038,90.44036355475762,87.88118940754039,89.7676750448833,91.29452423698385,89.18398114901258,89.90288150807899,82.58574506283664,83.12282764811489,84.55870736086176,92.32631508078994,90.8427064631957,91.3367908438061
Regularoty,Priority ,1041,96.44734870317004,96.34986551392892,96.15911623439001,63.20565802113352,69.06859750240154,51.77894332372719,89.91135446685881,93.08536023054755,92.89051873198846,95.77303554274735,95.7735734870317,94.81292987512006,88.18237271853987,91.35623439000959,88.95062439961575,96.1564553314121,96.44627281460136,95.77308357348703
Regularoty,Prohibitory,3957,94.28879201415212,94.03562547384382,94.11188273944909,39.47319433914583,35.37881475865556,30.22589588071771,87.86974981046248,86.55546626231994,89.20809957038158,91.55985089714427,90.6502704068739,90.77591862522114,79.32785443517815,81.95622188526661,81.29840030326007,93.6314253222138,92.94897397017941,93.65862016679301
Regularoty,Mandatory,1203,93.60039068994182,93.93280964256027,94.34770573566085,36.90827930174564,42.89294264339152,38.487273482959274,75.47669160432253,83.20868661679135,82.62736492103076,89.85871986699917,91.26976724854529,91.85229426433914,77.63988362427266,84.45573566084789,87.94649210307563,92.43611803823774,93.4339650872818,94.5139068994181
Regularoty,Special regulations,1344,87.05453125000001,87.57402529761907,87.27518601190476,38.39218005952381,42.037879464285716,33.40510416666667,62.79797619047619,64.50703125,66.29295386904764,80.8790625,82.81122767857144,81.84596726190476,71.35252976190478,75.96540178571429,76.71002976190476,83.33366815476191,84.29999255952383,84.74722470238095
