category,images,Original_model_52_homo,Original_model_49_homo,Original_model_42_homo,fog_model_52_homo,fog_model_49_homo,fog_model_42_homo,night_model_52_homo,night_model_49_homo,night_model_42_homo,rain_model_52_homo,rain_model_49_homo,rain_model_42_homo,snow_model_52_homo,snow_model_49_homo,snow_model_42_homo,day_model_52_homo,day_model_49_homo,day_model_42_homo
Dangerous warning,2228,91.65204219030521,91.06785457809696,91.15830341113106,47.35077199281867,42.45805655296229,37.65829443447038,90.44036355475762,87.88118940754039,89.7676750448833,91.29452423698385,89.18398114901258,89.90288150807899,82.58574506283664,83.12282764811489,84.55870736086176,92.32631508078994,90.8427064631957,91.3367908438061
Regularoty,7545,93.18820410868126,93.18752021206097,93.2141153081511,42.146092776673306,42.41133200795229,35.083154406891985,81.70937839628894,82.99527369118623,84.585013916501,89.96733730947643,90.05954009277669,89.91383167660703,78.85974155069582,82.5845407554672,82.5968561961564,91.95487342611001,91.96817892644133,92.49932935719018
