images,Original_model_42_ideal,fog_model_42_ideal,night_model_42_ideal,rain_model_42_ideal,snow_model_42_ideal,day_model_42_ideal
9773,94.46426276476006,42.178056891435595,89.88028752685972,92.91948224700707,84.47785838534739,94.01360380640538
