category,images,Original_model_42_ideal,fog_model_42_ideal,night_model_42_ideal,rain_model_42_ideal,snow_model_42_ideal,day_model_42_ideal
Dangerous warning,2228,92.50489228007181,43.224061938958705,91.06938509874328,91.69808348294434,83.52803411131059,92.5942055655296
Regularoty,7545,95.04285487077536,41.86917693836978,89.52915308151094,93.28015506958252,84.75833664678596,94.43274486414845
