category,sub-category,images,Original_model_42,fog_model_42,night_model_42,rain_model_42,snow_model_42,day_model_42
Dangerous warning,Dangerous warning,2228,92.50489228007181,43.224061938958705,91.06938509874328,91.69808348294434,83.52803411131059,92.5942055655296
Regularoty,Priority ,1041,96.54192122958693,61.48133525456292,94.14051873198848,96.2558405379443,90.87433237271854,97.02111431316041
Regularoty,Prohibitory,3957,95.70354056103108,37.553732625726575,90.16881223148852,94.01036643922163,83.978175385393,95.14776345716453
Regularoty,Mandatory,1203,95.75961762261014,42.72720698254365,91.27246051537821,94.51330839567747,89.36088113050708,95.92561097256859
Regularoty,Special regulations,1344,91.29499255952382,38.616011904761905,82.51370535714285,87.7216592261905,78.1984300595238,88.98651041666668
