images,Original_model_42_ideallevelfog,fog1_model_42_ideallevelfog,fog2_model_42_ideallevelfog,fog3_model_42_ideallevelfog,fog4_model_42_ideallevelfog,fog5_model_42_ideallevelfog,fog6_model_42_ideallevelfog,fog7_model_42_ideallevelfog,fog8_model_42_ideallevelfog,fog9_model_42_ideallevelfog,fog10_model_42_ideallevelfog
9773,94.63953545482453,94.5361362938709,94.16752276680651,93.82014120536172,93.1854057096081,92.24352911081552,90.84233295815002,88.31510692724855,84.35484395784303,79.6589276578328,72.74095569425971
