category,images,Original_model_42_ideallevelfog,fog1_model_42_ideallevelfog,fog2_model_42_ideallevelfog,fog3_model_42_ideallevelfog,fog4_model_42_ideallevelfog,fog5_model_42_ideallevelfog,fog6_model_42_ideallevelfog,fog7_model_42_ideallevelfog,fog8_model_42_ideallevelfog,fog9_model_42_ideallevelfog,fog10_model_42_ideallevelfog
Dangerous warning,2228,92.81926840215439,92.50519748653504,91.96690754039497,91.56343357271096,91.02415170556553,90.03668761220827,89.27402603231599,87.25365350089767,83.61855475763016,78.72622980251347,72.1270736086176
Regularoty,7545,95.17705102717032,95.13586216037113,94.81735321404905,94.486535453943,93.82361298873427,92.89519814446653,91.30544599072236,88.62854870775348,84.57226640159044,79.93434857521538,72.92223194168325
