category,sub-category,images,Original_model_42,fog1_model_42,fog2_model_42,fog3_model_42,fog4_model_42,fog5_model_42,fog6_model_42,fog7_model_42,fog8_model_42,fog9_model_42,fog10_model_42
Dangerous warning,Dangerous warning,2228,92.81926840215439,92.50519748653502,91.96690754039497,91.56343357271096,91.02415170556553,90.03668761220827,89.27402603231599,87.25365350089767,83.61855475763016,78.72622980251347,72.1270736086176
Regularoty,Priority ,1041,97.60014409221903,97.30637848222862,96.82676272814602,96.73356388088376,96.44804995196925,95.48258405379443,95.48663784822287,94.3341018251681,91.4491930835735,89.81637848222861,86.45608069164265
Regularoty,Prohibitory,3957,95.4526787970685,95.47663634066215,95.19871367197374,94.64273186757644,93.58075562294668,92.9734091483447,90.77537275713927,87.43996461966135,83.16929997472832,77.45822592873391,69.57277482941623
Regularoty,Mandatory,1203,95.17797173732335,95.26187863674147,95.011604322527,95.09647547797174,94.76309226932669,93.93232751454697,93.6002660016625,91.10645885286783,87.9474646716542,83.04246882793016,76.89071487946802
Regularoty,Special regulations,1344,92.4879092261905,92.33857886904764,91.96428571428571,91.74026785714288,91.66494791666666,89.73253720238095,87.57345982142859,85.4907663690476,80.35522321428572,76.78833333333334,68.74885416666666
