images,Original_model_52_homo,Original_model_49_homo,Original_model_42_homo,fog_model_52_homo,fog_model_49_homo,fog_model_42_homo,night_model_52_homo,night_model_49_homo,night_model_42_homo,rain_model_52_homo,rain_model_49_homo,rain_model_42_homo,snow_model_52_homo,snow_model_49_homo,snow_model_42_homo,day_model_52_homo,day_model_49_homo,day_model_42_homo
9773,91.84505576588562,92.22410314130768,92.00801084620892,36.72350353013404,39.26080834953443,33.57232784201371,84.52869947815411,79.83272280773559,80.16974316995804,89.09220096183361,88.5703673385859,87.9162028036427,80.48672157986289,82.2678880589379,81.75602987823595,90.94474265834441,91.06701217640436,90.51514069374808
