category,images,Original_model_52_homo,Original_model_49_homo,Original_model_42_homo,fog_model_52_homo,fog_model_49_homo,fog_model_42_homo,night_model_52_homo,night_model_49_homo,night_model_42_homo,rain_model_52_homo,rain_model_49_homo,rain_model_42_homo,snow_model_52_homo,snow_model_49_homo,snow_model_42_homo,day_model_52_homo,day_model_49_homo,day_model_42_homo
Dangerous warning,2228,91.56186714542191,91.02394524236985,91.60587073608617,41.92026032315978,44.210368043087975,37.79319569120287,89.54311938958708,87.16385996409335,86.80460951526032,89.36276032315979,89.27202423698385,89.00389587073609,82.58473518850988,82.94475314183124,83.97596947935368,91.47266606822262,91.29187612208258,91.33807450628366
Regularoty,7545,91.92867992047715,92.57850364479788,92.126760768721,35.188927766732924,37.799228628230615,32.325927104042414,83.04796686547384,77.66787541418158,78.21050099403578,89.01230616302186,88.36317163684558,87.59501259111995,79.8671888667992,82.06801325381048,81.1004930417495,90.78884956925114,91.00061100066267,90.27213253810471
