category,sub-category,images,Original_model_52,Original_model_49,Original_model_42,fog_model_52,fog_model_49,fog_model_42,night_model_52,night_model_49,night_model_42,rain_model_52,rain_model_49,rain_model_42,snow_model_52,snow_model_49,snow_model_42,day_model_52,day_model_49,day_model_42
Dangerous warning,Dangerous warning,2228,91.56186714542191,91.02394524236985,91.60587073608617,41.92026032315978,44.210368043087975,37.79319569120287,89.54311938958708,87.16385996409335,86.80460951526032,89.36276032315979,89.27202423698385,89.00389587073609,82.58473518850988,82.94475314183124,83.97596947935368,91.47266606822262,91.29187612208258,91.33807450628366
Regularoty,Priority ,1041,94.52447646493755,95.20054755043228,95.19739673390968,53.699433237271855,64.07296829971182,58.79017291066282,91.16341018251681,90.49164265129683,87.89490874159463,94.33497598463018,93.95029779058596,94.04708933717579,87.41831892411143,90.49122958693565,90.10824207492793,94.52609990393852,95.38818443804034,95.00560999039385
Regularoty,Prohibitory,3957,94.06158706090473,94.3901339398534,93.8331159969674,31.741791761435422,33.888205711397525,25.600133939853425,88.19755370229971,85.16631791761435,85.16643164013142,90.92609047258023,90.39686631286327,89.51348749052315,79.55451604751073,83.32158706090473,81.62793530452366,92.79796310336111,93.37875663381348,92.46902451352034
Regularoty,Mandatory,1203,93.18341645885286,93.26664172901079,90.10763092269326,30.922144638403992,30.590881130507068,33.08357439733999,77.80452202826268,69.49295926849543,71.15394846217788,89.02724023275147,89.69290939318371,85.53514546965918,81.21278470490441,81.1317456359102,78.63589359933498,92.1021280133001,92.68505403158768,89.11043225270157
Regularoty,Special regulations,1344,82.51529761904763,84.59784970238096,86.53184523809524,34.81974702380952,35.41574404761905,30.95184523809524,66.29407738095239,52.97557291666667,56.546026785714275,79.24168898809522,76.8578125,78.79293154761905,73.73457589285714,72.69105654761904,74.77665178571428,80.80342261904762,79.0927455357143,81.17754464285716
