images,Original_model_42_noiselevelfog,fog1_model_42_noiselevelfog,fog2_model_42_noiselevelfog,fog3_model_42_noiselevelfog,fog4_model_42_noiselevelfog,fog5_model_42_noiselevelfog,fog6_model_42_noiselevelfog,fog7_model_42_noiselevelfog,fog8_model_42_noiselevelfog,fog9_model_42_noiselevelfog,fog10_model_42_noiselevelfog
9773,93.0116207919779,92.93939527269004,92.90757904430575,92.75575667655787,92.683412462908,92.18226235546915,91.85551314847028,91.09840990483988,90.05434871584977,89.12254885910161,87.12780210784817
