category,sub-category,images,Original_model_42,fog1_model_42,fog2_model_42,fog3_model_42,fog4_model_42,fog5_model_42,fog6_model_42,fog7_model_42,fog8_model_42,fog9_model_42,fog10_model_42
Dangerous warning,Dangerous warning,2228,89.27296229802512,89.31744165170554,89.67567773788151,89.13907091561939,89.76714542190307,89.31927289048474,88.64635098743267,88.0622710951526,87.34434919210052,86.0863868940754,83.93129712746858
Regularoty,Priority ,1041,96.73182516810759,97.21612872238232,96.82734870317003,96.34882804995198,96.34882804995198,96.25307396733909,96.25372718539865,95.29439000960616,95.38944284341979,95.19597502401537,94.72032660902978
Regularoty,Prohibitory,3957,94.36481678038919,93.90939853424311,93.8322592873389,93.90978266363406,93.63078342178416,92.82200657063431,92.4693707354056,91.86251705837756,90.54803133687136,89.41053070507961,87.21157695223657
Regularoty,Mandatory,1203,94.51315045719036,94.59544472152952,94.76194513715713,94.84504571903575,94.67980881130508,94.09759767248545,94.01555278470492,92.76793848711554,92.10428096425605,91.43893599334997,89.11049044056527
Regularoty,Special regulations,1344,90.99976190476188,91.2928943452381,90.84688988095238,90.70046875000001,90.10255952380953,90.17735863095237,90.02806547619048,89.13746279761907,87.12613095238095,86.53026785714287,84.52462053571429
