category,images,Original_model_42_noiselevelfog,fog1_model_42_noiselevelfog,fog2_model_42_noiselevelfog,fog3_model_42_noiselevelfog,fog4_model_42_noiselevelfog,fog5_model_42_noiselevelfog,fog6_model_42_noiselevelfog,fog7_model_42_noiselevelfog,fog8_model_42_noiselevelfog,fog9_model_42_noiselevelfog,fog10_model_42_noiselevelfog
Dangerous warning,2228,89.27296229802512,89.31744165170554,89.67567773788151,89.13907091561939,89.76714542190307,89.31927289048474,88.64635098743267,88.0622710951526,87.34434919210052,86.0863868940754,83.93129712746858
Regularoty,7545,94.11562756792578,94.00893969516235,93.86194300861499,93.82374552683896,93.54457123923126,93.02768853545393,92.80316235917826,91.99496620278332,90.8545977468522,90.01911199469848,88.07171371769385
