images,Original_model_52_norm,Original_model_49_norm,Original_model_42_norm,fog_model_52_norm,fog_model_49_norm,fog_model_42_norm,night_model_52_norm,night_model_49_norm,night_model_42_norm,rain_model_52_norm,rain_model_49_norm,rain_model_42_norm,snow_model_52_norm,snow_model_49_norm,snow_model_42_norm,day_model_52_norm,day_model_49_norm,day_model_42_norm
9773,93.9629264299601,94.73112861966644,94.4753412462908,49.74890003069682,54.7837112452676,48.93042770899416,90.76056686790137,92.52102322725878,91.43666530236365,86.7082901872506,88.68261434564617,88.41678808963471,64.20719942699273,71.22669804563593,70.69499027934104,93.84035199017703,94.59762815921417,94.48496572188682
