category,sub-category,images,Original_model_52,Original_model_49,Original_model_42,fog_model_52,fog_model_49,fog_model_42,night_model_52,night_model_49,night_model_42,rain_model_52,rain_model_49,rain_model_42,snow_model_52,snow_model_49,snow_model_42,day_model_52,day_model_49,day_model_42
Dangerous warning,Dangerous warning,2228,91.92185368043087,93.35959605026932,92.59682226211848,47.35188061041293,55.70072262118494,48.6087118491921,91.06869838420107,91.78748204667863,91.24930879712745,85.45904847396768,86.98402603231597,87.02866247755836,64.76671903052065,71.81406642728903,70.19708258527828,91.96710053859964,92.9102603231598,92.82021095152602
Regularoty,Priority ,1041,97.02253602305476,96.92673390970221,98.07709894332373,74.44655139289145,75.41051873198847,76.36808837656099,94.43103746397693,95.38814601344862,96.54198847262248,93.56182516810759,94.33137367915467,96.15567723342939,78.38484149855908,83.57068203650336,85.39686839577331,96.92317002881845,96.83097982708934,98.07709894332373
Regularoty,Prohibitory,3957,95.57698003538034,95.75456659085167,95.75498610058125,44.60431387414708,48.59653525398029,43.290174374526146,91.71046499873643,93.40490017690169,92.77404599444023,85.06520596411424,87.38852918877937,86.80714682840537,58.4027015415719,65.85792772302248,65.60631033611321,95.37586555471317,95.62707354056101,95.75476370988122
Regularoty,Mandatory,1203,95.84423108894433,96.09373233582708,96.42630091438072,52.95073150457189,56.94067331670824,50.79098919368246,92.51981712385705,94.67974231088945,92.18696591853698,91.51996674979219,92.93590191188697,93.26748129675812,69.41012468827931,77.39092269326684,76.97520365752285,95.67749792186203,96.17737323358271,96.34184538653368
Regularoty,Special regulations,1344,88.5406324404762,91.07130208333332,89.28587053571428,46.873623511904775,53.57256696428573,43.15245535714286,83.03541666666666,86.98174851190478,83.18380952380951,84.00145833333332,87.12613095238095,85.12104910714284,64.73081845238094,70.98110119047618,69.49372023809525,88.39264136904762,91.2200892857143,89.06178571428572
