category,images,Original_model_52_norm,Original_model_49_norm,Original_model_42_norm,fog_model_52_norm,fog_model_49_norm,fog_model_42_norm,night_model_52_norm,night_model_49_norm,night_model_42_norm,rain_model_52_norm,rain_model_49_norm,rain_model_42_norm,snow_model_52_norm,snow_model_49_norm,snow_model_42_norm,day_model_52_norm,day_model_49_norm,day_model_42_norm
Dangerous warning,2228,91.92185368043087,93.35959605026933,92.59682226211848,47.35188061041293,55.70072262118494,48.6087118491921,91.06869838420107,91.78748204667863,91.24930879712745,85.45904847396768,86.98402603231597,87.02866247755836,64.76671903052065,71.81406642728903,70.19708258527828,91.96710053859964,92.9102603231598,92.82021095152602
Regularoty,7545,94.5656447978794,95.1361351888668,95.03005831676606,50.456727634194834,54.51292246520876,49.02542876076871,90.669577203446,92.73763419483102,91.49199072233266,87.07718489065607,89.18419880715706,88.82669449966866,64.04197614314116,71.05325115970841,70.8420198807157,94.39351358515574,95.09589927104042,94.97655931080186
