images,Original_model_42_noiselevelfog,fog1_model_42_noiselevelfog,fog2_model_42_noiselevelfog,fog3_model_42_noiselevelfog,fog4_model_42_noiselevelfog,fog5_model_42_noiselevelfog,fog6_model_42_noiselevelfog,fog7_model_42_noiselevelfog,fog8_model_42_noiselevelfog,fog9_model_42_noiselevelfog,fog10_model_42_noiselevelfog
9773,92.54048910262969,92.39832293052288,92.50069886421777,92.39757188171495,92.01921006855622,91.64032743272281,91.41486544561549,90.71947508441623,89.7158078379208,88.13033561854088,85.59310754118489
