category,sub-category,images,Original_model_42,fog1_model_42,fog2_model_42,fog3_model_42,fog4_model_42,fog5_model_42,fog6_model_42,fog7_model_42,fog8_model_42,fog9_model_42,fog10_model_42
Dangerous warning,Dangerous warning,2228,90.21679982046679,89.81415619389588,90.21742818671453,89.36474416517053,89.09509425493715,88.24108617594256,88.37494165170557,88.01672351885098,86.98309245960502,84.56140035906643,81.7334829443447
Regularoty,Priority ,1041,96.63772334293948,96.82804995196928,96.63729106628243,96.54056676272815,96.06045148895292,95.96389048991355,96.15740634005763,94.81608069164265,94.62379442843421,94.23632084534104,92.31475504322766
Regularoty,Prohibitory,3957,93.55501895375285,93.55682840535758,93.43133687136721,93.63134192570129,93.10055344958302,92.64568865301996,92.34202426080364,91.43197877179679,90.21876674248168,88.65192064695478,85.56934799090222
Regularoty,Mandatory,1203,94.2632003325021,94.01538653366586,94.43011637572735,94.0163258520366,94.09826267664174,94.0986450540316,94.09746467165421,93.59845386533667,92.93310058187865,91.60375727348297,90.77224438902743
Regularoty,Special regulations,1344,88.69007440476192,88.39284970238097,88.6147693452381,89.13484375000002,88.69184523809524,88.76615327380955,87.6500074404762,87.35219494047621,86.08386160714286,84.67261160714288,82.21924107142856
