category,images,Original_model_42_noiselevelfog,fog1_model_42_noiselevelfog,fog2_model_42_noiselevelfog,fog3_model_42_noiselevelfog,fog4_model_42_noiselevelfog,fog5_model_42_noiselevelfog,fog6_model_42_noiselevelfog,fog7_model_42_noiselevelfog,fog8_model_42_noiselevelfog,fog9_model_42_noiselevelfog,fog10_model_42_noiselevelfog
Dangerous warning,2228,90.21679982046679,89.81415619389588,90.21742818671453,89.36474416517053,89.09509425493715,88.24108617594256,88.37494165170557,88.01672351885098,86.98309245960502,84.56140035906643,81.7334829443447
Regularoty,7545,93.22666269052353,93.16141418157721,93.17493704440028,93.29315043074885,92.88268654738236,92.64410603048377,92.31253943008616,91.51758383035123,90.52276474486415,89.18422398939695,86.73283499005966
