images,Original_model_52_ideal,Original_model_49_ideal,Original_model_42_ideal,fognight_model_52_ideal,fognight_model_49_ideal,fognight_model_42_ideal,fogsnow_model_52_ideal,fogsnow_model_49_ideal,fogsnow_model_42_ideal,fograin_model_52_ideal,fograin_model_49_ideal,fograin_model_42_ideal,rainnight_model_52_ideal,rainnight_model_49_ideal,rainnight_model_42_ideal,snownight_model_52_ideal,snownight_model_49_ideal,snownight_model_42_ideal
9773,93.56365701422287,94.22870050138134,94.60792387189196,37.16326818786453,40.5912063849381,41.583527064361,42.93430062416863,45.88125243016475,46.955875370919884,43.28244039701218,45.75757597462396,46.443752174357925,88.03859920188276,89.42075718817148,88.78580476823902,87.74156246802414,89.82923257955589,89.05223575156043
