category,sub-category,images,Original_model_52,Original_model_49,Original_model_42,fognight_model_52,fognight_model_49,fognight_model_42,fogsnow_model_52,fogsnow_model_49,fogsnow_model_42,fograin_model_52,fograin_model_49,fograin_model_42,rainnight_model_52,rainnight_model_49,rainnight_model_42,snownight_model_52,snownight_model_49,snownight_model_42
Dangerous warning,Dangerous warning,2228,93.17777827648115,92.9535053859964,92.8636041292639,42.72832585278276,44.300947037701974,44.165363554757626,40.43965439856374,42.953797127468576,47.12747755834828,41.651687612208256,43.44689856373429,44.74750897666068,89.67603231597846,89.04983393177737,88.91429982046678,88.69014811490126,89.67689856373428,88.5107405745063
Regularoty,Priority ,1041,98.17505283381364,97.98034582132564,97.3096926032661,56.19613832853025,59.9433237271854,59.55899135446686,62.05791546589818,66.1864265129683,64.94020172910662,63.113852065321794,65.22340057636887,65.41943323727185,94.0446493756004,93.75829010566763,94.04575408261287,94.62064361191163,93.94831892411145,94.23440922190201
Regularoty,Prohibitory,3957,95.32400303260046,95.19827899924184,95.90640131412685,31.387445034116762,38.361844831943394,38.58882234015669,37.856214303765476,40.333335860500384,41.798941117007836,37.604116755117516,40.68630275461207,42.63307303512762,89.3106292645944,90.17010866818298,89.25944149608289,88.90528683345968,90.6241293909527,89.33629011877684
Regularoty,Mandatory,1203,95.0131088944306,95.17832917705738,94.59772236076478,35.245170407315044,38.569492934330846,38.73660847880301,51.03776392352454,50.29072319201996,48.793748960931005,50.87275976724857,49.62465502909394,47.629210307564406,90.19224438902744,91.77064837905239,90.44012468827933,89.5264505403159,92.68423940149628,91.1079301745636
Regularoty,Special regulations,1344,84.15137648809524,89.73215773809522,91.59304315476192,31.91790922619047,27.825468750000006,34.745803571428574,39.95506696428571,47.39404761904762,46.279546130952376,40.549397321428565,45.98019345238095,44.71629464285714,74.99934523809524,82.36639880952382,81.6234375,75.81697172619049,81.99549107142856,83.25968005952382
