category,images,Original_model_52_ideal,Original_model_49_ideal,Original_model_42_ideal,fognight_model_52_ideal,fognight_model_49_ideal,fognight_model_42_ideal,fogsnow_model_52_ideal,fogsnow_model_49_ideal,fogsnow_model_42_ideal,fograin_model_52_ideal,fograin_model_49_ideal,fograin_model_42_ideal,rainnight_model_52_ideal,rainnight_model_49_ideal,rainnight_model_42_ideal,snownight_model_52_ideal,snownight_model_49_ideal,snownight_model_42_ideal
Dangerous warning,2228,93.17777827648115,92.9535053859964,92.8636041292639,42.72832585278276,44.300947037701974,44.165363554757626,40.43965439856374,42.953797127468576,47.12747755834828,41.651687612208256,43.44689856373429,44.74750897666068,89.67603231597846,89.04983393177737,88.91429982046678,88.69014811490126,89.67689856373428,88.5107405745063
Regularoty,7545,93.67760503644797,94.60525911199468,95.12301259111996,35.5199350563287,39.495738899933734,40.8211239231279,43.67095692511597,46.745715043074895,46.90520212060967,43.76399337309477,46.439907223326706,46.94464413518886,87.55507355864813,89.53028893306826,88.74786083499005,87.46144996686547,89.87421603711066,89.21213651424785
