images,Original_model_42_ideal,fog_model_42_ideal,night_model_42_ideal,rain_model_42_ideal,snow_model_42_ideal,day_model_42_ideal
9773,94.42313823800264,44.05040417476721,87.87511920597564,92.51008288140795,84.10942801596237,93.97339302159008
