category,images,Original_model_42_ideal,fog_model_42_ideal,night_model_42_ideal,rain_model_42_ideal,snow_model_42_ideal,day_model_42_ideal
Dangerous warning,2228,93.76170107719928,47.5310053859964,90.9348249551167,91.92211849192097,84.20208707360864,93.35788599640932
Regularoty,7545,94.61845725646121,43.022600397614305,86.97160371106692,92.68370576540755,84.08206626905238,94.15514910536778
