category,sub-category,images,Original_model_42,fog_model_42,night_model_42,rain_model_42,snow_model_42,day_model_42
Dangerous warning,Dangerous warning,2228,93.76170107719928,47.5310053859964,90.9348249551167,91.92211849192098,84.20208707360864,93.35788599640932
Regularoty,Priority ,1041,97.02211335254563,66.4769548511047,95.86663784822287,96.73587896253602,92.60479346781942,97.02318924111432
Regularoty,Prohibitory,3957,95.70326257265604,38.388246146070244,88.12195855446042,93.09981046247158,82.58803386403841,95.22341672984584
Regularoty,Mandatory,1203,95.84288445552785,41.31366583541147,88.1966251039069,94.93008312551953,88.112502078138,95.59429758935993
Regularoty,Special regulations,1344,88.46684523809523,40.030044642857135,75.59854910714286,86.30927827380953,78.27188244047618,87.50034226190476
