images,Original_model_52_noise,Original_model_49_noise,Original_model_42_noise,fog_model_52_noise,fog_model_49_noise,fog_model_42_noise,night_model_52_noise,night_model_49_noise,night_model_42_noise,rain_model_52_noise,rain_model_49_noise,rain_model_42_noise,snow_model_52_noise,snow_model_49_noise,snow_model_42_noise,day_model_52_noise,day_model_49_noise,day_model_42_noise
9773,89.05132405607286,88.46845083393022,92.88897779596849,72.12688324976978,75.29972884477642,76.40458098843754,80.81453801289267,82.21654865445616,87.97757188171494,81.76547119615269,83.36194822470071,86.72826767625088,62.85725365803745,63.81880794024354,64.94382686994781,88.93829121047784,88.38605545891744,92.79630205668678
