category,images,Original_model_52_noise,Original_model_49_noise,Original_model_42_noise,fog_model_52_noise,fog_model_49_noise,fog_model_42_noise,night_model_52_noise,night_model_49_noise,night_model_42_noise,rain_model_52_noise,rain_model_49_noise,rain_model_42_noise,snow_model_52_noise,snow_model_49_noise,snow_model_42_noise,day_model_52_noise,day_model_49_noise,day_model_42_noise
Dangerous warning,2228,87.9708303411131,86.4000987432675,90.08130610412925,70.78043536804311,74.50615798922802,75.17921903052064,80.4748249551167,82.72154847396769,88.64479802513465,81.82254488330342,81.8681328545781,84.42506732495512,64.7674012567325,65.61959156193895,66.60738779174147,87.56814631956912,86.04186714542189,89.85620287253141
Regularoty,7545,89.37038833664678,89.07922465208748,93.71806891981446,72.52448243870113,75.53406626905233,76.76642412193507,80.91485354539431,82.0674247846256,87.78054340622928,81.74861762756794,83.80306428098079,87.40839098740886,62.293196819085495,63.28704572564613,64.45258581842279,89.34288800530152,89.07828230616303,93.66449834327368
