category,sub-category,images,Original_model_52,Original_model_49,Original_model_42,fog_model_52,fog_model_49,fog_model_42,night_model_52,night_model_49,night_model_42,rain_model_52,rain_model_49,rain_model_42,snow_model_52,snow_model_49,snow_model_42,day_model_52,day_model_49,day_model_42
Dangerous warning,Dangerous warning,2228,87.9708303411131,86.4000987432675,90.08130610412925,70.78043536804311,74.50615798922802,75.17921903052064,80.4748249551167,82.72154847396769,88.64479802513465,81.82254488330342,81.8681328545781,84.42506732495512,64.7674012567325,65.61959156193895,66.60738779174147,87.56814631956912,86.04186714542189,89.85620287253141
Regularoty,Priority ,1041,93.46832853025937,93.75658981748319,94.81413064361192,85.97565802113353,85.87843419788665,86.26341018251682,89.24295869356386,90.58841498559079,92.2209702209414,90.8731316042267,91.83639769452452,91.25681075888569,81.74767531219982,82.32449567723344,77.71267050912583,93.85176753121998,93.4668972142171,94.52218059558118
Regularoty,Prohibitory,3957,89.61391458175386,89.61290624210258,94.3138994187516,68.05636593378824,72.75755117513266,72.37954258276473,82.33548142532221,85.51839019459187,90.0692039423806,78.94787970684862,82.56173616376041,85.89755622946676,55.849770027798826,58.42853171594643,58.428200657063435,89.35976244629771,89.56185494061158,94.23772807682586
Regularoty,Mandatory,1203,93.3487364921031,93.18457190357441,96.4267165419784,77.05739817123856,80.88201163757273,84.62022443890275,83.20919368246051,77.14154613466334,92.9347132169576,87.77910224438902,87.69713216957605,92.5196841230258,66.16967581047382,63.34156275976726,70.98778886118038,93.34858686616793,93.43443059019121,96.50931005818786
Regularoty,Special regulations,1344,81.9183482142857,80.21043898809526,88.69038690476194,71.20347470238096,70.90951636904762,75.2964880952381,68.22804315476192,69.7162425595238,72.98948660714287,77.5292931547619,77.74999255952382,84.30071428571428,62.72558035714285,62.79714285714286,66.06932291666668,82.2153794642857,80.35619047619048,88.76611607142858
