images,Original_model_52_homo,Original_model_49_homo,Original_model_42_homo,fog_model_52_homo,fog_model_49_homo,fog_model_42_homo,night_model_52_homo,night_model_49_homo,night_model_42_homo,rain_model_52_homo,rain_model_49_homo,rain_model_42_homo,snow_model_52_homo,snow_model_49_homo,snow_model_42_homo,day_model_52_homo,day_model_49_homo,day_model_42_homo
9773,93.52285787373376,91.90623861659675,90.13647600532079,36.611384426481116,35.24078379208022,37.532237798014926,85.21488079402432,83.68971758927658,75.6577018315768,90.72980865650263,88.9697912616392,87.32192264401921,82.49162693134144,82.12433950680446,78.00026706231453,92.70454415225622,90.99647191241172,89.14420955694258
