category,sub-category,images,Original_model_52,Original_model_49,Original_model_42,fog_model_52,fog_model_49,fog_model_42,night_model_52,night_model_49,night_model_42,rain_model_52,rain_model_49,rain_model_42,snow_model_52,snow_model_49,snow_model_42,day_model_52,day_model_49,day_model_42
Dangerous warning,Dangerous warning,2228,92.10018850987431,89.94756283662478,90.61876570915621,38.01575403949731,37.88262118491921,40.709322262118484,91.02355475763014,89.00409784560142,86.48956912028726,91.42763913824058,88.64403949730699,90.25970377019749,83.66122082585278,83.97663375224415,82.89988779174146,92.59443447037702,90.26253141831239,91.06872531418314
Regularoty,Priority ,1041,97.11929875120077,96.34896253602305,93.66106628242075,63.88130643611911,53.02745437079731,61.7667339097022,91.83555235350624,92.21797310278579,76.56300672430355,96.34998078770413,95.29650336215177,91.738972142171,92.02522574447647,90.20524495677233,86.06916426512969,96.73438040345822,95.96658021133526,92.51082612872239
Regularoty,Prohibitory,3957,94.74298711144806,93.30224159716958,91.91398028809704,32.22229466767753,29.896949709375793,32.57575435936314,87.86965630528177,86.80871114480667,80.33926206722265,91.07899924184989,89.48611068991661,89.1584988627748,80.71733889310084,80.79371746272432,78.74598938589838,93.65734647460197,92.36839777609302,91.10514531210512
Regularoty,Mandatory,1203,95.01147132169577,92.8511970074813,92.3518204488778,30.59081463009144,30.839542809642563,35.411255195344964,79.88530340814629,77.88822111388197,69.41042394014963,91.77047381546133,89.02733167082295,88.61097256857857,83.2083208645054,82.37650872817956,74.64778054862843,94.59756442227763,91.18983374896092,91.60423108894427
Regularoty,Special regulations,1344,88.17089285714287,86.75615327380952,79.39072916666667,31.472581845238096,36.75738095238095,29.98587797619048,67.41182291666667,64.28420386904762,48.80853422619048,83.26029017857144,83.03777529761905,72.46955357142856,77.75081101190476,76.48652529761905,64.43340773809524,85.26609374999998,84.15124255952381,75.37092261904762
