category,images,Original_model_52_homo,Original_model_49_homo,Original_model_42_homo,fog_model_52_homo,fog_model_49_homo,fog_model_42_homo,night_model_52_homo,night_model_49_homo,night_model_42_homo,rain_model_52_homo,rain_model_49_homo,rain_model_42_homo,snow_model_52_homo,snow_model_49_homo,snow_model_42_homo,day_model_52_homo,day_model_49_homo,day_model_42_homo
Dangerous warning,2228,92.10018850987431,89.94756283662478,90.61876570915621,38.01575403949731,37.88262118491921,40.709322262118484,91.02355475763014,89.00409784560142,86.48956912028726,91.42763913824058,88.64403949730699,90.25970377019749,83.66122082585278,83.97663375224415,82.89988779174146,92.59443447037704,90.26253141831239,91.06872531418314
Regularoty,7545,93.94296487740226,92.48462557985421,89.99405831676607,36.19668124585819,34.46066269052353,36.59406096752815,83.49960901259111,82.1204082173625,72.4591066931743,90.52374287607688,89.06598409542744,86.45441086812457,82.14625182239894,81.57736646785952,76.5534340622929,92.73705897945659,91.21320079522862,88.5759098740888
