images,Original_model_42_ideallevelfog,fog1_model_42_ideallevelfog,fog2_model_42_ideallevelfog,fog3_model_42_ideallevelfog,fog4_model_42_ideallevelfog,fog5_model_42_ideallevelfog,fog6_model_42_ideallevelfog,fog7_model_42_ideallevelfog,fog8_model_42_ideallevelfog,fog9_model_42_ideallevelfog,fog10_model_42_ideallevelfog
9773,94.46426276476006,94.39294587127803,94.18814488897983,93.75843957843038,92.9700020464545,91.94748490739794,90.01328660595517,86.95397421467307,83.35148572597974,78.07220505474265,70.72573109587638
