category,sub-category,images,Original_model_42,fog1_model_42,fog2_model_42,fog3_model_42,fog4_model_42,fog5_model_42,fog6_model_42,fog7_model_42,fog8_model_42,fog9_model_42,fog10_model_42
Dangerous warning,Dangerous warning,2228,92.50489228007181,92.32505385996411,91.96767953321365,91.92219928186715,90.97890035906643,90.7538958707361,87.8822486535009,84.55998653500897,81.14799820466786,76.25755385996409,65.57447935368043
Regularoty,Priority ,1041,96.54192122958693,96.92641690682036,97.01912584053794,95.7723823246878,95.86732949087417,95.10260326609028,94.71732949087416,93.084707012488,91.92964457252643,89.33706051873199,86.07134486071085
Regularoty,Prohibitory,3957,95.70354056103108,95.62822340156684,95.4259565327268,95.04683851402578,93.93450088450847,93.00033611321706,90.54866818296688,87.08629011877686,82.46137225170584,76.19388678291634,68.66298963861509
Regularoty,Mandatory,1203,95.75961762261014,95.67702410640067,95.59343308395675,95.25927680798006,94.92884455527847,93.76529509559435,93.01793848711556,90.93753117206984,87.86569409808813,83.95680798004989,77.14053200332503
Regularoty,Special regulations,1344,91.29499255952382,91.07239583333336,90.7741294642857,90.10585565476194,89.43357886904761,86.75543154761905,85.63675595238097,82.21879464285713,78.94009672619049,72.61808035714286,67.71045386904761
