category,images,Original_model_42_ideallevelfog,fog1_model_42_ideallevelfog,fog2_model_42_ideallevelfog,fog3_model_42_ideallevelfog,fog4_model_42_ideallevelfog,fog5_model_42_ideallevelfog,fog6_model_42_ideallevelfog,fog7_model_42_ideallevelfog,fog8_model_42_ideallevelfog,fog9_model_42_ideallevelfog,fog10_model_42_ideallevelfog
Dangerous warning,2228,92.50489228007181,92.32505385996411,91.96767953321365,91.92219928186715,90.97890035906643,90.7538958707361,87.8822486535009,84.55998653500897,81.14799820466786,76.25755385996409,65.57447935368043
Regularoty,7545,95.04285487077536,95.00358383035125,94.84383697813121,94.30067196819087,93.55796421471172,92.29994565937707,90.64257123923127,87.66090656063619,84.00216434724985,78.60806229290921,72.24686944996685
