images,Original_model_42_ideallevelfog,fog1_model_42_ideallevelfog,fog2_model_42_ideallevelfog,fog3_model_42_ideallevelfog,fog4_model_42_ideallevelfog,fog5_model_42_ideallevelfog,fog6_model_42_ideallevelfog,fog7_model_42_ideallevelfog,fog8_model_42_ideallevelfog,fog9_model_42_ideallevelfog,fog10_model_42_ideallevelfog
9773,94.15697840990484,94.21901565537706,94.16804768239027,93.77807735598077,93.34841092806714,92.25376649953955,90.33931239128208,87.67095671748694,84.15988130563801,79.33081448889797,72.42471196152664
