images,Original_model_42_ideallevelfog,fog1_model_42_ideallevelfog,fog2_model_42_ideallevelfog,fog3_model_42_ideallevelfog,fog4_model_42_ideallevelfog,fog5_model_42_ideallevelfog,fog6_model_42_ideallevelfog,fog7_model_42_ideallevelfog,fog8_model_42_ideallevelfog,fog9_model_42_ideallevelfog,fog10_model_42_ideallevelfog
9773,94.59772229612196,82.96258569528293,77.33557351887853,70.15168627852245,60.57499334902282,48.992533510692724,34.318566458610455,20.208655479381967,10.140745932671646,4.686354241276987,2.671092806712371
