category,sub-category,images,Original_model_42,fog1_model_42,fog2_model_42,fog3_model_42,fog4_model_42,fog5_model_42,fog6_model_42,fog7_model_42,fog8_model_42,fog9_model_42,fog10_model_42
Dangerous warning,Dangerous warning,2228,92.72820466786355,93.08788599640933,92.86506732495512,92.5950763016158,91.83052064631958,90.5301750448833,89.22713644524235,86.04167863554754,82.31515709156196,78.00679533213643,70.37703770197487
Regularoty,Priority ,1041,96.92623439000961,97.02306436119117,97.21510086455332,97.02050912584053,96.83060518731989,96.54374639769452,95.673381364073,95.48687800192123,92.60204610951008,90.20180595581172,87.22784822286262
Regularoty,Prohibitory,3957,95.40007834217843,95.45120545868085,95.47611827141775,94.94441496082892,94.53961587060904,93.42877432398281,90.69800606520091,87.71941117007837,83.24460449835736,76.97709628506443,69.42248673237297
Regularoty,Mandatory,1203,95.75994181213632,95.59423108894431,95.34561097256858,95.01108894430588,95.17869492934331,94.26298420615129,93.43280964256027,91.43719866999169,88.8604821280133,86.11831255195344,78.63706566916044
Regularoty,Special regulations,1344,89.2858482142857,89.06349702380952,89.06270089285714,88.69016369047618,88.0221205357143,86.53032738095237,84.2264657738095,80.80424107142855,79.16633928571429,73.95991815476191,67.63192708333334
