category,images,Original_model_42_ideallevelfog,fog1_model_42_ideallevelfog,fog2_model_42_ideallevelfog,fog3_model_42_ideallevelfog,fog4_model_42_ideallevelfog,fog5_model_42_ideallevelfog,fog6_model_42_ideallevelfog,fog7_model_42_ideallevelfog,fog8_model_42_ideallevelfog,fog9_model_42_ideallevelfog,fog10_model_42_ideallevelfog
Dangerous warning,2228,92.72820466786355,93.08788599640933,92.86506732495512,92.5950763016158,91.83052064631958,90.5301750448833,89.22713644524235,86.04167863554754,82.31515709156196,78.00679533213643,70.37703770197487
Regularoty,7545,94.57888800530152,94.55303247183566,94.5528111332008,94.12741153081511,93.79663618290259,92.76273426110006,90.66773227302846,88.15207422133864,84.70461895294899,79.72179058979457,73.02937972166997
