filter,noise_52,noise_49,noise_42,baseline_52,baseline_49,baseline_42,norm_52,norm_49,norm_42,homo_52,homo_49,homo_42
Original,89.07203212933591,88.97984549268392,89.79792182543743,88.51015450731609,90.22746546608,91.29249360482964,93.9629264299601,94.73112861966644,94.4753412462908,91.88659060677375,92.24408472321703,91.5080589378901
fog,75.34028241072342,70.58297554486852,75.36157883966028,40.94956922132405,39.24048500972066,43.9062273610969,49.74890003069682,54.7837112452676,48.93042770899416,35.106687813363344,38.16714519594802,30.574429550803227
night,80.09801903202701,80.03675227668064,79.83239639824006,78.73715133531157,82.11381049831166,82.52397421467307,90.76056686790137,92.52102322725878,91.43666530236365,84.29388519390156,82.15506497493095,85.03080527985266
rain,83.00344009004401,80.62968689245879,83.33125754630103,79.50488591016065,82.52409700194411,81.45974010027626,86.7082901872506,88.68261434564617,88.41678808963471,89.22550700910672,89.24525938811011,89.23602271564515
snow,64.39194720147344,57.3104594290392,60.861568607387696,62.59007469558989,64.9036437122685,59.49008595108973,64.20719942699273,71.22669804563593,70.69499027934104,81.87849176302055,83.54661209454622,80.44624168627853
day,88.84687301749719,88.81585388314744,89.85982912104777,88.25354343599713,90.05387496162896,90.9652266448378,93.84035199017703,94.59762815921417,94.48496572188682,91.06773252839456,91.20070398035405,91.02606773764451
