images,Original_model_52_homo,Original_model_49_homo,Original_model_42_homo,fog_model_52_homo,fog_model_49_homo,fog_model_42_homo,night_model_52_homo,night_model_49_homo,night_model_42_homo,rain_model_52_homo,rain_model_49_homo,rain_model_42_homo,snow_model_52_homo,snow_model_49_homo,snow_model_42_homo,day_model_52_homo,day_model_49_homo,day_model_42_homo
9773,92.19235751560424,91.21034892049522,92.39828711756883,41.307632252123206,42.60681878645247,41.19431290289574,81.0392059756472,80.93647293563902,85.9304962652205,89.37984139977489,87.8653095262458,89.90162386165967,81.98078174562572,81.31586923155633,83.83256727719225,91.34288959377878,90.28981991200244,91.62075616494423
