category,sub-category,images,Original_model_52,Original_model_49,Original_model_42,fog_model_52,fog_model_49,fog_model_42,night_model_52,night_model_49,night_model_42,rain_model_52,rain_model_49,rain_model_42,snow_model_52,snow_model_49,snow_model_42,day_model_52,day_model_49,day_model_42
Dangerous warning,Dangerous warning,2228,91.38164272890485,90.66445242369838,92.81855475763014,46.45412477558348,46.85880161579893,43.17653500897665,88.82341561938959,87.97011669658889,91.42732495511669,90.3956642728905,88.60056552962298,91.20350538599641,82.04727558348294,83.75143626570917,84.91872531418312,91.5166157989228,91.11464093357269,92.99995511669657
Regularoty,Priority ,1041,95.48315081652258,94.61877041306435,96.05990393852065,66.28134486071087,57.7337367915466,65.70344860710856,89.81640730067244,90.58581171950047,93.56219980787705,95.48470701248799,93.75654178674353,95.87239193083573,91.25652257444766,87.41622478386167,92.69904899135447,95.86697406340058,95.00712776176753,95.67986551392892
Regularoty,Prohibitory,3957,93.45504422542331,93.50487237806416,93.70934293656813,35.4810664644933,40.76178923426838,36.56670962850645,84.35690169320192,86.07449835734141,88.5269497093758,89.66554965883245,90.42282789992419,90.52452110184484,80.1108946171342,81.67862774829416,82.83992923932271,92.51904220368965,92.69622188526658,92.69699014404851
Regularoty,Mandatory,1203,94.34768079800499,93.4336076475478,94.18106400665003,33.50051537822112,36.82394846217789,37.1563923524522,73.39991687448048,67.83054031587699,81.96291770573566,90.52338320864504,87.9471986699917,91.43699916874482,85.95226101413134,81.13044056525352,85.03794679966751,93.59848711554449,91.27083125519536,93.84959268495429
Regularoty,Special regulations,1344,85.34061011904764,80.72975446428569,83.40972470238096,37.57523809523809,34.44985119047619,36.16354166666667,58.406510416666656,58.40622767857143,66.81389880952382,81.10257440476192,74.4802380952381,79.91053571428571,76.63648065476193,71.65122767857143,77.00803571428571,82.06896577380951,77.30566220238094,81.02675595238095
