category,images,Original_model_52_homo,Original_model_49_homo,Original_model_42_homo,fog_model_52_homo,fog_model_49_homo,fog_model_42_homo,night_model_52_homo,night_model_49_homo,night_model_42_homo,rain_model_52_homo,rain_model_49_homo,rain_model_42_homo,snow_model_52_homo,snow_model_49_homo,snow_model_42_homo,day_model_52_homo,day_model_49_homo,day_model_42_homo
Dangerous warning,2228,91.38164272890485,90.66445242369838,92.81855475763014,46.45412477558349,46.85880161579894,43.17653500897665,88.82341561938959,87.97011669658889,91.42732495511669,90.3956642728905,88.60056552962298,91.20350538599641,82.04727558348294,83.75143626570917,84.91872531418312,91.5166157989228,91.11464093357269,92.99995511669655
Regularoty,7545,92.43175745526841,91.37154937044399,92.27418422796556,39.78789927104043,41.35122995361166,40.60897282968854,78.7405685884692,78.85947382372431,84.30731080185554,89.07987408880054,87.64819218025183,89.51718489065607,81.96114645460571,80.5966587143804,83.511830351226,91.29158913187541,90.04625447316101,91.21348575215374
