filter,ideal_42
Original,95.07829632661414
fognight,41.512435280875884
fogsnow,35.107152358538826
fograin,46.014318019032025
rainnight,62.222802619461795
snownight,24.813156656093316
