filter,ideal_42,noise_42
Original,95.07829632661414,92.31569425969506
fognight,41.512435280875884,75.65674511408986
fogsnow,35.107152358538826,67.10291722091476
fograin,46.014318019032025,76.26078481530747
rainnight,62.222802619461795,75.74919983628362
snownight,24.813156656093316,52.255289061700594
