images,Original_model_52_ideal,Original_model_49_ideal,Original_model_42_ideal,fog_model_52_ideal,fog_model_49_ideal,fog_model_42_ideal,night_model_52_ideal,night_model_49_ideal,night_model_42_ideal,rain_model_52_ideal,rain_model_49_ideal,rain_model_42_ideal,snow_model_52_ideal,snow_model_49_ideal,snow_model_42_ideal,day_model_52_ideal,day_model_49_ideal,day_model_42_ideal
9773,93.56365701422287,94.22870050138134,94.60792387189196,39.90560728537808,43.20055151949248,44.10119001330195,88.31457382584674,89.25635526450425,89.61545789419829,91.76268904123606,92.60200552542719,92.96068044612709,90.54621303591529,91.7630727514581,91.59926941573724,93.15519083188376,93.77915276782973,94.33109076025787
