images,Original_model_52_ideal,Original_model_49_ideal,Original_model_42_ideal,fog_model_52_ideal,fog_model_49_ideal,fog_model_42_ideal,night_model_52_ideal,night_model_49_ideal,night_model_42_ideal,rain_model_52_ideal,rain_model_49_ideal,rain_model_42_ideal,snow_model_52_ideal,snow_model_49_ideal,snow_model_42_ideal,day_model_52_ideal,day_model_49_ideal,day_model_42_ideal
9773,94.37208738360788,94.044986186432,94.80215593983424,40.795832395375,42.812100685562264,45.53372352399468,89.12292131382381,90.07474265834442,90.4026061598281,92.66277601555306,92.88841809065794,93.67620178041543,91.64017701831575,91.12900542310446,92.25394249462806,93.8199253044101,93.65522869129235,94.39251099969303
