category,images,Original_model_52_ideal,Original_model_49_ideal,Original_model_42_ideal,fog_model_52_ideal,fog_model_49_ideal,fog_model_42_ideal,night_model_52_ideal,night_model_49_ideal,night_model_42_ideal,rain_model_52_ideal,rain_model_49_ideal,rain_model_42_ideal,snow_model_52_ideal,snow_model_49_ideal,snow_model_42_ideal,day_model_52_ideal,day_model_49_ideal,day_model_42_ideal
Dangerous warning,2228,93.17777827648115,92.9535053859964,92.8636041292639,40.84356373429084,44.88196588868941,46.363586175942544,91.78745960502694,89.99058348294434,91.24887791741472,91.15717684021544,91.65223070017953,91.56235188509875,90.48582585278278,91.33749999999998,90.30725763016157,92.9089093357271,92.95410233393179,92.99879263913824
Regularoty,7545,93.67760503644797,94.60525911199468,95.12301259111996,39.62863353214049,42.70403843605036,43.43311597084161,87.28904837640823,89.03954141815773,89.13311729622265,91.94149370444002,92.88246918489065,93.37359973492379,90.5640450629556,91.88874221338635,91.98079390324719,93.22791650099404,94.0227859509609,94.72451159708417
