category,sub-category,images,Original_model_52,Original_model_49,Original_model_42,fog_model_52,fog_model_49,fog_model_42,night_model_52,night_model_49,night_model_42,rain_model_52,rain_model_49,rain_model_42,snow_model_52,snow_model_49,snow_model_42,day_model_52,day_model_49,day_model_42
Dangerous warning,Dangerous warning,2228,93.17827199281865,92.19096499102335,94.03183123877918,41.06856373429084,45.3780026929982,46.90302962298025,90.84524236983843,91.02337971274686,91.65208707360861,91.83027827648115,92.14599192100538,93.08753141831238,90.97936265709153,90.21651256732494,92.81803411131058,93.08865798922798,92.23556104129264,94.16546678635547
Regularoty,Priority ,1041,96.92428434197888,97.30841498559079,97.50485110470703,57.82929875120077,59.847492795389044,65.03341978866474,92.79302593659942,92.98958693563881,93.17838616714698,96.15835734870318,97.1157060518732,96.73277617675312,94.7190297790586,95.48374639769452,95.77366954851104,96.06302593659943,97.11635926993276,97.11786743515852
Regularoty,Prohibitory,3957,95.75459944402324,95.62837250442253,95.82914329037149,35.58224665150366,36.03794794035886,40.20681576952236,89.84070507960575,90.8004700530705,91.50940358857719,94.13666413949962,93.98472580237555,94.84416729845844,92.94783169067475,92.0642102602982,92.36733131159971,95.29919888804649,95.17222137983322,95.52696992671218
Regularoty,Mandatory,1203,96.75723192019952,96.09249376558601,96.42275145469658,46.3850706566916,44.8865004156276,46.38463009143807,91.60433083956775,92.60121363258519,93.51665004156274,95.84334995843726,94.84647547797172,95.84239401496261,94.68111388196178,93.84930174563591,94.9292518703242,96.50921862011639,95.59318370739817,95.92618453865336
Regularoty,Special regulations,1344,88.16900297619047,88.09626488095238,89.51154017857144,37.49733630952381,43.451346726190465,43.082038690476196,79.09069196428572,81.84634672619046,80.13532738095238,84.14901041666667,85.8645238095238,86.90692708333333,83.7789955357143,84.08036458333333,85.86412946428571,86.53234375,87.1268675595238,87.94511160714283
