category,images,Original_model_52_ideal,Original_model_49_ideal,Original_model_42_ideal,fog_model_52_ideal,fog_model_49_ideal,fog_model_42_ideal,night_model_52_ideal,night_model_49_ideal,night_model_42_ideal,rain_model_52_ideal,rain_model_49_ideal,rain_model_42_ideal,snow_model_52_ideal,snow_model_49_ideal,snow_model_42_ideal,day_model_52_ideal,day_model_49_ideal,day_model_42_ideal
Dangerous warning,2228,93.17827199281865,92.19096499102335,94.03183123877918,41.06856373429084,45.3780026929982,46.90302962298025,90.84524236983843,91.02337971274686,91.65208707360861,91.83027827648115,92.14599192100538,93.08753141831238,90.97936265709153,90.21651256732494,92.81803411131057,93.08865798922798,92.23556104129264,94.16546678635547
Regularoty,7545,94.72461497680582,94.59246918489065,95.02962889330682,40.715296222664,42.05440291583831,45.129374420145794,88.61432869449966,89.79461497680582,90.03364082173624,92.90860834990059,93.10765275016567,93.85003313452617,91.83531212723658,91.39845990722333,92.08736911862161,94.03586481113321,94.07444930417496,94.45955599734926
