category,sub-category,images,Original_model_52,Original_model_49,Original_model_42,fog_model_52,fog_model_49,fog_model_42,night_model_52,night_model_49,night_model_42,rain_model_52,rain_model_49,rain_model_42,snow_model_52,snow_model_49,snow_model_42,day_model_52,day_model_49,day_model_42
Dangerous warning,Dangerous warning,2228,93.17777827648115,92.9535053859964,92.8636041292639,40.84356373429084,44.88196588868941,46.363586175942544,91.78745960502694,89.99058348294434,91.24887791741472,91.15717684021544,91.65223070017953,91.56235188509875,90.48582585278278,91.33749999999998,90.30725763016157,92.9089093357271,92.95410233393179,92.99879263913824
Regularoty,Priority ,1041,98.17505283381364,97.98034582132564,97.3096926032661,58.78940441882804,62.2498655139289,65.51492795389049,94.14034582132564,93.08531219980787,94.04482228626321,97.3102209414025,97.11838616714698,96.73427473583092,96.73687800192123,96.63853986551393,95.77128722382325,97.88532180595581,97.59804995196927,97.30874159462056
Regularoty,Prohibitory,3957,95.32400303260046,95.19827899924184,95.90640131412685,33.914728329542584,37.300414455395504,38.4130553449583,89.78968410411929,89.91675259034622,90.8785367702805,93.37876674248167,93.3776901693202,94.212873388931,91.71179681576952,92.09010108668184,92.54435936315389,94.97152135456155,94.49156431640131,95.72920646954763
Regularoty,Mandatory,1203,95.0131088944306,95.17832917705738,94.59772236076478,43.557323358271,43.723325020781374,42.39393183707398,87.28046550290941,91.35372402327515,90.27492934330837,94.18029093931838,94.09761429758936,93.59888611803824,93.59915211970078,93.93083956774733,92.60217788861182,94.76349127182047,94.84647547797172,94.01525353283459
Regularoty,Special regulations,1344,84.15137648809524,89.73215773809522,91.59304315476192,38.09392113095239,42.56172619047619,42.03977678571428,74.62767113095238,81.25179315476191,79.16785714285714,81.54758928571427,87.05583333333333,88.09793898809524,79.6869568452381,85.78906994047615,86.82941220238098,83.11251488095239,89.1361011904762,90.39971726190475
