images,Original_model_42_noiselevelfog,fog1_model_42_noiselevelfog,fog2_model_42_noiselevelfog,fog3_model_42_noiselevelfog,fog4_model_42_noiselevelfog,fog5_model_42_noiselevelfog,fog6_model_42_noiselevelfog,fog7_model_42_noiselevelfog,fog8_model_42_noiselevelfog,fog9_model_42_noiselevelfog,fog10_model_42_noiselevelfog
9773,92.81653637572906,92.70442034175791,92.540901463215,92.5207050035813,92.3359869026911,92.22340120740817,91.91634298577715,91.23107234216721,90.31042566253966,89.06222858896959,87.16866571165454
