category,images,Original_model_42_noiselevelfog,fog1_model_42_noiselevelfog,fog2_model_42_noiselevelfog,fog3_model_42_noiselevelfog,fog4_model_42_noiselevelfog,fog5_model_42_noiselevelfog,fog6_model_42_noiselevelfog,fog7_model_42_noiselevelfog,fog8_model_42_noiselevelfog,fog9_model_42_noiselevelfog,fog10_model_42_noiselevelfog
Dangerous warning,2228,90.30619838420108,89.90165619389589,89.677302513465,89.8570646319569,89.94693895870738,89.58679982046678,90.0362567324955,88.32908438061042,87.56679982046678,86.35488779174146,84.69601436265707
Regularoty,7545,93.55782637508284,93.53206229290922,93.38650762094103,93.3072644135189,93.04146056991387,93.00197614314116,92.47152286282308,92.08801457919152,91.12060437375749,89.86169251159708,87.89882703777336
