category,sub-category,images,Original_model_42,fog1_model_42,fog2_model_42,fog3_model_42,fog4_model_42,fog5_model_42,fog6_model_42,fog7_model_42,fog8_model_42,fog9_model_42,fog10_model_42
Dangerous warning,Dangerous warning,2228,90.30619838420108,89.90165619389589,89.677302513465,89.8570646319569,89.94693895870738,89.58679982046678,90.0362567324955,88.32908438061042,87.56679982046678,86.35488779174146,84.69601436265707
Regularoty,Priority ,1041,95.67582132564843,95.77305475504323,95.77358309317964,95.48739673390972,95.9655139289145,96.15638808837656,95.19899135446686,95.00406340057637,95.19637848222862,95.00541786743516,93.47069164265129
Regularoty,Prohibitory,3957,93.5552666161233,93.32862522112714,93.15100833965126,93.22638615112457,92.59538033864038,92.3428228455901,91.88708112206217,91.48400808693455,90.09483194339147,88.09856962345212,86.37807935304524
Regularoty,Mandatory,1203,94.42938487115549,94.51386533665838,94.43079800498757,94.43143807148799,94.3473067331671,94.18213632585206,93.5987863674148,93.59859517871988,93.01746467165421,93.01788029925187,90.43921030756442
Regularoty,Special regulations,1344,91.14473958333336,91.51645089285716,91.29621279761908,90.85052083333335,90.92112351190478,91.44304315476192,91.07066220238099,90.25558779761906,89.28591517857146,88.2435119047619,85.78662946428572
