images,Original_model_52_idealnoise,Original_model_49_idealnoise,Original_model_42_idealnoise,fog_model_52_idealnoise,fog_model_49_idealnoise,fog_model_42_idealnoise,night_model_52_idealnoise,night_model_49_idealnoise,night_model_42_idealnoise,rain_model_52_idealnoise,rain_model_49_idealnoise,rain_model_42_idealnoise,snow_model_52_idealnoise,snow_model_49_idealnoise,snow_model_42_idealnoise,day_model_52_idealnoise,day_model_49_idealnoise,day_model_42_idealnoise
9773,92.70472219379924,92.77609331832602,92.8476915993042,78.03183464647499,76.2508513250793,77.40671544049934,89.60404481735394,90.26938811009924,89.39021180804258,92.02891844878746,91.99798833520926,92.19250997646577,91.3024025376036,90.78032640949557,91.34371226849484,92.52055151949249,92.50017497186126,92.66377877826666
