images,Original_model_52_idealnoise,Original_model_49_idealnoise,Original_model_42_idealnoise,fog_model_52_idealnoise,fog_model_49_idealnoise,fog_model_42_idealnoise,night_model_52_idealnoise,night_model_49_idealnoise,night_model_42_idealnoise,rain_model_52_idealnoise,rain_model_49_idealnoise,rain_model_42_idealnoise,snow_model_52_idealnoise,snow_model_49_idealnoise,snow_model_42_idealnoise,day_model_52_idealnoise,day_model_49_idealnoise,day_model_42_idealnoise
9773,92.97040724444898,92.43796889389134,93.02210580169856,76.41495753606877,75.61593983423718,77.3456492376957,89.14251713905658,88.7645247109383,89.56269313414509,92.09098332139567,91.7120351990177,92.38728333162796,91.15940550496265,91.06741942085338,91.37453494321089,92.77603499437225,92.2439557965824,93.11301749718612
