category,sub-category,images,Original_model_52,Original_model_49,Original_model_42,fog_model_52,fog_model_49,fog_model_42,night_model_52,night_model_49,night_model_42,rain_model_52,rain_model_49,rain_model_42,snow_model_52,snow_model_49,snow_model_42,day_model_52,day_model_49,day_model_42
Dangerous warning,Dangerous warning,2228,90.53045332136446,90.21629712746858,90.57658438061041,72.48691651705566,72.98044883303413,75.31495511669661,89.09346499102334,88.60011669658888,88.37489228007182,89.85578994614004,89.94667863554757,89.85632854578097,89.31806104129264,88.82478456014363,89.89951077199282,90.75451974865351,90.12610861759424,90.84458258527827
Regularoty,Priority ,1041,96.7325744476465,95.9677329490874,96.06015369836695,89.14734870317002,87.7021902017291,89.14516810758884,94.33080691642651,93.46893371757923,92.69865513928914,96.63802113352546,95.67785782901056,96.54217098943325,96.15634966378482,95.67722382324688,95.1996926032661,96.82773294908742,96.15913544668587,96.25180595581172
Regularoty,Prohibitory,3957,93.42902451352033,93.30172858225932,93.48062673742734,74.07102602982059,72.883869092747,74.09633560778367,90.29390952741977,90.80065959059895,90.37080111195351,92.49540813747788,92.44348243618904,92.54517311094261,91.02899924184989,91.48423805913572,90.90283042709122,93.12583017437454,92.92355319686631,93.52944655041698
Regularoty,Mandatory,1203,95.92614297589363,94.51356608478801,95.17891936824607,83.79123857024108,81.12866999168745,82.29325852036575,90.43943474646716,89.02643391521195,93.01715710723192,94.68017456359105,93.59954280964254,94.84636741479633,94.26337489609313,93.51507065669162,93.84706566916043,95.34621778886118,94.51496259351619,95.09517040731505
Regularoty,Special regulations,1344,90.10530505952383,88.98600446428571,91.44249255952381,73.36326636904761,73.7328125,76.71071428571426,80.65444196428572,79.16404017857143,83.63150297619048,88.76616071428573,87.72377976190478,90.69880208333333,87.94708333333334,87.79651785714286,90.03260416666666,89.6585119047619,88.68865327380954,91.44207589285716
