category,images,Original_model_52_idealnoise,Original_model_49_idealnoise,Original_model_42_idealnoise,fog_model_52_idealnoise,fog_model_49_idealnoise,fog_model_42_idealnoise,night_model_52_idealnoise,night_model_49_idealnoise,night_model_42_idealnoise,rain_model_52_idealnoise,rain_model_49_idealnoise,rain_model_42_idealnoise,snow_model_52_idealnoise,snow_model_49_idealnoise,snow_model_42_idealnoise,day_model_52_idealnoise,day_model_49_idealnoise,day_model_42_idealnoise
Dangerous warning,2228,90.48528276481149,90.7992684021544,90.97970377019749,75.22524236983843,71.94802962298026,73.24954667863555,88.10463644524236,89.40654847396767,89.90053859964092,89.90189856373428,90.17184919210052,90.5755475763016,88.7795646319569,88.6900538599641,90.03640035906643,90.17012567324954,90.89023339317774,90.79976211849191
Regularoty,7545,93.36011133200795,93.35983962889331,93.39929887342612,78.86060702451955,77.52145261762756,78.63430616302188,90.04681245858185,90.52418025182239,89.23951491053678,92.6570165672631,92.53723790589795,92.66999072233267,92.04738369781312,91.39757322730287,91.7297548045063,93.21462027833003,92.97558250497018,93.21421338634858
