category,images,Original_model_52_idealnoise,Original_model_49_idealnoise,Original_model_42_idealnoise,fog_model_52_idealnoise,fog_model_49_idealnoise,fog_model_42_idealnoise,night_model_52_idealnoise,night_model_49_idealnoise,night_model_42_idealnoise,rain_model_52_idealnoise,rain_model_49_idealnoise,rain_model_42_idealnoise,snow_model_52_idealnoise,snow_model_49_idealnoise,snow_model_42_idealnoise,day_model_52_idealnoise,day_model_49_idealnoise,day_model_42_idealnoise
Dangerous warning,2228,90.53045332136446,90.21629712746858,90.57658438061041,72.48691651705566,72.98044883303413,75.31495511669661,89.09346499102334,88.60011669658888,88.37489228007182,89.85578994614004,89.94667863554757,89.85632854578097,89.31806104129264,88.82478456014363,89.89951077199282,90.75451974865351,90.12610861759424,90.84458258527827
Regularoty,7545,93.69091318754141,93.09401722995362,93.74425579854208,77.57488800530153,76.39418687872762,77.94530284956925,89.15700198807157,88.81307355864813,89.91344466534127,92.75102451954938,92.23333598409542,93.13466136514248,91.70314512922465,91.72965805168988,91.81010205434062,93.37297813121273,92.86934526176275,93.78287475149106
