category,sub-category,images,Original_model_52,Original_model_49,Original_model_42,fog_model_52,fog_model_49,fog_model_42,night_model_52,night_model_49,night_model_42,rain_model_52,rain_model_49,rain_model_42,snow_model_52,snow_model_49,snow_model_42,day_model_52,day_model_49,day_model_42
Dangerous warning,Dangerous warning,2228,90.48528276481149,90.7992684021544,90.97970377019749,75.22524236983843,71.94802962298026,73.24954667863555,88.10463644524236,89.40654847396767,89.90053859964092,89.90189856373428,90.17184919210052,90.5755475763016,88.7795646319569,88.6900538599641,90.03640035906643,90.17012567324954,90.89023339317774,90.79976211849191
Regularoty,Priority ,1041,95.8712199807877,96.53868395773296,96.73117195004804,88.37625360230548,88.95547550432276,89.0469260326609,94.0434870317003,96.0653986551393,94.62056676272816,96.82842459173871,96.73274735830933,97.11741594620558,96.15731988472623,95.9651777137368,95.96549471661864,96.35096061479346,96.34916426512967,96.73585975024017
Regularoty,Prohibitory,3957,93.27828910791003,93.65766995198385,93.98570381602227,75.71449835734141,74.49995451099318,75.48600960323478,91.10510993176649,91.68547889815515,90.52514783927217,92.2413191811979,92.46782158200656,92.79710639373262,91.35662370482689,91.15430629264596,91.88753601213041,93.07595147839274,93.22688147586554,93.73255496588327
Regularoty,Mandatory,1203,95.84356608478804,95.17986699916874,94.84546134663344,84.20619285120532,83.45724023275145,83.29269326683291,92.35227763923525,91.35463840399002,90.94045719035746,94.84554447215297,94.26477971737324,94.51439733998339,94.84625935162093,94.01399002493768,93.51609310058188,95.51150457190359,94.93017456359104,94.59676641729013
Regularoty,Special regulations,1344,89.4331101190476,88.39169642857142,87.79764880952379,75.9682142857143,72.24801339285713,75.66870535714287,81.77174107142858,82.06978422619048,79.76395089285715,88.69100446428571,87.94566220238096,87.20005952380954,88.3925074404762,86.23401785714286,86.38547619047617,89.13770833333334,87.87315476190479,87.72290178571428
