images,Original_model_42_noise,fognight_model_42_noise,fogsnow_model_42_noise,fograin_model_42_noise,rainnight_model_42_noise,snownight_model_42_noise
9773,92.2440407244449,74.76751151130667,66.83714212626623,75.50368157167708,75.68771104062212,51.92825335106927
