category,images,Original_model_42_noise,fognight_model_42_noise,fogsnow_model_42_noise,fograin_model_42_noise,rainnight_model_42_noise,snownight_model_42_noise
Dangerous warning,2228,91.29399012567325,67.68308797127469,60.50370736086176,71.27485637342906,72.93584829443446,52.82720377019747
Regularoty,7545,93.59779324055668,64.28158383035122,68.72091186216038,76.03722200132538,73.25381179589131,53.532237243207426
