category,sub-category,images,Original_model_42,fognight_model_42,fogsnow_model_42,fograin_model_42,rainnight_model_42,snownight_model_42
Dangerous warning,Dangerous warning,2228,89.81210951526033,72.62106373429084,59.9192908438061,70.55656193895871,72.30708258527828,47.48676391382405
Regularoty,Priority ,1041,96.82787704130644,85.78024015369839,83.86430355427473,87.99239193083575,84.82353506243996,64.07406340057636
Regularoty,Prohibitory,3957,92.51963103361129,74.40063179176141,64.0625044225423,73.31274197624461,74.3234470558504,47.63640384129391
Regularoty,Mandatory,1203,94.51363258520364,74.06631753948463,70.90692435577722,79.38534497090608,80.05017456359103,59.18385702410639
Regularoty,Special regulations,1344,89.88223958333333,71.50360863095239,69.64293898809524,77.00765625,74.32758928571428,56.02513392857142
