images,Original_model_52_homo,Original_model_49_homo,Original_model_42_homo,fog_model_52_homo,fog_model_49_homo,fog_model_42_homo,night_model_52_homo,night_model_49_homo,night_model_42_homo,rain_model_52_homo,rain_model_49_homo,rain_model_42_homo,snow_model_52_homo,snow_model_49_homo,snow_model_42_homo,day_model_52_homo,day_model_49_homo,day_model_42_homo
9773,92.85768136703162,91.33384528803849,91.55830860534124,41.819279648009825,37.01033971144991,35.158094750844164,80.96813772638903,79.26971656604931,80.86562570346875,88.99011869436202,88.81633991609536,87.69046659163001,76.2807970940346,82.35965210273201,80.64085132507928,91.69049421876599,91.01584058119306,90.5249022817968
