category,sub-category,images,Original_model_52,Original_model_49,Original_model_42,fog_model_52,fog_model_49,fog_model_42,night_model_52,night_model_49,night_model_42,rain_model_52,rain_model_49,rain_model_42,snow_model_52,snow_model_49,snow_model_42,day_model_52,day_model_49,day_model_42
Dangerous warning,Dangerous warning,2228,92.77270197486536,90.48541741472172,90.88952872531418,50.851584380610404,37.56651256732495,35.95149910233393,91.51777827648114,88.91310592459605,87.34292190305204,90.93335727109516,89.90109964093358,89.45193447037701,79.39773788150809,83.12427289048475,83.2135906642729,92.54810592459606,91.15767055655296,90.84513016157989
Regularoty,Priority ,1041,94.90847262247839,96.4469260326609,95.58191162343901,58.69292026897214,64.84470701248797,59.84487992315083,91.25748318924111,91.83670509125841,88.37605187319886,93.46920268972141,95.48752161383285,94.14139289145054,84.7249279538905,91.45048991354466,90.3946013448607,95.09850144092219,96.15899135446685,95.48418828049952
Regularoty,Prohibitory,3957,93.98562800101085,92.97443770533233,92.92395501642658,36.71998230983068,31.715883244882498,30.679643669446556,85.04012383118526,85.82286580742988,83.04295425827648,89.99255243871622,90.14457669951983,88.5519939347991,74.87961587060906,82.3859438968916,80.2374374526156,93.12589082638362,92.41838514025777,91.7103487490523
Regularoty,Mandatory,1203,92.76929343308397,93.43295926849544,93.09913549459682,31.089127182044884,33.9157855361596,31.42270989193683,64.75345802161263,59.43423940149626,77.22246882793019,86.53320864505403,88.4448794679967,87.52881961762262,73.3991271820449,82.62632585203657,78.72,91.02220282626767,92.68378221113883,93.09893599334995
Regularoty,Special regulations,1344,88.16832589285714,82.07084077380952,84.15056547619048,38.394322916666674,32.886964285714285,31.250543154761907,58.03480654761904,52.01046130952381,61.161205357142855,81.54723958333334,78.2728050595238,77.38200892857144,71.27799851190476,73.73466517857142,71.72818452380952,84.00120535714287,81.1747544642857,80.35863839285715
