category,images,Original_model_52_homo,Original_model_49_homo,Original_model_42_homo,fog_model_52_homo,fog_model_49_homo,fog_model_42_homo,night_model_52_homo,night_model_49_homo,night_model_42_homo,rain_model_52_homo,rain_model_49_homo,rain_model_42_homo,snow_model_52_homo,snow_model_49_homo,snow_model_42_homo,day_model_52_homo,day_model_49_homo,day_model_42_homo
Dangerous warning,2228,92.77270197486536,90.48541741472172,90.88952872531418,50.851584380610404,37.56651256732495,35.95149910233393,91.51777827648114,88.91310592459605,87.34292190305204,90.93335727109516,89.90109964093358,89.45193447037701,79.39773788150809,83.12427289048475,83.2135906642729,92.54810592459606,91.15767055655296,90.84513016157989
Regularoty,7545,92.88277534791253,91.58438170974156,91.75579589131873,39.15208614976806,36.84610470510272,34.923806494367135,77.85288270377734,76.4220728959576,78.95291318754143,88.41629025844931,88.49601590457256,87.17031411530816,75.36038038436051,82.13386348575216,79.88113452617625,91.43724585818423,90.97395891318753,90.43034062292908
