images,Original_model_42_noise,fognight_model_42_noise,fogsnow_model_42_noise,fograin_model_42_noise,rainnight_model_42_noise,snownight_model_42_noise
9773,92.980494218766,74.41938401719021,65.25134042770901,74.76728537808248,76.04553770592449,49.247981172618445
