images,Original_model_52_noise,Original_model_49_noise,Original_model_42_noise,fognight_model_52_noise,fognight_model_49_noise,fognight_model_42_noise,fogsnow_model_52_noise,fogsnow_model_49_noise,fogsnow_model_42_noise,fograin_model_52_noise,fograin_model_49_noise,fograin_model_42_noise,rainnight_model_52_noise,rainnight_model_49_noise,rainnight_model_42_noise,snownight_model_52_noise,snownight_model_49_noise,snownight_model_42_noise
9773,92.53021385449709,92.15180599611175,92.77578532692112,75.84182134452061,74.95092806712371,74.83952419932469,74.16411030389851,75.49353013404277,73.93817967870663,78.85978614550292,79.24851427402027,77.76510692724854,90.3002732016781,89.76817149288856,90.15647293563902,82.12426481121456,83.49512943824824,82.60528803847336
