category,images,Original_model_52_noise,Original_model_49_noise,Original_model_42_noise,fognight_model_52_noise,fognight_model_49_noise,fognight_model_42_noise,fogsnow_model_52_noise,fogsnow_model_49_noise,fogsnow_model_42_noise,fograin_model_52_noise,fograin_model_49_noise,fograin_model_42_noise,rainnight_model_52_noise,rainnight_model_49_noise,rainnight_model_42_noise,snownight_model_52_noise,snownight_model_49_noise,snownight_model_42_noise
Dangerous warning,2228,90.75466786355476,89.6761355475763,90.25992818671455,74.59725763016158,73.15933572710952,71.67952872531419,68.80717684021543,71.67696140035905,67.95231597845601,74.64093357271096,74.55179982046677,73.51956463195691,89.13796229802513,87.02923249551168,88.06153052064631,81.685960502693,81.50773339317773,81.23808348294436
Regularoty,7545,93.05452352551359,92.88285884691851,93.51870510271704,76.20933465871437,75.47997614314116,75.77265473823725,75.7459854208085,76.62054340622929,75.70577468522198,80.1055917826375,80.63543008614977,79.01879390324719,90.64349768058318,90.5769662027833,90.77509874088801,82.25369383697813,84.08199734923791,83.0090165672631
