category,images,Original_model_42_noise,fognight_model_42_noise,fogsnow_model_42_noise,fograin_model_42_noise,rainnight_model_42_noise,snownight_model_42_noise
Dangerous warning,2228,90.48525583482945,67.77231149012569,59.4253590664273,69.03016606822263,71.99334380610414,48.34038599640934
Regularoty,7545,93.18718489065606,61.988661365142484,65.91076607024519,73.12144996686546,72.16768323392975,52.24645062955599
