category,sub-category,images,Original_model_42,fognight_model_42,fogsnow_model_42,fograin_model_42,rainnight_model_42,snownight_model_42
Dangerous warning,Dangerous warning,2228,90.75403500897666,71.05021095152601,59.2901750448833,69.29975314183122,72.8887881508079,48.698810592459616
Regularoty,Priority ,1041,95.58069164265129,82.61227665706052,79.53989433237273,85.30332372718539,81.74764649375601,58.88755043227665
Regularoty,Prohibitory,3957,93.85942886024765,72.88325751832194,61.25863785696235,71.79667677533487,75.00621935809959,46.01981298963862
Regularoty,Mandatory,1203,94.4316791354946,80.1331587697423,70.49285120532005,81.12921030756442,81.04788861180384,54.197389858686606
Regularoty,Special regulations,1344,90.77069196428572,73.06707589285716,71.12982142857143,78.72186011904765,75.44441964285716,47.76619791666667
