category,sub-category,images,Original_model_52,Original_model_49,Original_model_42,fognight_model_52,fognight_model_49,fognight_model_42,fogsnow_model_52,fogsnow_model_49,fogsnow_model_42,fograin_model_52,fograin_model_49,fograin_model_42,rainnight_model_52,rainnight_model_49,rainnight_model_42,snownight_model_52,snownight_model_49,snownight_model_42
Dangerous warning,Dangerous warning,2228,90.75466786355476,89.6761355475763,90.25992818671455,74.59725763016158,73.15933572710952,71.67952872531419,68.80717684021543,71.67696140035905,67.95231597845601,74.64093357271096,74.55179982046677,73.51956463195691,89.13796229802513,87.02923249551168,88.06153052064631,81.685960502693,81.50773339317773,81.23808348294436
Regularoty,Priority ,1041,96.06075888568685,95.67707012487992,96.4449855907781,88.37864553314122,85.01348703170028,86.84324687800192,88.08808837656102,87.22516810758887,87.8024015369837,91.16048030739674,89.71768491834776,89.24423631123919,95.19913544668587,93.85420749279538,95.29170989433239,89.91609990393852,88.18620557156581,88.37652257444766
Regularoty,Prohibitory,3957,93.22687894869851,93.07573666919384,93.60638867829164,74.3744478140005,75.30941369724539,72.63048774323984,72.20168056608544,72.85797573919636,70.81014657568862,76.92756128380086,77.30549911549153,74.65156684356836,90.52282789992421,90.97853424311346,90.44782663634068,80.89477381854941,83.32042203689664,81.88042961839777
Regularoty,Mandatory,1203,94.84734829592685,93.5152867830424,93.93066500415628,81.38007481296758,75.22857855361596,79.55113881961762,79.2190191188695,80.29902743142144,81.21243557772236,84.95413965087279,85.36857855361596,83.45648379052369,93.85000000000002,91.602676641729,93.09965918536993,88.6952701579385,88.86039068994181,87.69681629260184
Regularoty,Special regulations,1344,88.61384672619049,89.58464285714287,90.6252455357143,67.55754464285715,68.82295386904762,73.06696428571429,73.51281994047618,76.19186011904763,75.82102678571428,76.55985119047618,79.16811755952382,79.98448660714287,84.6000818452381,85.93816964285713,86.15960565476189,74.55389136904762,78.86820684523809,77.97837797619049
