images,Original_model_52_homo,Original_model_49_homo,Original_model_42_homo,fog_model_52_homo,fog_model_49_homo,fog_model_42_homo,night_model_52_homo,night_model_49_homo,night_model_42_homo,rain_model_52_homo,rain_model_49_homo,rain_model_42_homo,snow_model_52_homo,snow_model_49_homo,snow_model_42_homo,day_model_52_homo,day_model_49_homo,day_model_42_homo
9773,91.92604420341758,90.9750404174767,92.00939834237184,36.27347385654353,44.274525734165564,42.42306865854907,83.02513660083905,80.59967359050445,78.22640437941267,88.97004502199938,88.69252634810194,88.05936559909956,81.25374501176714,79.60818479484293,77.8879197789829,91.20002353422694,90.41307889082162,90.7807019338995
