category,sub-category,images,Original_model_52,Original_model_49,Original_model_42,fog_model_52,fog_model_49,fog_model_42,night_model_52,night_model_49,night_model_42,rain_model_52,rain_model_49,rain_model_42,snow_model_52,snow_model_49,snow_model_42,day_model_52,day_model_49,day_model_42
Dangerous warning,Dangerous warning,2228,91.8759156193896,88.10554757630162,91.60747307001795,37.38881956912029,42.72844254937162,45.69166068222621,89.49771095152602,83.75305206463194,87.2085143626571,90.34988330341113,88.14947935368045,89.5872396768402,83.79571364452426,78.59120287253141,79.30910233393178,92.14570017953321,88.870013464991,91.5164631956912
Regularoty,Priority ,1041,95.09973102785783,95.48499519692602,94.71688760806917,57.253429394812684,67.05142170989433,68.39663784822287,90.7773967339097,88.85571565802114,87.60976945244957,94.4291450528338,95.29099903938521,92.31774255523536,88.85841498559077,90.588088376561,86.7457060518732,95.19638808837657,95.19804995196927,93.66098943323728
Regularoty,Prohibitory,3957,94.11090472580236,92.82309325246399,93.98635077078595,32.196143543088205,40.96459944402325,38.91755622946677,86.7331892848117,84.12918877937831,83.32113975233763,90.5491761435431,90.49696739954511,90.11868081880212,80.74103613848878,79.4052211271165,78.01291382360372,93.17644174879956,92.59565579984834,92.92359868587315
Regularoty,Mandatory,1203,93.26567747298421,94.17911886949295,93.10215295095594,33.166924355777226,44.472078137988376,33.417481296758105,75.72654197838737,78.05521197007481,67.66497090606816,90.10765586034914,90.8558603491272,87.03149625935163,81.79544472152952,82.29313383208643,76.55921030756441,92.8517123857024,93.76571903574398,91.77152119700747
Regularoty,Special regulations,1344,81.91920386904764,83.92973958333334,83.77994047619049,32.9595238095238,38.76384672619048,35.26840029761906,61.90642113095238,60.863385416666674,50.522023809523816,76.78673363095237,77.23287946428572,77.08521577380955,72.17424851190476,70.98384672619049,69.49244791666666,79.23956845238096,79.83801339285715,80.13408482142859
