category,images,Original_model_52_homo,Original_model_49_homo,Original_model_42_homo,fog_model_52_homo,fog_model_49_homo,fog_model_42_homo,night_model_52_homo,night_model_49_homo,night_model_42_homo,rain_model_52_homo,rain_model_49_homo,rain_model_42_homo,snow_model_52_homo,snow_model_49_homo,snow_model_42_homo,day_model_52_homo,day_model_49_homo,day_model_42_homo
Dangerous warning,2228,91.8759156193896,88.10554757630162,91.60747307001795,37.38881956912029,42.72844254937162,45.69166068222621,89.49771095152602,83.75305206463194,87.2085143626571,90.34988330341113,88.14947935368045,89.5872396768402,83.79571364452426,78.59120287253141,79.30910233393178,92.14570017953321,88.870013464991,91.5164631956912
Regularoty,7545,91.94084691848906,91.82238701126573,92.12808482438702,35.94411795891318,44.73107620941021,41.45787011265739,81.11381842279654,79.66849701789263,75.57403313452619,88.56258581842279,88.85288535453944,87.60819218025183,80.50311464546058,79.90849436713056,77.46825182239894,90.92077004638833,90.86873823724319,90.56343538767393
