images,Original_model_52_noise,Original_model_49_noise,Original_model_42_noise,fog_model_52_noise,fog_model_49_noise,fog_model_42_noise,night_model_52_noise,night_model_49_noise,night_model_42_noise,rain_model_52_noise,rain_model_49_noise,rain_model_42_noise,snow_model_52_noise,snow_model_49_noise,snow_model_42_noise,day_model_52_noise,day_model_49_noise,day_model_42_noise
9773,88.70339609127186,88.66339097513557,88.83720761281081,70.70436918039495,75.96453903611993,73.16050240458405,78.22505985879464,79.55564616801391,79.68907807223985,84.47826665302365,83.43377570858489,81.98125447661926,83.13643609945771,81.28509464852144,80.59880487056176,88.56080425662539,88.82584058119309,88.82641768136705
