images,Original_model_52_noise,Original_model_49_noise,Original_model_42_noise,fog_model_52_noise,fog_model_49_noise,fog_model_42_noise,night_model_52_noise,night_model_49_noise,night_model_42_noise,rain_model_52_noise,rain_model_49_noise,rain_model_42_noise,snow_model_52_noise,snow_model_49_noise,snow_model_42_noise,day_model_52_noise,day_model_49_noise,day_model_42_noise
9773,91.54785429243836,88.01824209556943,87.46542719738054,62.99985674818378,61.06568402742249,53.033972168218554,85.15268085541801,79.5965998158191,74.15318428322931,86.58552645042464,82.99424127698762,81.08026706231455,85.03021999386065,82.41072137521745,79.96495139670522,91.44544459224393,87.84415020976158,87.49582216310242
