category,sub-category,images,Original_model_52,Original_model_49,Original_model_42,fog_model_52,fog_model_49,fog_model_42,night_model_52,night_model_49,night_model_42,rain_model_52,rain_model_49,rain_model_42,snow_model_52,snow_model_49,snow_model_42,day_model_52,day_model_49,day_model_42
Dangerous warning,Dangerous warning,2228,90.93407540394973,87.61250448833033,84.64996409335728,59.28893626570917,62.836499102333946,50.358815080789945,87.47625224416518,84.6497486535009,76.30266157989229,86.30969479353678,83.70683572710952,78.00754937163374,83.84115350089766,82.49647666068223,78.18616247755833,90.61948384201078,87.52312836624775,84.73933123877919
Regularoty,Priority ,1041,96.25585975024015,94.04341018251682,94.04438040345822,84.4378386167147,78.9619980787704,73.58261287223823,92.12462055715658,87.1302209414025,86.93756003842459,94.908972142171,92.3152065321806,92.50798270893371,93.75721421709895,91.162353506244,90.00848222862632,95.96390970220942,94.33109510086456,93.85340057636888
Regularoty,Prohibitory,3957,92.29166034874905,88.55214809198888,88.47572656052563,56.60972706595907,54.459964619661335,48.193057872125344,84.30634066211779,81.29846095526916,78.1138185494061,85.24141268637858,80.79489764973465,79.83313368713671,83.4220823856457,80.69199140763205,78.24057113975236,92.31714682840536,88.17278241091735,88.44989638615111
Regularoty,Mandatory,1203,94.01381546134664,92.68534497090609,90.35686616791357,71.81999168744805,66.66721529509559,54.28049044056525,88.44602660016625,77.05679966749793,62.09640066500415,90.4408395677473,90.35753117206981,86.03487946799666,89.7749293433084,88.44594347464673,84.37176226101414,94.01354945968414,92.76839567747298,90.60616791354947
Regularoty,Special regulations,1344,84.5215699404762,78.27463541666665,81.47436011904762,63.465714285714284,58.703147321428574,54.68951636904762,75.44462053571428,62.64734374999998,59.818742559523805,81.10231398809525,74.47785714285715,76.55963541666667,80.72959077380952,75.14816964285713,76.26688988095238,84.44973214285714,77.9766369047619,81.54805803571428
