category,images,Original_model_52_noise,Original_model_49_noise,Original_model_42_noise,fog_model_52_noise,fog_model_49_noise,fog_model_42_noise,night_model_52_noise,night_model_49_noise,night_model_42_noise,rain_model_52_noise,rain_model_49_noise,rain_model_42_noise,snow_model_52_noise,snow_model_49_noise,snow_model_42_noise,day_model_52_noise,day_model_49_noise,day_model_42_noise
Dangerous warning,2228,85.63675044883304,86.5801750448833,86.1312118491921,66.6508617594255,75.67307450628367,70.73660682226212,79.21800718132855,80.1621858168761,80.70085727109516,81.91267055655297,82.72004039497308,79.98295332136445,80.11511669658888,79.84719030520647,78.14166068222622,85.68104129263912,86.57961849192102,86.22111759425492
Regularoty,7545,89.60896090125911,89.27855400927767,89.63627435387674,71.90134923790589,76.05060702451955,73.87626640159046,77.93184758117958,79.37653810470509,79.39030483764081,85.23587408880054,83.6445381047051,82.57134261100066,84.0286163021869,81.70970046388337,81.32438701126576,89.41118356527502,89.48913850231942,89.59574950298212
