category,images,Original_model_52_noise,Original_model_49_noise,Original_model_42_noise,fog_model_52_noise,fog_model_49_noise,fog_model_42_noise,night_model_52_noise,night_model_49_noise,night_model_42_noise,rain_model_52_noise,rain_model_49_noise,rain_model_42_noise,snow_model_52_noise,snow_model_49_noise,snow_model_42_noise,day_model_52_noise,day_model_49_noise,day_model_42_noise
Dangerous warning,2228,90.93407540394973,87.61250448833033,84.64996409335728,59.28893626570917,62.836499102333946,50.358815080789945,87.47625224416518,84.6497486535009,76.30266157989229,86.30969479353678,83.70683572710952,78.00754937163374,83.84115350089766,82.49647666068223,78.18616247755833,90.61948384201078,87.52312836624775,84.73933123877919
Regularoty,7545,91.72910006626905,88.13805434062293,88.29681908548707,64.09567263088138,60.542771371769376,53.8239324055666,84.46654208084826,78.1044307488403,73.51845460569913,86.66697813121273,82.78381577203446,81.98762491716369,85.38134526176276,82.38539827700465,80.49021868787277,91.6893465871438,87.9389463220676,88.30979986746188
