category,sub-category,images,Original_model_52,Original_model_49,Original_model_42,fog_model_52,fog_model_49,fog_model_42,night_model_52,night_model_49,night_model_42,rain_model_52,rain_model_49,rain_model_42,snow_model_52,snow_model_49,snow_model_42,day_model_52,day_model_49,day_model_42
Dangerous warning,Dangerous warning,2228,85.63675044883304,86.5801750448833,86.1312118491921,66.6508617594255,75.67307450628367,70.73660682226212,79.21800718132855,80.1621858168761,80.70085727109516,81.91267055655297,82.72004039497308,79.98295332136445,80.11511669658888,79.84719030520647,78.14166068222622,85.68104129263912,86.57961849192102,86.22111759425492
Regularoty,Priority ,1041,93.08170028818445,93.85511047070125,93.27681075888569,88.47309317963496,89.04874159462055,87.12579250720462,85.68553314121039,88.08779058597503,89.1447646493756,92.70099903938521,92.12293948126803,90.48843419788666,90.9682036503362,90.96889529298751,89.14416906820365,93.27829971181556,93.75828049951967,93.56354466858791
Regularoty,Prohibitory,3957,88.02137225170584,89.1331715946424,90.67549153399041,65.78151630022744,72.83249684104118,69.54662875916098,78.74628001010866,82.43579984836997,83.62385140257771,82.05694718220877,81.95502906242103,81.85521859994945,80.38832448824871,79.20160475107406,79.95881223148851,87.54207985847864,89.35957543593632,90.47266616123326
Regularoty,Mandatory,1203,93.10000831255195,93.10208645054031,92.18630091438071,74.73118038237739,78.3045552784705,78.55403990024938,72.568927680798,75.14414796342477,72.81940149625936,89.44407315045719,86.94962593516209,85.28819617622608,88.69674147963427,86.11711554447216,85.70213632585205,93.2663923524522,93.35025768911053,92.60269326683293
Regularoty,Special regulations,1344,88.46851190476191,82.73939732142858,81.47432291666668,74.55068452380952,73.44011904761905,72.17407738095238,74.32864583333334,67.41050595238094,65.2521056547619,85.04640624999999,79.09345982142858,76.11571428571429,85.19287946428572,77.97725446428574,75.36959077380955,88.46814732142857,83.10787202380952,81.24918154761906
