images,Original_model_42_noise,fognight_model_42_noise,fogsnow_model_42_noise,fograin_model_42_noise,rainnight_model_42_noise,snownight_model_42_noise
9773,92.54062007571882,75.66797401002762,68.12634298577716,76.66983014427505,76.23117261843856,50.62898086565028
