category,sub-category,images,Original_model_42,fognight_model_42,fogsnow_model_42,fograin_model_42,rainnight_model_42,snownight_model_42
Dangerous warning,Dangerous warning,2228,90.03639138240575,73.9230251346499,60.45789048473969,70.06260323159785,73.2520062836625,47.171898563734295
Regularoty,Priority ,1041,96.3482228626321,86.36080691642653,85.40176753121999,89.23815561959655,83.6693659942363,61.47890489913546
Regularoty,Prohibitory,3957,93.27757139246904,74.32413697245387,64.51790245135204,74.44979277230226,74.77869850897143,48.016092999747286
Regularoty,Mandatory,1203,94.76291770573567,79.88377389858687,77.05722360764756,84.78733167082295,82.21308395677475,58.188495428096424
Regularoty,Special regulations,1344,89.58389880952382,70.46147321428572,70.08790922619048,77.15837797619048,74.33059523809524,48.88248511904762
