category,images,Original_model_42_noise,fognight_model_42_noise,fogsnow_model_42_noise,fograin_model_42_noise,rainnight_model_42_noise,snownight_model_42_noise
Dangerous warning,2228,90.03639138240575,73.9230251346499,60.45789048473969,70.06260323159785,73.2520062836625,47.171898563734295
Regularoty,7545,93.28010603048376,76.18324850894632,70.39079787939033,78.62091053677933,77.11090523525513,51.64983962889331
