images,Original_model_52_homo,Original_model_49_homo,Original_model_42_homo,fog_model_52_homo,fog_model_49_homo,fog_model_42_homo,night_model_52_homo,night_model_49_homo,night_model_42_homo,rain_model_52_homo,rain_model_49_homo,rain_model_42_homo,snow_model_52_homo,snow_model_49_homo,snow_model_42_homo,day_model_52_homo,day_model_49_homo,day_model_42_homo
9773,92.01864115420034,90.57591425355574,92.04911286196665,37.379001330195436,34.73844469456666,39.90728947099151,83.28053821753811,75.21705208226747,82.33837409188581,89.14339097513557,86.5037941266755,88.74510897370305,88.08996827995497,87.16841809065792,88.25309423923055,91.2099508850916,89.15488897984241,91.10822060779698
