images,Original_model_52_homo,Original_model_49_homo,Original_model_42_homo,fog_model_52_homo,fog_model_49_homo,fog_model_42_homo,night_model_52_homo,night_model_49_homo,night_model_42_homo,rain_model_52_homo,rain_model_49_homo,rain_model_42_homo,snow_model_52_homo,snow_model_49_homo,snow_model_42_homo,day_model_52_homo,day_model_49_homo,day_model_42_homo
9773,92.8982431187967,92.83770490125858,91.79411951294382,38.5649094443876,39.507581090760254,43.83570142228589,79.56645451754835,84.71262764760054,76.08681367031618,89.95170571984038,89.80894300624169,86.68743476926225,89.22562263378695,89.23546505678911,86.54445206180293,92.23382073058424,91.80382073058426,90.59698045635936
