category,images,Original_model_52_homo,Original_model_49_homo,Original_model_42_homo,fog_model_52_homo,fog_model_49_homo,fog_model_42_homo,night_model_52_homo,night_model_49_homo,night_model_42_homo,rain_model_52_homo,rain_model_49_homo,rain_model_42_homo,snow_model_52_homo,snow_model_49_homo,snow_model_42_homo,day_model_52_homo,day_model_49_homo,day_model_42_homo
Dangerous warning,2228,92.19124326750449,92.37092010771991,92.14596499102333,44.16416965888689,39.63350538599641,51.256350987432675,89.2278141831239,91.29192998204667,89.27351436265708,91.11370287253142,90.66427289048475,89.76590215439857,90.30552962298026,90.12701077199281,89.3627962298025,92.41461400359067,92.6397935368043,92.05453321364452
Regularoty,7545,93.1070165672631,92.97554406891983,91.69022133863486,36.91147647448641,39.47039628893307,41.64442147117296,76.7135043074884,82.76979324055667,72.19284824387012,89.60857388999337,89.55636845593108,85.77837905897945,88.90673161033796,88.97219615639497,85.71220941020545,92.18043339960236,91.55696222664015,90.16657256461232
