category,images,Original_model_52_homo,Original_model_49_homo,Original_model_42_homo,fog_model_52_homo,fog_model_49_homo,fog_model_42_homo,night_model_52_homo,night_model_49_homo,night_model_42_homo,rain_model_52_homo,rain_model_49_homo,rain_model_42_homo,snow_model_52_homo,snow_model_49_homo,snow_model_42_homo,day_model_52_homo,day_model_49_homo,day_model_42_homo
Dangerous warning,2228,90.75473518850988,88.33202423698386,92.01280071813284,43.13403052064632,34.784425493716334,45.24428635547576,89.22965888689407,82.4060906642729,89.00341113105925,89.90143177737882,85.8173698384201,90.39572710951525,88.28550718132854,85.99585727109515,89.18343806104129,90.88830789946138,88.15237432675045,91.87714542190302
Regularoty,7545,92.39186613651424,91.2385235255136,92.05983565275017,35.679570576540755,34.724866799204776,38.331301524188206,81.52379324055666,73.09416567263088,80.37022266401591,88.91954539430085,86.70649171636843,88.25768986083499,88.03222664015905,87.51466931742875,87.9783684559311,91.30493041749506,89.45092644135188,90.88116103379721
