category,sub-category,images,Original_model_52,Original_model_49,Original_model_42,fog_model_52,fog_model_49,fog_model_42,night_model_52,night_model_49,night_model_42,rain_model_52,rain_model_49,rain_model_42,snow_model_52,snow_model_49,snow_model_42,day_model_52,day_model_49,day_model_42
Dangerous warning,Dangerous warning,2228,90.75473518850988,88.33202423698386,92.01280071813284,43.13403052064632,34.784425493716334,45.24428635547576,89.22965888689407,82.4060906642729,89.00341113105925,89.90143177737882,85.8173698384201,90.39572710951525,88.28550718132854,85.99585727109515,89.18343806104129,90.88830789946138,88.15237432675045,91.87714542190302
Regularoty,Priority ,1041,94.9068972142171,93.17841498559079,95.77214217098944,57.54249759846303,63.30291066282421,62.92244956772334,86.16634966378483,78.28862632084534,92.79247838616715,93.8520749279539,90.97050912584054,94.91164265129684,93.95050912584054,91.16320845341018,94.43065321805956,94.81101825168108,92.79552353506244,95.772795389049
Regularoty,Prohibitory,3957,93.73246146070257,92.89850644427597,93.07432398281527,32.92911549153399,28.6329668941117,33.48651503664392,86.80841041192822,79.85879454131918,85.16520849128128,90.49746525145311,88.24813747788727,89.411657821582,88.80494819307556,89.00566085418245,88.8040914834471,92.97362143037657,91.58523629011879,92.41809198888046
Regularoty,Mandatory,1203,94.26489609310057,92.51822111388196,93.18464671654199,31.835320033250213,34.00005818786368,35.5773399833749,80.9634081463009,64.75367414796342,76.22483790523691,90.60674147963427,90.02659185369909,89.6088944305902,90.77304239401496,90.6914630091438,89.44253532834581,93.84723192019949,92.35474646716543,92.27138819617625
Regularoty,Special regulations,1344,84.82033482142856,83.70321428571428,85.19079613095238,30.284389880952382,31.17415922619048,36.013184523809514,62.870528273809526,56.61986607142856,60.34162946428572,78.94313988095237,75.89308779761905,78.49688988095238,78.71988095238096,77.45539434523808,79.23907738095237,81.40073660714286,77.97735119047618,81.32292410714284
