category,sub-category,images,Original_model_52,Original_model_49,Original_model_42,fog_model_52,fog_model_49,fog_model_42,night_model_52,night_model_49,night_model_42,rain_model_52,rain_model_49,rain_model_42,snow_model_52,snow_model_49,snow_model_42,day_model_52,day_model_49,day_model_42
Dangerous warning,Dangerous warning,2228,92.19124326750449,92.37092010771991,92.14596499102335,44.16416965888689,39.63350538599641,51.256350987432675,89.2278141831239,91.29192998204667,89.27351436265708,91.11370287253142,90.66427289048475,89.76590215439857,90.30552962298026,90.12701077199281,89.3627962298025,92.41461400359067,92.6397935368043,92.05453321364452
Regularoty,Priority ,1041,95.77187319884727,97.1169836695485,94.90887608069164,56.57656099903937,68.10863592699327,68.97466858789623,89.43566762728146,94.62003842459174,85.20824207492795,94.42919308357348,97.21427473583093,93.85079731027857,93.85376560999039,96.06115273775214,93.561911623439,95.48747358309318,97.21455331412105,94.71548511047071
Regularoty,Prohibitory,3957,93.93413444528682,94.92072529694212,93.35380338640385,34.31917614354308,33.435066969926716,38.08489006823352,84.8115971695729,87.81870609047257,84.83603740207228,91.07807935304524,91.38321961081627,88.22233762951731,89.96728834975991,90.24438463482437,87.64173363659337,93.48024008086932,93.78329289866059,92.64729593126104
Regularoty,Mandatory,1203,92.60147963424772,94.5131255195345,91.02399833748962,28.013491271820453,37.15674147963425,30.50681629260183,66.83390689941811,82.8778221113882,41.06428096425603,87.44907730673316,92.68453034081465,80.05091438071489,87.78204488778056,92.18650872817955,81.04730673316708,91.68814630091437,93.84813798836242,87.9478221113882
Regularoty,Special regulations,1344,89.06024553571432,82.66450892857142,84.89561755952381,37.27654761904762,37.128668154761904,40.92479166666666,51.86025297619048,58.629456845238096,52.75054315476191,83.48117559523808,75.44631696428571,77.45695684523808,82.95919642857142,76.85874999999999,78.1268005952381,86.23270833333333,78.56929315476192,81.32543898809524
