filter,ideal_42,noise_42
Original,94.48497902384119,92.57089225416965
fognight,42.77116340939322,74.36699171185919
fogsnow,32.30430471707767,67.62455438452879
fograin,43.06715440499335,75.71866673488182
rainnight,62.30402128312698,77.08943722500767
snownight,24.649666427913637,53.626757392816934
