filter,ideal_42,noise_52,noise_49,noise_42
Original,94.48497902384119,92.91945871278011,92.91912514069372,92.94980967972987
fognight,42.77116340939322,74.64427708994168,74.72649340018417,76.35309014632149
fogsnow,32.30430471707767,74.29677888058936,74.90024557454208,75.02260922950987
fograin,43.06715440499335,77.70344827586206,78.3175974623964,79.52459736007367
rainnight,62.30402128312698,90.65733244653637,90.71962038268698,90.11574849073979
snownight,24.649666427913637,84.30336948736314,83.14782154916608,83.05517343702037
