images,Original_model_52_noise,Original_model_49_noise,Original_model_42_noise,fog_model_52_noise,fog_model_49_noise,fog_model_42_noise,night_model_52_noise,night_model_49_noise,night_model_42_noise,rain_model_52_noise,rain_model_49_noise,rain_model_42_noise,snow_model_52_noise,snow_model_49_noise,snow_model_42_noise,day_model_52_noise,day_model_49_noise,day_model_42_noise
9773,89.07203212933591,88.97984549268392,89.79792182543743,75.34028241072342,70.58297554486852,75.36157883966028,80.09801903202701,80.03675227668064,79.83239639824006,83.00344009004401,80.62968689245879,83.33125754630103,64.39194720147344,57.3104594290392,60.861568607387696,88.84687301749719,88.81585388314744,89.85982912104777
