category,images,Original_model_52_noise,Original_model_49_noise,Original_model_42_noise,fog_model_52_noise,fog_model_49_noise,fog_model_42_noise,night_model_52_noise,night_model_49_noise,night_model_42_noise,rain_model_52_noise,rain_model_49_noise,rain_model_42_noise,snow_model_52_noise,snow_model_49_noise,snow_model_42_noise,day_model_52_noise,day_model_49_noise,day_model_42_noise
Dangerous warning,2228,87.47886894075403,87.4767908438061,87.56728456014362,72.53183123877919,71.81301615798922,73.87906642728905,81.10490574506284,82.9437342908438,82.89837971274684,81.95598294434471,80.4754263913824,82.18101885098744,62.117881508078995,59.91933572710951,62.2531777378815,86.75988330341113,87.07403052064632,87.56765260323158
Regularoty,7545,89.54248508946321,89.42368986083498,90.45661762756792,76.16960371106693,70.21975082836316,75.79935719019217,79.80069052352552,79.1783353214049,78.92702717031148,83.31274884029159,80.67523923127897,83.67091716368455,65.06346719681908,56.54007157057654,60.450633532140486,89.46315043074884,89.3302054340623,90.53669715043073
