category,sub-category,images,Original_model_52,Original_model_49,Original_model_42,fog_model_52,fog_model_49,fog_model_42,night_model_52,night_model_49,night_model_42,rain_model_52,rain_model_49,rain_model_42,snow_model_52,snow_model_49,snow_model_42,day_model_52,day_model_49,day_model_42
Dangerous warning,Dangerous warning,2228,87.47886894075403,87.4767908438061,87.56728456014362,72.53183123877919,71.81301615798922,73.87906642728905,81.10490574506284,82.9437342908438,82.89837971274684,81.95598294434471,80.4754263913824,82.18101885098744,62.117881508078995,59.91933572710951,62.2531777378815,86.75988330341113,87.07403052064632,87.56765260323158
Regularoty,Priority ,1041,94.3345148895293,95.00244956772335,94.90891450528338,90.488972142171,85.87967339097021,88.85750240153699,90.39345821325648,91.73999039385208,90.87371757925072,93.17815561959655,91.3548799231508,92.12531219980788,83.57640730067243,74.92662824207493,79.73241114313161,94.13939481268011,95.10181556195965,94.90944284341978
Regularoty,Prohibitory,3957,90.32037149355571,89.71475107404598,90.57265352539802,72.2769016932019,66.11184230477636,71.34272428607531,83.74924690422036,81.82941117007833,80.7944907758403,81.75361132170838,78.01252463987868,81.95555724033358,59.741956027293405,50.84515794794036,56.28037654788981,90.1182486732373,89.30901693201922,90.59932524639876
Regularoty,Mandatory,1203,91.76971737323359,91.8544472152951,91.68714879467996,82.12899418121363,73.65029093931838,80.30181213632585,70.65704073150457,71.90339983374898,74.14748960931007,86.6991438071488,84.45485453034081,85.20210307564422,68.41350789692436,58.436982543640895,56.94124688279301,92.01950955943474,92.10331670822941,91.85262676641727
Regularoty,Special regulations,1344,81.54697916666667,82.06995535714286,85.5650074404762,71.20517857142856,67.1141517857143,74.77622767857143,68.1550818452381,68.15508928571428,68.45360863095239,77.23074404761903,76.8597470238095,80.80234375,63.39319196428572,57.367738095238096,60.935133928571425,81.6242410714286,82.43998511904765,85.78750744047619
