filter,ideal_42,noise_52,noise_49,noise_42
Original,94.61794638289163,92.53021385449709,92.15180599611175,92.77578532692112
fognight,40.83724956512841,75.84182134452061,74.95092806712371,74.83952419932469
fogsnow,32.927592346260106,74.16411030389851,75.49353013404277,73.93817967870663
fograin,43.6099580476824,78.85978614550292,79.24851427402027,77.76510692724854
rainnight,63.42062212217332,90.3002732016781,89.76817149288856,90.15647293563902
snownight,27.523712268494833,82.12426481121456,83.49512943824824,82.60528803847336
