filter,ideal_42,noise_42
Original,94.61794638289163,92.980494218766
fognight,40.83724956512841,74.41938401719021
fogsnow,32.927592346260106,65.25134042770901
fograin,43.6099580476824,74.76728537808248
rainnight,63.42062212217332,76.04553770592449
snownight,27.523712268494833,49.247981172618445
