filter,ideal_52,ideal_49,ideal_42,noise_52,noise_49,noise_42
Original,94.37208738360788,94.044986186432,94.80215593983424,92.97040724444898,92.43796889389134,93.02210580169856
fognight,39.08782461884785,41.94203826869948,44.63322521231966,74.51176813670315,73.10980967972988,76.4452839455643
fogsnow,44.61272383096286,46.27058630921928,48.766962038268716,77.97061393635528,77.68409597871688,78.44066202803644
fograin,45.01120843139262,45.860715235853874,48.572352399467924,77.6119032027013,77.58178962447559,79.03393021590094
rainnight,88.88702752481325,89.11286298987005,89.9622858896961,90.2492254169651,89.92139056584465,90.35123401207409
snownight,89.12284559500664,89.52196459633686,89.7261956410519,90.07452164125652,89.51220198506088,90.4324322111941
