images,Original_model_42_noiselevelfog,fog1_model_42_noiselevelfog,fog2_model_42_noiselevelfog,fog3_model_42_noiselevelfog,fog4_model_42_noiselevelfog,fog5_model_42_noiselevelfog,fog6_model_42_noiselevelfog,fog7_model_42_noiselevelfog,fog8_model_42_noiselevelfog,fog9_model_42_noiselevelfog,fog10_model_42_noiselevelfog
9773,92.95012585695284,92.8786626419728,92.8376619257137,92.86849483270235,92.61227361096901,92.3468279954978,91.93676353218049,91.26137624066305,90.61631535864115,89.17463521948224,87.48641972782157
