category,sub-category,images,Original_model_42,fog1_model_42,fog2_model_42,fog3_model_42,fog4_model_42,fog5_model_42,fog6_model_42,fog7_model_42,fog8_model_42,fog9_model_42,fog10_model_42
Dangerous warning,Dangerous warning,2228,91.15964991023341,90.98016157989228,90.84392728904847,90.97860861759426,91.1134066427289,90.48561490125672,89.81074955116695,89.40810143626571,88.41865350089765,86.44548922800719,84.20090215439858
Regularoty,Priority ,1041,95.10189241114314,95.29221902017291,95.1965898174832,95.19859750240154,95.29435158501441,95.58043227665706,94.62120076849185,94.42618635926992,94.42907780979827,94.04622478386167,92.02809798270893
Regularoty,Prohibitory,3957,93.25156431640134,93.10106899166036,93.0755521859995,93.12649229214053,92.62084912812738,92.49577710386657,92.16531715946422,90.90195350012633,90.32081880212279,88.7793429365681,86.98529946929494
Regularoty,Mandatory,1203,94.84641729010809,94.84721529509561,94.93052369077307,94.68024937655862,94.43097256857857,94.3472734829593,94.51350789692438,94.01366583541147,93.597680798005,93.2672901080632,91.68695760598507
Regularoty,Special regulations,1344,91.66676339285715,91.7396130952381,91.74194196428573,91.81536458333335,91.36644345238099,90.6985193452381,90.40257440476192,90.47697172619047,89.50768601190478,87.42606398809527,87.13071428571428
