category,images,Original_model_42_noiselevelfog,fog1_model_42_noiselevelfog,fog2_model_42_noiselevelfog,fog3_model_42_noiselevelfog,fog4_model_42_noiselevelfog,fog5_model_42_noiselevelfog,fog6_model_42_noiselevelfog,fog7_model_42_noiselevelfog,fog8_model_42_noiselevelfog,fog9_model_42_noiselevelfog,fog10_model_42_noiselevelfog
Dangerous warning,2228,91.15964991023341,90.98016157989228,90.84392728904847,90.97860861759426,91.1134066427289,90.48561490125672,89.81074955116695,89.40810143626571,88.41865350089765,86.44548922800719,84.20090215439858
Regularoty,7545,93.47884426772698,93.43928031809146,93.42640159045726,93.4265685884692,93.0548813783963,92.89643472498345,92.56456461232604,91.80863883366467,91.2652736911862,89.9805381047051,88.4566163021869
