images,Original_model_52_norm,Original_model_49_norm,Original_model_42_norm,fog_model_52_norm,fog_model_49_norm,fog_model_42_norm,night_model_52_norm,night_model_49_norm,night_model_42_norm,rain_model_52_norm,rain_model_49_norm,rain_model_42_norm,snow_model_52_norm,snow_model_49_norm,snow_model_42_norm,day_model_52_norm,day_model_49_norm,day_model_42_norm
9773,93.88097411235036,94.69004809168115,94.1062294075514,46.086390054231046,58.26219584569734,49.7387639414714,90.52495241993248,92.17248234932983,91.0472649135373,86.98476005320784,88.91875370919881,87.34238821242198,66.5310150414407,70.07100583239539,67.25592346260103,93.78851734370205,94.57691906272382,93.95272894709915
