category,sub-category,images,Original_model_52,Original_model_49,Original_model_42,fog_model_52,fog_model_49,fog_model_42,night_model_52,night_model_49,night_model_42,rain_model_52,rain_model_49,rain_model_42,snow_model_52,snow_model_49,snow_model_42,day_model_52,day_model_49,day_model_42
Dangerous warning,Dangerous warning,2228,93.17828096947936,92.68551166965888,91.96684919210053,43.08800718132855,56.150713644524245,50.583797127468586,91.33636894075404,90.44045780969479,89.81148563734291,86.89443447037704,86.44528725314183,86.84849640933572,68.71722172351883,69.56926391382406,67.54712746858168,92.99885996409336,92.55081238779171,91.83297127468583
Regularoty,Priority ,1041,97.02247838616714,97.59961575408262,97.0216906820365,72.81611911623439,82.51412103746398,76.944707012488,94.43049951969262,96.06452449567723,96.73182516810759,94.52625360230546,96.44568683957733,95.96408261287223,80.88496637848223,85.20431316042269,82.32693563880883,97.01994236311239,97.40502401536983,97.0216906820365
Regularoty,Prohibitory,3957,95.5268612585292,95.60329542582762,94.81846853677027,38.564622188526656,52.76698761688148,41.217399545109934,92.29260803639121,93.55577710386657,91.40893858984077,85.49412939095275,87.87043972706596,84.1800227445034,59.84386656557997,64.94880464998737,59.81693201920643,95.47651250947688,95.62801111953499,94.59149861005812
Regularoty,Mandatory,1203,95.59389858686616,95.84488778054863,95.9247464671654,48.54616791354946,61.67875311720699,51.87003325020781,92.93285120532005,93.84656691604324,93.76656691604323,91.27231088944309,91.93607647547796,91.02172901080633,73.3175145469659,75.0637323358271,74.231429758936,95.34408146300915,95.59426433915212,95.92576059850373
Regularoty,Special regulations,1344,86.23355654761905,92.03696428571429,91.66987351190475,50.29715773809523,56.0989136904762,50.44635416666665,78.79517113095237,86.45798363095238,85.19401041666667,81.84417410714285,87.5747693452381,87.50045386904762,65.40270833333332,69.79303571428572,70.75802827380953,86.2324925595238,91.7399181547619,91.44295386904763
