category,images,Original_model_52_norm,Original_model_49_norm,Original_model_42_norm,fog_model_52_norm,fog_model_49_norm,fog_model_42_norm,night_model_52_norm,night_model_49_norm,night_model_42_norm,rain_model_52_norm,rain_model_49_norm,rain_model_42_norm,snow_model_52_norm,snow_model_49_norm,snow_model_42_norm,day_model_52_norm,day_model_49_norm,day_model_42_norm
Dangerous warning,2228,93.17828096947936,92.68551166965888,91.96684919210053,43.08800718132855,56.150713644524245,50.583797127468586,91.33636894075404,90.44045780969479,89.81148563734291,86.89443447037704,86.44528725314183,86.84849640933572,68.71722172351883,69.56926391382406,67.54712746858168,92.99885996409336,92.5508123877917,91.83297127468583
Regularoty,7545,94.0884758117959,95.2819774685222,94.73797746852219,46.9717972166998,58.88570576540756,49.48922995361167,90.28534526176276,92.68394035785292,91.41218422796554,87.01143273691187,89.64915573227303,87.48823194168324,65.88543936381708,70.21916766070245,67.16993240556658,94.02169913850233,95.17521802518223,94.57868257123923
