filter,ideal_52,ideal_49,ideal_42,idealnoise_52,idealnoise_49,idealnoise_42
Original,93.56365701422287,94.22870050138134,94.60792387189196,92.70472219379924,92.77609331832602,92.8476915993042
fog,39.90560728537808,43.20055151949248,44.10119001330195,78.03183464647499,76.2508513250793,77.40671544049934
night,88.31457382584674,89.25635526450425,89.61545789419829,89.60404481735394,90.26938811009924,89.39021180804258
rain,91.76268904123606,92.60200552542719,92.96068044612709,92.02891844878746,91.99798833520926,92.19250997646577
snow,90.54621303591529,91.7630727514581,91.59926941573724,91.3024025376036,90.78032640949557,91.34371226849484
day,93.15519083188376,93.77915276782973,94.33109076025787,92.52055151949249,92.50017497186126,92.66377877826666
