images,Original_model_42_noise,fognight_model_42_noise,fogsnow_model_42_noise,fograin_model_42_noise,rainnight_model_42_noise,snownight_model_42_noise
9773,92.31569425969506,75.65674511408986,67.10291722091476,76.26078481530747,75.74919983628362,52.255289061700594
