category,sub-category,images,Original_model_42,fognight_model_42,fogsnow_model_42,fograin_model_42,rainnight_model_42,snownight_model_42
Dangerous warning,Dangerous warning,2228,90.17129712746856,73.47407989228009,61.89258078994615,73.25082585278278,72.89062836624774,49.86381956912028
Regularoty,Priority ,1041,95.96647454370797,87.03045148895295,83.5767050912584,88.37456292026897,85.49461095100864,68.49107588856869
Regularoty,Prohibitory,3957,93.3531892848117,76.14224917867072,62.900497851908,73.99469294920394,74.62634318928478,48.16746272428608
Regularoty,Mandatory,1203,94.84693266832916,77.8056442227764,74.31510390689942,80.71409808811303,81.87863674147961,59.76581047381546
Regularoty,Special regulations,1344,87.72254464285716,67.11261160714285,68.89765625000001,74.5534449404762,70.7591369047619,48.95700892857143
