category,images,Original_model_42_noise,fognight_model_42_noise,fogsnow_model_42_noise,fograin_model_42_noise,rainnight_model_42_noise,snownight_model_42_noise
Dangerous warning,2228,90.17129712746856,73.47407989228009,61.89258078994615,73.25082585278278,72.89062836624774,49.86381956912028
Regularoty,7545,92.94892379058979,76.30127501656727,68.64150298210735,77.14961033797218,76.59332140490389,52.96147779986746
