images,Original_model_42_idealnoise,fog_model_42_idealnoise,night_model_42_idealnoise,rain_model_42_idealnoise,snow_model_42_idealnoise,day_model_42_idealnoise
9773,93.0116207919779,77.15172618438554,89.31767625089535,92.08003888263583,88.66261127596438,92.81631024250488
