category,sub-category,images,Original_model_42,fog_model_42,night_model_42,rain_model_42,snow_model_42,day_model_42
Dangerous warning,Dangerous warning,2228,89.27296229802512,74.28119389587073,86.93783213644525,88.59813285457808,85.68236535008975,89.6330026929982
Regularoty,Priority ,1041,96.73182516810759,91.16493756003842,95.77235350624399,96.6363688760807,94.23355427473584,96.53966378482228
Regularoty,Prohibitory,3957,94.36481678038919,75.23368713671972,91.30727318675766,93.05103361132171,88.85502906242102,94.03514025777106
Regularoty,Mandatory,1203,94.51315045719036,80.21763092269327,91.10459684123029,94.59644222776394,92.35234413965088,94.9279634247714
Regularoty,Special regulations,1344,90.99976190476188,73.95915922619048,80.80612351190476,89.21180059523812,85.41892857142858,89.7308705357143
