category,images,Original_model_42_idealnoise,fog_model_42_idealnoise,night_model_42_idealnoise,rain_model_42_idealnoise,snow_model_42_idealnoise,day_model_42_idealnoise
Dangerous warning,2228,89.27296229802512,74.28119389587073,86.93783213644525,88.59813285457808,85.68236535008975,89.6330026929982
Regularoty,7545,94.11562756792578,77.99937972166997,90.02043207422136,93.1082279655401,89.54266269052353,93.75632471835654
