images,Original_model_42_noiselevelfog,fog1_model_42_noiselevelfog,fog2_model_42_noiselevelfog,fog3_model_42_noiselevelfog,fog4_model_42_noiselevelfog,fog5_model_42_noiselevelfog,fog6_model_42_noiselevelfog,fog7_model_42_noiselevelfog,fog8_model_42_noiselevelfog,fog9_model_42_noiselevelfog,fog10_model_42_noiselevelfog
9773,93.16563184283227,93.24682697227054,93.2375002558068,92.89935945973599,92.72636447354958,92.21310549473039,91.66085132507929,90.9856615164228,90.14643916913944,88.53972782154918,86.66674920699887
