category,images,Original_model_42_noiselevelfog,fog1_model_42_noiselevelfog,fog2_model_42_noiselevelfog,fog3_model_42_noiselevelfog,fog4_model_42_noiselevelfog,fog5_model_42_noiselevelfog,fog6_model_42_noiselevelfog,fog7_model_42_noiselevelfog,fog8_model_42_noiselevelfog,fog9_model_42_noiselevelfog,fog10_model_42_noiselevelfog
Dangerous warning,2228,90.2148788150808,90.39439407540397,90.71026929982047,89.94660233393178,90.26186265709157,89.27364901256732,88.82462298025135,88.0166472172352,87.29735637342908,85.95274685816878,83.75221274685815
Regularoty,7545,94.03697415506956,94.08913585155732,93.98377866136512,93.77129357190191,93.45411928429424,93.08111199469847,92.49837508283632,91.86239628893307,90.98775878064941,89.30365009940358,87.52739695162359
