category,sub-category,images,Original_model_42,fog1_model_42,fog2_model_42,fog3_model_42,fog4_model_42,fog5_model_42,fog6_model_42,fog7_model_42,fog8_model_42,fog9_model_42,fog10_model_42
Dangerous warning,Dangerous warning,2228,90.2148788150808,90.39439407540397,90.71026929982047,89.94660233393178,90.26186265709157,89.27364901256732,88.82462298025135,88.0166472172352,87.29735637342908,85.95274685816878,83.75221274685815
Regularoty,Priority ,1041,96.061911623439,96.15861671469742,96.3497214217099,95.7714985590778,96.25384245917388,96.06203650336215,95.67909702209413,95.58281460134485,95.5831316042267,93.75637848222863,94.04559077809799
Regularoty,Prohibitory,3957,94.31509729593124,94.23877685114984,94.01159464240585,93.708731362143,93.58241597169571,93.02508718726307,92.39319433914581,91.83723275208492,90.4224538792014,88.95489259540057,86.35250947687642
Regularoty,Mandatory,1203,95.34536990856193,95.26282626766417,95.26223607647547,95.34502909393184,94.84713216957606,95.17906899418122,94.5118204488778,93.84869492934331,92.76793848711552,91.35492103075643,90.43826267664174
Regularoty,Special regulations,1344,90.47857142857141,90.99508184523809,90.92499999999998,90.99758928571427,89.66098214285716,89.05931547619049,88.54219494047622,87.27690476190476,87.49934523809524,85.04551339285715,83.33232142857145
