images,Original_model_52_noise,Original_model_49_noise,Original_model_42_noise,fog_model_52_noise,fog_model_49_noise,fog_model_42_noise,night_model_52_noise,night_model_49_noise,night_model_42_noise,rain_model_52_noise,rain_model_49_noise,rain_model_42_noise,snow_model_52_noise,snow_model_49_noise,snow_model_42_noise,day_model_52_noise,day_model_49_noise,day_model_42_noise
9773,88.3564657730482,87.5265077253658,90.33080323339814,72.31173846311266,73.85705412872197,76.8748050752072,83.56571472424025,80.66117773457484,82.50287833827895,83.72992530441012,79.56659879259183,83.08615982809782,68.49553156656094,57.075939834237175,61.64867287424536,88.12007674204443,87.50626215082369,90.248948122378
