category,sub-category,images,Original_model_52,Original_model_49,Original_model_42,fog_model_52,fog_model_49,fog_model_42,night_model_52,night_model_49,night_model_42,rain_model_52,rain_model_49,rain_model_42,snow_model_52,snow_model_49,snow_model_42,day_model_52,day_model_49,day_model_42
Dangerous warning,Dangerous warning,2228,87.61320466786357,85.32258078994614,88.1065619389587,73.29328994614004,71.9026750448833,76.07784111310592,88.10638240574507,78.59111310592459,83.21230251346499,83.88611759425493,78.59148114901257,82.58530071813286,69.65719928186715,59.29108168761221,63.50899910233394,87.52324955116698,85.05289946140037,88.33115350089766
Regularoty,Priority ,1041,94.14026897214218,92.69872238232469,95.29178674351586,87.6092507204611,85.68744476464938,89.72348703170027,90.29608069164264,88.76287223823246,93.7556484149856,92.60321805955812,89.91467819404417,92.89177713736792,82.52010566762729,76.37049951969261,82.22525456292026,94.42647454370797,92.41144092219021,94.9082228626321
Regularoty,Prohibitory,3957,88.98323982815263,88.65237806419005,90.82625726560528,69.44695729087692,69.72552438716197,72.93370482688907,86.6043037654789,82.25899924184986,82.28473338387667,82.33378316906747,76.72464493303009,80.99544857215061,64.6204473085671,49.55836239575436,55.09174374526153,88.12167551175133,88.77884761182713,90.62495324740966
Regularoty,Mandatory,1203,92.1869991687448,94.01448046550291,93.01718204488779,74.56292601828761,83.29305070656692,81.7115378221114,76.47318370739818,86.61719866999171,82.37735660847882,88.36306733167085,86.36746467165418,84.20490440565254,73.31914380714879,60.4324106400665,63.09286783042393,92.5198088113051,94.2640731504572,93.0998586866168
Regularoty,Special regulations,1344,79.83471726190476,78.0517857142857,86.31220238095239,65.25530505952382,71.65160714285713,75.51803571428572,68.22769345238096,67.78213541666666,73.36558035714286,76.56159970238096,75.44783482142856,81.4755654761905,62.79845238095236,57.58802827380952,60.6392782738095,80.28195684523808,77.97838541666667,86.16043898809525
