category,images,Original_model_52_noise,Original_model_49_noise,Original_model_42_noise,fog_model_52_noise,fog_model_49_noise,fog_model_42_noise,night_model_52_noise,night_model_49_noise,night_model_42_noise,rain_model_52_noise,rain_model_49_noise,rain_model_42_noise,snow_model_52_noise,snow_model_49_noise,snow_model_42_noise,day_model_52_noise,day_model_49_noise,day_model_42_noise
Dangerous warning,2228,87.61320466786357,85.32258078994614,88.1065619389587,73.29328994614004,71.9026750448833,76.07784111310592,88.10638240574507,78.59111310592459,83.21230251346499,83.88611759425493,78.59148114901257,82.58530071813286,69.65719928186715,59.29108168761221,63.50899910233394,87.52324955116698,85.05289946140037,88.33115350089766
Regularoty,7545,88.57594698475812,88.17731610337972,90.98761033797219,72.02189131875414,74.4341722995361,77.11014446653414,82.2248787276342,81.27245725646122,82.29338899933731,83.683802518224,79.8545460569914,83.23406096752817,68.15249701789266,56.42181974817759,61.09932803180912,88.29631676607025,88.23072763419482,90.81526308813787
