images,Original_model_42_ideal,fog_model_42_ideal,night_model_42_ideal,rain_model_42_ideal,snow_model_42_ideal,day_model_42_ideal
9773,94.63953545482453,45.953460554589185,88.48903611992223,93.25694566663257,85.54232067942289,94.3721917527883
