category,images,Original_model_42_ideal,fog_model_42_ideal,night_model_42_ideal,rain_model_42_ideal,snow_model_42_ideal,day_model_42_ideal
Dangerous warning,2228,92.81926840215439,48.878375224416516,91.24816876122081,91.51805206463195,85.54773339317775,92.9535278276481
Regularoty,7545,95.17705102717032,45.08974817760107,87.67427833001989,93.77043207422136,85.54072233267063,94.79111597084162
