category,sub-category,images,Original_model_42,fog_model_42,night_model_42,rain_model_42,snow_model_42,day_model_42
Dangerous warning,Dangerous warning,2228,92.81926840215439,48.878375224416516,91.24816876122081,91.51805206463195,85.54773339317775,92.9535278276481
Regularoty,Priority ,1041,97.60014409221903,66.1862055715658,94.3295004803074,97.31074927953891,90.77935638808836,97.30999039385208
Regularoty,Prohibitory,3957,95.4526787970685,39.7276345716452,88.95652009097802,93.95918119787719,83.57466009603235,95.42612838008594
Regularoty,Mandatory,1203,95.17797173732335,46.71697423108894,87.2834995843724,94.4301246882793,90.02413133832084,94.8454114713217
Regularoty,Special regulations,1344,92.4879092261905,43.08001488095238,79.09406249999998,89.88206845238098,83.25854166666666,90.92191220238097
