images,Original_model_42_noiselevelfog,fog1_model_42_noiselevelfog,fog2_model_42_noiselevelfog,fog3_model_42_noiselevelfog,fog4_model_42_noiselevelfog,fog5_model_42_noiselevelfog,fog6_model_42_noiselevelfog,fog7_model_42_noiselevelfog,fog8_model_42_noiselevelfog,fog9_model_42_noiselevelfog,fog10_model_42_noiselevelfog
9773,93.1641051877622,92.90871380333571,92.91003274327227,92.85796889389135,92.60210784815305,92.37727002967361,91.77303386882227,91.08766294894095,89.97260718305536,88.52926429960094,86.55443466693954
