category,sub-category,images,Original_model_42,fog1_model_42,fog2_model_42,fog3_model_42,fog4_model_42,fog5_model_42,fog6_model_42,fog7_model_42,fog8_model_42,fog9_model_42,fog10_model_42
Dangerous warning,Dangerous warning,2228,91.65121184919208,91.1590484739677,91.33801615798922,91.20258976660682,91.11368940754038,90.52952872531421,89.99116247755833,89.1825673249551,88.19638240574507,86.39899910233395,83.84150807899461
Regularoty,Priority ,1041,96.34838616714698,96.34891450528337,95.77324687800193,95.86898174831893,95.58131604226706,95.29312199807876,94.33121037463977,94.42888568683956,93.37247838616716,92.41064361191161,90.874265129683
Regularoty,Prohibitory,3957,93.85780136467021,93.60539044730858,93.4813975233763,93.25299722011626,93.07500631791761,92.99974222896135,91.93875410664646,91.43299722011625,90.27079858478645,88.24824109173616,86.75653019964619
Regularoty,Mandatory,1203,94.59714048212803,94.34742310889445,94.5960931005819,94.84679135494598,94.26378221113882,94.18184538653368,94.18096425602661,93.51557772236077,92.1856940980881,91.35603491271821,89.69291770573568
Regularoty,Special regulations,1344,89.88061755952383,89.80565476190476,90.10692708333333,90.32674851190475,89.88230654761907,89.73392113095238,90.10223958333334,88.46792410714286,87.42489583333334,87.35152529761908,84.30158482142855
