category,images,Original_model_42_noiselevelfog,fog1_model_42_noiselevelfog,fog2_model_42_noiselevelfog,fog3_model_42_noiselevelfog,fog4_model_42_noiselevelfog,fog5_model_42_noiselevelfog,fog6_model_42_noiselevelfog,fog7_model_42_noiselevelfog,fog8_model_42_noiselevelfog,fog9_model_42_noiselevelfog,fog10_model_42_noiselevelfog
Dangerous warning,2228,91.65121184919208,91.1590484739677,91.33801615798922,91.20258976660682,91.11368940754038,90.52952872531421,89.99116247755833,89.1825673249551,88.19638240574507,86.39899910233395,83.84150807899461
Regularoty,7545,93.61085487077536,93.42538104705103,93.37424121935055,93.34679390324719,93.04163021868787,92.92289860834991,92.29921139827701,91.65022796554008,90.49711729622267,89.15832074221339,87.35554804506297
