images,Original_model_42_idealnoise,fog_model_42_idealnoise,night_model_42_idealnoise,rain_model_42_idealnoise,snow_model_42_idealnoise,day_model_42_idealnoise
9773,92.95012585695284,79.19775606262152,90.25931239128211,92.386939527269,88.34511715952111,92.73583444182952
