category,images,Original_model_42_idealnoise,fog_model_42_idealnoise,night_model_42_idealnoise,rain_model_42_idealnoise,snow_model_42_idealnoise,day_model_42_idealnoise
Dangerous warning,2228,91.15964991023341,77.33378815080789,89.00344703770197,91.29111310592461,87.29712746858168,91.02627468581689
Regularoty,7545,93.47884426772698,79.74817627567927,90.6301630218688,92.71053147779988,88.65458316766069,93.24065871438039
