category,sub-category,images,Original_model_42,fog_model_42,night_model_42,rain_model_42,snow_model_42,day_model_42
Dangerous warning,Dangerous warning,2228,91.15964991023341,77.33378815080789,89.00344703770197,91.29111310592461,87.29712746858168,91.02627468581689
Regularoty,Priority ,1041,95.10189241114314,89.24195965417869,94.62269932756963,95.39054755043227,93.2767915465898,95.38904899135446
Regularoty,Prohibitory,3957,93.25156431640134,77.07892848117261,91.35675511751327,92.31759413697245,87.3380161738691,92.97449077584028
Regularoty,Mandatory,1203,94.84641729010809,81.71206151288446,92.43670822942643,94.4305735660848,92.18709891936825,94.846608478803
Regularoty,Special regulations,1344,91.66676339285715,78.49566964285715,83.78148065476194,90.25200892857144,85.78875000000001,90.92279761904763
