images,Original_model_52_norm,Original_model_49_norm,Original_model_42_norm,fog_model_52_norm,fog_model_49_norm,fog_model_42_norm,night_model_52_norm,night_model_49_norm,night_model_42_norm,rain_model_52_norm,rain_model_49_norm,rain_model_42_norm,snow_model_52_norm,snow_model_49_norm,snow_model_42_norm,day_model_52_norm,day_model_49_norm,day_model_42_norm
9773,93.9732958150005,93.59468228793612,94.51503223165862,54.404694566663245,48.70492990893278,54.87515297247519,91.01653842218354,90.7193645758723,92.43870971042669,87.2500480916812,87.65014939117978,88.86629080118695,67.66555510078788,69.26210784815306,71.2261015041441,93.9529980558682,93.44129131280056,94.3924301647396
