category,sub-category,images,Original_model_52,Original_model_49,Original_model_42,fog_model_52,fog_model_49,fog_model_42,night_model_52,night_model_49,night_model_42,rain_model_52,rain_model_49,rain_model_42,snow_model_52,snow_model_49,snow_model_42,day_model_52,day_model_49,day_model_42
Dangerous warning,Dangerous warning,2228,93.49249551166966,92.50515260323158,92.7296947935368,55.655269299820475,47.08292190305206,56.282455116696596,92.0569434470377,90.25900807899461,91.38334380610412,86.26603680430881,86.49055206463194,88.3287342908438,68.71669658886894,70.82445242369838,71.50008976660685,93.31348743267505,92.19112208258525,92.63910233393176
Regularoty,Priority ,1041,97.50106628242075,96.63585975024014,97.02167146974064,78.76910662824208,70.89154658981748,82.9011623439001,96.06137367915466,95.7735446685879,96.0611335254563,95.00462055715658,94.80998078770413,96.15731988472623,80.7878674351585,82.13394812680116,84.24331412103747,97.59682036503362,96.34965417867434,96.92470701248799
Regularoty,Prohibitory,3957,95.42537275713923,95.02104877432399,95.4000732878443,48.14279757391963,41.015084660096036,46.069105382865814,93.07561283800858,92.69723275208493,93.35399039676523,86.52994440232501,86.68334596916856,86.73113469800356,63.077397017942886,63.861352034369446,65.75537022997221,95.50139499620923,95.02158453373767,95.24894111700783
Regularoty,Mandatory,1203,95.6773732335827,95.84398171238571,96.00857024106398,52.617896924355776,56.359950124688275,52.452161263507904,90.93873649210309,93.26882793017457,93.76540315876973,91.27056525353284,91.52115544472153,91.6036076475478,71.73599334995842,75.64527015793847,75.64507065669162,95.5110889443059,95.7593931837074,95.92695760598505
Regularoty,Special regulations,1344,86.23738839285713,86.83245535714286,91.59054315476192,53.49562499999999,49.99755952380953,58.9300967261905,79.39164434523809,79.46255208333335,87.50019345238096,81.39635416666667,83.40834821428574,87.94630208333332,65.62413690476191,66.88960565476188,72.84090773809524,86.23738839285713,86.53345982142856,91.44232886904763
