category,images,Original_model_52_norm,Original_model_49_norm,Original_model_42_norm,fog_model_52_norm,fog_model_49_norm,fog_model_42_norm,night_model_52_norm,night_model_49_norm,night_model_42_norm,rain_model_52_norm,rain_model_49_norm,rain_model_42_norm,snow_model_52_norm,snow_model_49_norm,snow_model_42_norm,day_model_52_norm,day_model_49_norm,day_model_42_norm
Dangerous warning,2228,93.49249551166966,92.50515260323158,92.7296947935368,55.655269299820475,47.08292190305206,56.282455116696596,92.0569434470377,90.25900807899461,91.38334380610412,86.26603680430881,86.49055206463194,88.3287342908438,68.71669658886894,70.82445242369838,71.50008976660685,93.31348743267505,92.19112208258525,92.63910233393175
Regularoty,7545,94.1152736911862,93.91641484426772,95.04223326706426,54.03540622929091,49.18390059642147,54.459583830351235,90.70931212723657,90.85530550033135,92.75035387673957,87.54062160371109,87.99257256461233,89.02502849569252,67.35515838303512,68.80075546719681,71.14519416832341,94.14184227965539,93.81045990722332,94.91017892644135
