images,Original_model_42_ideal,fog_model_42_ideal,night_model_42_ideal,rain_model_42_ideal,snow_model_42_ideal,day_model_42_ideal
9773,94.32109894607592,45.40148572597974,88.68369589685867,92.60158395579657,84.96945052696204,93.72808451857156
