category,sub-category,images,Original_model_42,fog_model_42,night_model_42,rain_model_42,snow_model_42,day_model_42
Dangerous warning,Dangerous warning,2228,92.95417863554758,44.166180430879706,89.00361759425493,91.51674596050269,85.413276481149,92.55001795332134
Regularoty,Priority ,1041,97.1180595581172,63.97818443804035,92.9894428434198,96.2560134486071,91.73810758885686,96.6368395773295
Regularoty,Prohibitory,3957,95.62766489764974,37.90834470558504,89.00710892089965,93.63019459186252,84.20628253727571,94.99740712661107
Regularoty,Mandatory,1203,96.0927680798005,50.540781379883626,93.51743142144639,94.93000831255193,87.11568578553616,95.92699916874481
Regularoty,Special regulations,1344,88.98811011904765,50.5218005952381,79.53950148809523,86.45683035714288,79.31686011904763,87.72266369047621
