category,images,Original_model_42_ideal,fog_model_42_ideal,night_model_42_ideal,rain_model_42_ideal,snow_model_42_ideal,day_model_42_ideal
Dangerous warning,2228,92.95417863554758,44.166180430879706,89.00361759425493,91.51674596050269,85.413276481149,92.55001795332134
Regularoty,7545,94.72474353876741,45.766265076209415,88.58922465208747,92.92193108018554,84.83839098740887,94.07596156394963
