images,Original_model_42_noiselevelfog,fog1_model_42_noiselevelfog,fog2_model_42_noiselevelfog,fog3_model_42_noiselevelfog,fog4_model_42_noiselevelfog,fog5_model_42_noiselevelfog,fog6_model_42_noiselevelfog,fog7_model_42_noiselevelfog,fog8_model_42_noiselevelfog,fog9_model_42_noiselevelfog,fog10_model_42_noiselevelfog
9773,93.46166581397728,93.3899304205464,93.45191650465566,93.16446741021181,92.92904123605852,92.80683208840682,92.39704696613119,91.59932978614549,90.83187864524709,89.4092162079198,87.44477437838943
