category,images,Original_model_42_noiselevelfog,fog1_model_42_noiselevelfog,fog2_model_42_noiselevelfog,fog3_model_42_noiselevelfog,fog4_model_42_noiselevelfog,fog5_model_42_noiselevelfog,fog6_model_42_noiselevelfog,fog7_model_42_noiselevelfog,fog8_model_42_noiselevelfog,fog9_model_42_noiselevelfog,fog10_model_42_noiselevelfog
Dangerous warning,2228,91.8779712746858,91.29332585278277,91.20408886894077,91.2479488330341,90.66473967684023,90.3067324955117,89.40789946140039,88.55562387791741,87.20920107719927,86.17627468581686,84.60607271095151
Regularoty,7545,93.92932273028495,94.00904705102717,94.11568853545393,93.7304055666004,93.59767793240556,93.545098740888,93.27972697150432,92.49812060967525,91.90163684559309,90.36388734261102,88.2830284956925
