category,sub-category,images,Original_model_42,fog1_model_42,fog2_model_42,fog3_model_42,fog4_model_42,fog5_model_42,fog6_model_42,fog7_model_42,fog8_model_42,fog9_model_42,fog10_model_42
Dangerous warning,Dangerous warning,2228,91.8779712746858,91.29332585278277,91.20408886894077,91.2479488330341,90.66473967684023,90.3067324955117,89.40789946140039,88.55562387791741,87.20920107719927,86.17627468581686,84.60607271095151
Regularoty,Priority ,1041,96.92576368876081,96.82960614793468,96.63755043227665,96.53818443804035,96.63594620557157,96.73585975024017,96.54046109510087,96.25425552353506,96.06234390009607,94.71734870317003,94.04345821325649
Regularoty,Prohibitory,3957,93.45384382107656,93.53014404852159,93.6073818549406,93.3530048016174,93.17663634066213,93.32763962597927,92.79778114733385,91.9382107657316,91.30586302754611,89.4610816274956,87.13615617892346
Regularoty,Mandatory,1203,95.42639235245221,95.34567747298422,95.59392352452204,95.17924355777225,94.84608478802991,94.84536159600998,95.01154613466335,93.93227763923527,93.35031587697422,92.76676641729011,90.7724106400665
Regularoty,Special regulations,1344,91.66831101190476,92.03795386904761,92.33577380952379,91.36993303571427,91.36656994047618,90.5500744047619,90.62292410714285,89.95357886904762,89.13632440476191,87.49914434523812,84.96966517857142
