category,sub category,images,model_52_epoch_test,model_49_epoch_test,model_42_epoch_test,model_52_29_val,model_49_30_val,model_42_31_val
Dangerous warning,Dangerous warning,2228.0,94.44352962298025,94.44412028725314,94.28195152603232,94.81982939973982,94.88689871771047,94.88601300873444
Regularoty,Priority ,1041.0,97.52031700288184,96.96339481268012,97.52146781940442,97.97151302190989,97.44823067383217,97.78003389830508
Regularoty,Prohibitory,3957.0,95.80521809451606,95.5478731362143,95.9214470558504,95.42712874251497,95.22927266894781,95.54884516680923
Regularoty,Mandatory,1203.0,95.95957938487115,95.77726517040732,96.3249476309227,96.62853319502074,96.74156154910096,96.89213001383128
Regularoty,Special regulations,1344.0,95.1790431547619,95.13417708333334,95.25232738095238,96.24819216417912,96.24676430348259,96.54921393034826
