category,sub-category,images,Original_model_52,Original_model_49,Original_model_42,fog_model_52,fog_model_49,fog_model_42,night_model_52,night_model_49,night_model_42,rain_model_52,rain_model_49,rain_model_42,snow_model_52,snow_model_49,snow_model_42,day_model_52,day_model_49,day_model_42
Dangerous warning,Dangerous warning,2228.0,86.9168065529623,86.1579066427289,87.44156418312389,71.84460816876121,73.74300224416518,73.78858034111309,83.06556777378815,82.80538509874327,83.41552692998204,81.2612392280072,80.4397145421903,82.00133976660682,62.315793985637356,60.825904398563736,64.27741068222622,86.57113420107721,86.0454196588869,87.3698303411131
Regularoty,Priority ,1041.0,93.7941633045149,93.63062728146016,94.1796051873199,88.0788078770413,86.58103746397694,87.10906916426514,89.99056772334295,89.82772046109511,90.50975888568684,92.03640537944285,91.25877713736791,91.90254755043227,80.33610854947167,77.91548414985593,79.8079980787704,93.81374255523534,93.45829875120076,94.01497982708932
Regularoty,Prohibitory,3957.0,89.39351781652768,88.71650593884254,89.8984473085671,68.40020015163002,70.7890055597675,70.26790573666919,83.31783345969168,83.26984281020974,84.12697750821329,79.48962749557748,79.74174298711145,81.70826282537277,55.56472125347485,53.6796679302502,57.72038792014151,89.03437351528936,88.58213520343698,89.59040207227699
Regularoty,Mandatory,1203.0,92.94244389027432,92.1031088944306,92.70112053200333,78.68672817955112,79.44298503740649,78.66195261845387,79.55089775561098,77.56424438902744,78.15439900249376,87.11543391521197,85.64415627597673,86.51675893599335,65.18786034912719,60.615304239401496,64.03994846217788,92.90136741479634,92.26094430590192,92.73430340814632
Regularoty,Special regulations,1344.0,83.46648437500001,81.41427083333335,84.44931994047619,72.0014174107143,71.12400669642858,73.2588519345238,71.42069047619047,70.00733035714288,70.57229464285714,79.52311979166667,77.75990104166667,80.78920461309525,63.14816294642857,59.14404910714286,63.29580580357143,83.50474851190476,81.6293400297619,84.58296651785714
