category,sub-category,images,Original_model_42,night1_model_42,night2_model_42,night3_model_42,night4_model_42,night5_model_42,night6_model_42,night7_model_42,night8_model_42,night9_model_42,night10_model_42
Dangerous warning,Dangerous warning,2228.0,66.06822262118493,66.06822262118493,66.06822262118493,66.06822262118493,66.06822262118493,61.20635098743268,55.461288150807896,55.461288150807896,60.32315978456014,55.461288150807896,0.0
Regularoty,Priority ,1041.0,82.54082612872237,82.54082612872237,82.54082612872237,82.54082612872237,82.54082612872237,82.54082612872237,82.54082612872237,82.54082612872237,82.54082612872237,82.54082612872237,0.0
Regularoty,Prohibitory,3957.0,77.60957290876928,77.60957290876928,77.60957290876928,77.60957290876928,77.60957290876928,77.60957290876928,77.60957290876928,70.87467273186758,70.87467273186758,74.76650998230983,0.0
Regularoty,Mandatory,1203.0,68.4954280964256,68.4954280964256,68.4954280964256,68.4954280964256,68.4954280964256,59.933499584372406,68.4954280964256,68.4954280964256,68.4954280964256,59.933499584372406,0.0
Regularoty,Special regulations,1344.0,70.98214285714286,70.98214285714286,70.98214285714286,70.98214285714286,59.226190476190474,45.982142857142854,59.226190476190474,59.226190476190474,45.982142857142854,45.982142857142854,0.0
