filter,noise_52,noise_49,noise_42,baseline_52,baseline_49,baseline_42,norm_52,norm_49,norm_42,homo_52,homo_49,homo_42
Original,79.79144275043487,87.49582216310243,86.34033664176815,90.3005464033562,89.2360759234626,87.35398035403664,94.8631300521846,93.37954364064261,94.62748081448889,91.35396091271873,91.10856850506497,91.60990074695589
fog,52.471247314028446,73.28363245676864,61.65967870664074,46.18816023738872,38.320054231044715,38.05406118899007,55.39721272894711,51.21206691906273,52.982663460554576,44.74577611787577,35.68027422490535,39.27106927248541
night,63.52139670520822,71.22680036836182,76.12791875575566,81.02958968586924,80.72284047887037,70.8990340734677,92.25353320372456,89.78827381561445,90.82187148265629,79.33069579453596,82.0832313516832,79.69943210887138
rain,73.82630001023229,78.60403867799039,81.97144684334393,81.12145809884376,81.10027729458713,79.02455643098332,88.56995907090965,86.75927760155531,88.2332917220915,88.27427606671442,88.22302465977694,87.82346976363449
snow,57.393238514274024,55.32609127187148,65.9170091067226,61.7310723421672,63.48096899621406,63.153862682901874,69.33353729663358,69.04767625089534,69.50822265425151,78.54339302159009,81.24433336744092,79.67825232784203
day,79.56621303591527,87.60849892561137,86.38160135065999,90.10585388314743,89.2560083904635,87.30194720147347,94.88355264504247,93.39027831781439,94.63882942801595,90.57596336846414,90.63801493911797,90.38147140079815
