images,Original_model_42_noiselevelfog,fog1_model_42_noiselevelfog,fog2_model_42_noiselevelfog,fog3_model_42_noiselevelfog,fog4_model_42_noiselevelfog,fog5_model_42_noiselevelfog,fog6_model_42_noiselevelfog,fog7_model_42_noiselevelfog,fog8_model_42_noiselevelfog,fog9_model_42_noiselevelfog,fog10_model_42_noiselevelfog
9773.0,92.77578532692112,92.71825585229145,92.55119093660467,92.29340505474268,92.10464688000954,91.63815507565255,91.05030161796813,90.48050516453725,89.41135269538526,87.65965100563335,85.07157722808721
