images,Original_model_52_ideal,Original_model_49_ideal,Original_model_42_ideal,fog_model_52_ideal,fog_model_49_ideal,fog_model_42_ideal,night_model_52_ideal,night_model_49_ideal,night_model_42_ideal,rain_model_52_ideal,rain_model_49_ideal,rain_model_42_ideal,snow_model_52_ideal,snow_model_49_ideal,snow_model_42_ideal,day_model_52_ideal,day_model_49_ideal,day_model_42_ideal
9773.0,93.67651488795661,94.16706743067638,94.92559296019645,39.86463624270951,40.67286503632456,42.596850506497496,89.34730277294585,88.93922746341963,89.31765169344114,91.84480712166174,92.28469968279956,93.19595415941882,83.04578839660289,83.37280568914356,84.05770694771309,93.36023943517856,93.66620280364269,94.19788191957434
