category,sub-category,images,Original_model_42,night1_model_42,night2_model_42,night3_model_42,night4_model_42,night5_model_42,night6_model_42,night7_model_42,night8_model_42,night9_model_42,night10_model_42
Dangerous warning,Dangerous warning,2228.0,93.22755834829442,92.83699551166964,92.73371364452424,92.71614901256733,92.50966606822263,92.39260278276481,92.1232540394973,92.06504667863553,91.78632540394973,91.07718850987433,90.00464901256733
Regularoty,Priority ,1041.0,97.12758405379444,96.76245725264168,96.57011431316042,96.62832949087415,96.49452257444764,96.24366282420749,95.97536215177713,95.61006051873196,95.28328242074927,94.01550144092218,92.90108165225745
Regularoty,Prohibitory,3957.0,95.59009603234774,94.99909123073034,94.56713014910285,94.43530603992924,93.95310740459944,93.32834318928481,92.5726348243619,91.73886277482941,90.60650770785949,89.0876969926712,88.24579201415214
Regularoty,Mandatory,1203.0,95.67667664172902,95.21182294264341,94.87883707398171,94.8959127182045,94.58867165419782,93.88140814630091,93.182817123857,92.56799334995843,91.2300914380715,89.90832917705735,87.77216791354947
Regularoty,Special regulations,1344.0,90.61019270833333,88.24365550595238,87.76753645833332,87.47055431547619,86.56978571428571,85.45400446428572,84.22620014880951,82.88682663690477,81.35390178571427,79.0695788690476,77.29167336309524
