category,sub-category,images,Original_model_42,snow1_model_42,snow2_model_42,snow3_model_42,snow4_model_42,snow5_model_42,snow6_model_42,snow7_model_42,snow8_model_42,snow9_model_42,snow10_model_42
Dangerous warning,Dangerous warning,2228.0,60.884201077199286,55.1391382405745,60.32315978456014,60.884201077199286,55.1391382405745,55.1391382405745,60.32315978456014,60.884201077199286,66.06822262118493,60.884201077199286,55.1391382405745
Regularoty,Priority ,1041.0,92.89145052833814,92.89145052833814,92.89145052833814,92.89145052833814,92.89145052833814,92.89145052833814,92.89145052833814,92.89145052833814,92.89145052833814,92.89145052833814,92.89145052833814
Regularoty,Prohibitory,3957.0,80.61690169320192,80.33864038412939,80.61690169320192,80.33864038412939,77.60957290876928,74.09681071518828,80.61690169320192,74.87968663128632,80.33864038412939,79.83320697498104,76.8258781905484
Regularoty,Mandatory,1203.0,68.4954280964256,68.4954280964256,68.4954280964256,68.4954280964256,68.4954280964256,59.933499584372406,68.4954280964256,59.933499584372406,59.933499584372406,59.933499584372406,59.933499584372406
Regularoty,Special regulations,1344.0,70.98214285714286,70.98214285714286,70.98214285714286,70.98214285714286,70.98214285714286,59.226190476190474,70.98214285714286,70.98214285714286,50.07287202380952,57.738095238095234,45.982142857142854
