category,sub-category,images,Original_model_42,rain1_model_42,rain2_model_42,rain3_model_42,rain4_model_42,rain5_model_42,rain6_model_42,rain7_model_42,rain8_model_42,rain9_model_42,rain10_model_42
Dangerous warning,Dangerous warning,2228.0,90.57499775583483,90.27367055655296,90.18915484739676,90.07193357271095,89.8608433572711,89.76652827648115,89.58234694793536,89.24164676840215,89.08894838420107,88.96317235188509,88.61286490125674
Regularoty,Priority ,1041.0,96.29141210374641,96.263530259366,96.0522190201729,95.99458885686838,95.88857829010567,95.88882516810759,95.84121421709894,95.71604803073967,95.84062536023056,95.8315148895293,95.78306340057637
Regularoty,Prohibitory,3957.0,93.78801592115238,93.45740005054333,93.22736315390448,93.06285367702804,92.73169977255496,92.38312383118524,92.36535481425322,92.01677103866567,91.82184887541067,91.64739347990903,91.2583757897397
Regularoty,Mandatory,1203.0,94.92873566084789,94.92927431421447,94.95410141313386,94.8215901911887,94.70504073150457,94.74626267664173,94.61337157107232,94.56341812136327,94.63031920199502,94.08152950955943,94.27254862842892
Regularoty,Special regulations,1344.0,90.90062797619048,90.77403720238098,90.77423214285714,90.67822544642858,90.23815476190478,90.29084226190476,90.29032514880952,89.87361011904763,89.68003720238094,89.73288020833334,89.44230357142857
