category,sub-category,images,Original_model_42,fog1_model_42,fog2_model_42,fog3_model_42,fog4_model_42,fog5_model_42,fog6_model_42,fog7_model_42,fog8_model_42,fog9_model_42,fog10_model_42
Dangerous warning,Dangerous warning,2228.0,66.06822262118493,66.06822262118493,66.06822262118493,66.06822262118493,66.06822262118493,66.06822262118493,54.42100538599641,27.11748204667864,28.904847396768403,7.091561938958707,0.0
Regularoty,Priority ,1041.0,82.54082612872237,92.89145052833814,92.89145052833814,92.89145052833814,81.49329490874159,71.14267050912584,71.14267050912584,49.3904707012488,10.350624399615754,21.748780019212298,0.0
Regularoty,Prohibitory,3957.0,83.34596916856204,77.65984331564316,77.72302249178671,80.73035127621935,68.53677028051554,62.34548395248925,48.9764973464746,39.3603538033864,19.698994187515794,0.0,0.0
Regularoty,Mandatory,1203.0,68.4954280964256,68.4954280964256,68.4954280964256,68.4954280964256,68.4954280964256,68.4954280964256,24.93765586034913,0.0,8.5619285120532,8.5619285120532,8.5619285120532
Regularoty,Special regulations,1344.0,63.31691964285714,63.31691964285714,63.31691964285714,63.31691964285714,55.65629464285715,55.65629464285715,42.41224702380953,40.325848214285706,22.991071428571427,28.56989583333333,7.6652232142857155
