category,sub-category,images,Original_model_42,fog1_model_42,fog2_model_42,fog3_model_42,fog4_model_42,fog5_model_42,fog6_model_42,fog7_model_42,fog8_model_42,fog9_model_42,fog10_model_42
Dangerous warning,Dangerous warning,2228.0,66.06822262118493,66.06822262118493,66.06822262118493,66.06822262118493,66.06822262118493,66.06822262118493,66.06822262118493,66.06822262118493,60.884201077199286,66.06822262118493,61.20635098743268
Regularoty,Priority ,1041.0,92.89145052833814,92.89145052833814,92.89145052833814,92.89145052833814,92.89145052833814,92.89145052833814,92.89145052833814,92.89145052833814,92.89145052833814,92.89145052833814,92.89145052833814
Regularoty,Prohibitory,3957.0,83.34596916856204,83.34596916856204,83.34596916856204,83.34596916856204,83.34596916856204,83.34596916856204,83.34596916856204,83.34596916856204,80.12383118524134,80.12383118524134,80.12383118524134
Regularoty,Mandatory,1203.0,52.119700748129674,52.119700748129674,52.119700748129674,52.119700748129674,52.119700748129674,52.119700748129674,52.119700748129674,52.119700748129674,52.119700748129674,37.1571072319202,52.119700748129674
Regularoty,Special regulations,1344.0,70.98214285714286,70.98214285714286,70.98214285714286,70.98214285714286,70.98214285714286,70.98214285714286,70.98214285714286,70.98214285714286,70.98214285714286,70.98214285714286,59.226190476190474
