category,sub category,images,model_52_epoch_test,model_49_epoch_test,model_42_epoch_test,model_52_29_val,model_49_28_val,model_42_27_val
Dangerous warning,Dangerous warning,2228.0,94.33610682226211,94.21089407540393,94.50293671454219,94.58864913584836,94.50448429659914,94.57383813417582
Regularoty,Priority ,1041.0,97.04946301633045,97.06108165225746,97.27115946205573,97.79453493179,97.55942620917736,97.6600268706077
Regularoty,Prohibitory,3957.0,95.61026105635584,95.66843871619916,95.85032474096536,95.51660682207014,95.4545117621899,95.83363975620188
Regularoty,Mandatory,1203.0,95.90983125519536,95.66030008312552,96.01777639235245,96.60821645919779,96.58294674965421,96.483005186722
Regularoty,Special regulations,1344.0,95.27583630952381,95.47627157738097,95.7588355654762,96.21656996268658,96.19433084577115,96.1478809079602
