images,Original_model_52_homo,Original_model_49_homo,Original_model_42_homo,fog_model_52_homo,fog_model_49_homo,fog_model_42_homo,night_model_52_homo,night_model_49_homo,night_model_42_homo,rain_model_52_homo,rain_model_49_homo,rain_model_42_homo,snow_model_52_homo,snow_model_49_homo,snow_model_42_homo,day_model_52_homo,day_model_49_homo,day_model_42_homo
9773.0,91.59121743579252,91.91253760360176,91.71114048910263,38.151781950271165,38.91633244653637,38.09671196152665,82.00758497902385,81.9217117568812,81.63315010743887,88.59749125140694,88.79363634503223,88.4009123094239,78.79325007674204,82.27272076128108,80.2147516627443,90.75813844264812,90.98474480712166,90.77476967154405
