category,sub-category,images,Original_model_42,snow1_model_42,snow2_model_42,snow3_model_42,snow4_model_42,snow5_model_42,snow6_model_42,snow7_model_42,snow8_model_42,snow9_model_42,snow10_model_42
Dangerous warning,Dangerous warning,2228.0,90.57499775583483,90.1349618491921,89.8023577199282,89.34461175942549,88.7434299820467,87.81464631956912,86.65645870736087,85.78128456014362,85.06738644524238,83.80578635547576,82.64798563734291
Regularoty,Priority ,1041.0,96.29141210374641,96.1096781940442,95.81151777137367,95.3600144092219,95.35009221902018,94.90869740634005,94.61100864553313,94.44771565802115,93.65981940441884,93.48727281460137,92.94875792507204
Regularoty,Prohibitory,3957.0,93.78801592115238,93.1034361890321,92.30924538792013,91.5489398534243,90.77840687389435,89.72717816527673,88.496717715441,87.36372150619154,86.12867576446801,84.85215794794036,83.72992241597169
Regularoty,Mandatory,1203.0,94.92873566084789,94.89596674979221,94.58049542809644,94.3884837905237,94.08920615128845,93.64040399002495,93.06732834580217,92.63477805486285,91.75400166251038,91.0474497090607,90.35751122194515
Regularoty,Special regulations,1344.0,90.90062797619048,90.55815252976191,89.97793898809525,89.5013355654762,88.87625148809525,88.18417782738095,87.22523511904762,86.58505059523812,86.16790178571429,84.67273883928573,84.21893898809523
