category,sub-category,images,Original_model_52,Original_model_49,Original_model_42,fog_model_52,fog_model_49,fog_model_42,night_model_52,night_model_49,night_model_42,rain_model_52,rain_model_49,rain_model_42,snow_model_52,snow_model_49,snow_model_42,day_model_52,day_model_49,day_model_42
Dangerous warning,Dangerous warning,2228.0,90.85721723518851,90.53001929982048,91.03233438061042,41.67832360861759,40.71798877917414,41.750554757630155,87.66638061041292,87.35649416517056,88.06144838420106,89.58745825852782,89.03041427289047,89.56028904847396,80.59668985637342,83.11927423698384,82.12276526032316,90.98327782764811,90.77716157989227,91.1941355475763
Regularoty,Priority ,1041.0,95.02422862632085,95.88877233429393,95.16851969260327,59.36534293948127,61.739819404418824,60.018627281460134,90.03795196926032,91.29729971181555,88.12694140249761,94.41887319884725,95.062911623439,93.73814985590778,87.70349375600385,91.02850240153698,88.65556292026898,95.11964361191164,95.83134966378479,94.83227089337174
Regularoty,Prohibitory,3957.0,93.20483623957543,93.56601642658578,93.28080768258783,33.244644933030074,34.133957796310334,32.74694566590851,85.41334015668437,85.84805736669195,85.30466464493303,89.5480391710892,90.22002047005307,89.59590371493556,77.46255016426585,82.11574551427849,79.44117968157695,92.36535178165275,92.69930881981298,92.41374905231234
Regularoty,Mandatory,1203.0,93.19215128844556,93.75700665004155,93.33355527847048,32.99270407315045,35.345197007481296,35.73522443890274,75.10306151288447,75.49448960931007,77.15699999999998,89.36811720698255,89.65015295095596,89.37555527847049,79.56732668329178,83.00025436408978,80.98909310058187,92.27763341645885,92.79319201995013,92.64324605153783
Regularoty,Special regulations,1344.0,83.96515699404763,84.60545312500001,84.08488318452382,34.9400706845238,35.52838020833333,32.92440476190477,62.559787202380946,59.84337574404763,59.14381994047618,78.95903422619048,78.57901711309525,77.95431101190476,72.1271324404762,73.89849330357143,72.09834747023811,80.91466145833333,80.90817336309524,80.43888839285714
