filter,ideal_52,ideal_49,ideal_42,noise_52,noise_49,noise_42
Original,94.13665773048193,94.26189337971964,94.6181352706436,92.7553060472731,92.74110590402128,93.01960994576896
fognight,37.81242054640335,39.32012994986186,41.229889696101495,75.28703182236775,75.29511920597565,76.37608676967155
fogsnow,39.12595231760973,41.06996357310959,43.32764391691394,74.27038677990382,74.98193696920086,75.33371779392203
fograin,43.05300706026809,44.984877315051676,47.14422858896961,78.61873713291723,78.61631801903204,79.36953586411542
rainnight,88.8531292336028,88.94703427811318,89.32179944745727,90.29173969098538,90.2163745011767,90.60250281387496
snownight,77.32520495241992,78.3299465875371,78.42578471298475,82.52535250179065,83.16606016576281,83.7816322521232
