category,sub-category,images,Original_model_42,fog1_model_42,fog2_model_42,fog3_model_42,fog4_model_42,fog5_model_42,fog6_model_42,fog7_model_42,fog8_model_42,fog9_model_42,fog10_model_42
Dangerous warning,Dangerous warning,2228.0,90.25992818671455,90.19656732495511,89.94576929982047,89.72106732495511,89.18260412926392,88.66178545780971,87.96235278276481,86.69647935368043,85.47565170556553,82.71950089766607,79.50645960502693
Regularoty,Priority ,1041.0,96.4449855907781,96.21542939481267,96.40745629202688,96.19528530259365,95.90731027857831,95.6391316042267,95.35124495677233,94.85059365994235,94.40940057636888,93.85273006724302,92.50639000960615
Regularoty,Prohibitory,3957.0,93.60638867829164,93.45012989638616,93.1876239575436,92.79774981046248,92.65561536517563,92.13481122062169,91.50882537275714,90.83162648471065,89.65927824109173,87.5007561283801,84.95351225676015
Regularoty,Mandatory,1203.0,93.93066500415628,94.06339817123857,93.98084455527848,93.8643773898587,93.83167248545304,93.5493383208645,93.41566084788033,92.93298254364092,92.51769409808813,91.23740149625937,88.9613765586035
Regularoty,Special regulations,1344.0,90.6252455357143,90.9221175595238,90.68401785714286,90.65533184523808,90.89290327380954,90.60954017857144,90.2974806547619,89.79167410714288,88.79468898809526,87.51453125,86.17503720238093
