category,sub category,images,model_52_epoch_test,model_49_epoch_test,model_42_epoch_test,model_52_27_val,model_49_25_val,model_42_25_val
Dangerous warning,Dangerous warning,2228.0,93.90520466786354,92.83242728904845,93.19594883303412,93.83000631852816,92.56329381155918,92.77577847983648
Regularoty,Priority ,1041.0,96.5315869356388,96.33953602305476,96.54141882804996,96.69385159156676,96.57234146341463,96.75849235221166
Regularoty,Prohibitory,3957.0,94.87493328279,94.30940561031085,94.75360247662373,94.74440772027373,94.11516050042772,94.73114414029085
Regularoty,Mandatory,1203.0,94.5216824605154,94.75450955943475,94.73812967581047,96.09879218533887,95.88752973720607,95.98821576763486
Regularoty,Special regulations,1344.0,94.72501413690476,94.38213541666666,94.37497767857143,95.22730379353233,95.32370087064677,95.40677207711444
