category,sub category,images,model_42_epoch_test,model_42_24_val
Dangerous warning,Dangerous warning,2228.0,77.3338330341113,84.17260713622004
Regularoty,Priority ,1041.0,83.09312199807879,92.41179909053326
Regularoty,Prohibitory,3957.0,71.16450341167551,84.55957014542344
Regularoty,Mandatory,1203.0,72.90247714048212,88.72564834024897
Regularoty,Special regulations,1344.0,77.60508928571427,89.26512095771145
