category,sub-category,images,Original_model_42,snow1_model_42,snow2_model_42,snow3_model_42,snow4_model_42,snow5_model_42,snow6_model_42,snow7_model_42,snow8_model_42,snow9_model_42,snow10_model_42
Dangerous warning,Dangerous warning,2228.0,66.06822262118493,66.06822262118493,66.06822262118493,66.06822262118493,66.06822262118493,66.06822262118493,60.884201077199286,66.06822262118493,66.06822262118493,60.884201077199286,60.884201077199286
Regularoty,Priority ,1041.0,92.89145052833814,92.89145052833814,92.89145052833814,92.89145052833814,92.89145052833814,92.89145052833814,92.89145052833814,92.89145052833814,92.89145052833814,92.89145052833814,82.54082612872237
Regularoty,Prohibitory,3957.0,77.2807682587819,77.2807682587819,71.60727824109173,71.37983320697498,77.2807682587819,74.22289613343442,70.92494313874147,60.07076067728077,60.08339651250948,62.18094516047511,59.274703057872124
Regularoty,Mandatory,1203.0,59.933499584372406,59.933499584372406,59.933499584372406,59.933499584372406,59.933499584372406,59.933499584372406,59.933499584372406,59.933499584372406,51.3715710723192,43.557772236076474,34.995843724023274
Regularoty,Special regulations,1344.0,70.98214285714286,70.98214285714286,70.98214285714286,70.98214285714286,70.98214285714286,70.98214285714286,70.98214285714286,59.226190476190474,57.738095238095234,59.226190476190474,70.98214285714286
