category,sub category,images,model_52_epoch_test,model_49_epoch_test,model_42_epoch_test,model_52_29_val,model_49_30_val,model_42_31_val
Dangerous warning,Dangerous warning,2076.8,78.72262974445789,78.69602561519397,78.67672839015299,80.6581428994308,80.97744532116054,81.73165369960252
Regularoty,Priority ,1026.2,89.57655592874166,89.11543585189249,91.7859297032624,96.51444515147936,95.96372336561743,94.31535991850232
Regularoty,Prohibitory,3825.2,85.25015595149372,82.81969333709114,84.67608251683156,82.2723506821034,82.25460290884247,83.7640880816377
Regularoty,Mandatory,1127.2,88.47455858735039,79.15836741479634,87.09191459861674,89.67570493278703,84.83980249744327,84.90277206867427
Regularoty,Special regulations,1266.0,89.10213258086253,92.30985572027554,92.48822923218029,85.04817949650592,89.7342706601748,87.73326698629707
