category,sub-category,images,Original_model_52,Original_model_49,Original_model_42,fog_model_52,fog_model_49,fog_model_42,night_model_52,night_model_49,night_model_42,rain_model_52,rain_model_49,rain_model_42,snow_model_52,snow_model_49,snow_model_42,day_model_52,day_model_49,day_model_42
Dangerous warning,Dangerous warning,2228.0,87.63053411131058,87.1457289048474,86.077342010772,48.72501166965889,49.434727109515265,44.29088599640933,81.54408797127468,82.90875493716337,78.59047845601437,81.46303411131058,79.98198384201076,79.45214542190305,64.5598617594255,62.881194793536814,64.31739676840216,87.40554039497306,87.06506822262119,85.74517145421905
Regularoty,Priority ,1041.0,94.67846301633044,93.92906436119115,93.77517195004802,72.52662824207493,69.16437848222863,69.79765225744477,88.39581940441883,84.13130451488954,84.95795965417867,92.66171373679155,89.98940826128722,91.31778482228626,81.70943515850145,79.78882804995197,80.42235542747359,94.83284726224784,93.87050912584053,93.81354082612873
Regularoty,Prohibitory,3957.0,89.0977968157695,89.27975840283042,88.4055976750063,37.35625928733889,39.41395703816023,34.056294667677534,76.74531463229721,76.91685064442761,73.26236087945414,76.92175233762951,76.62317816527673,76.92690320950214,55.961500631791765,55.04649027040686,56.93219206469547,88.80422997220117,89.09262016679301,88.19332878443265
Regularoty,Mandatory,1203.0,92.10354114713218,92.08688944305904,91.83666832917706,21.513231920199505,38.30422277639235,30.457273482959273,61.130359102244384,68.49540482128012,63.09236575228594,82.2936458852868,84.13950789692436,82.31052369077307,67.132714879468,64.90416458852867,65.63672485453033,92.11966916043227,92.03628761429759,91.95305070656693
Regularoty,Special regulations,1344.0,84.21200446428571,82.35127083333332,83.98773363095238,38.184099702380955,50.47600744047619,49.4343363095238,59.25642410714285,65.17995386904761,65.83287202380951,78.15455654761904,77.46913392857144,79.15249702380953,66.31040773809522,64.79195833333333,66.77060416666667,84.12150297619047,82.5144449404762,84.24116369047617
