category,sub-category,images,Original_model_42,fog_model_42,night_model_42,rain_model_42,snow_model_42,day_model_42
Dangerous warning,Dangerous warning,2228.0,90.57499775583483,75.47587028725313,88.44237298025135,89.91897710951525,86.41839631956914,90.58889317773789
Regularoty,Priority ,1041.0,96.29141210374641,89.35675984630163,94.32280307396734,96.23388376560999,94.475590778098,96.24359654178673
Regularoty,Prohibitory,3957.0,93.78801592115238,76.32596815769521,91.3265916098054,92.7496972453879,88.36456962345213,93.44468789486986
Regularoty,Mandatory,1203.0,94.92873566084789,82.32764505403159,91.86202743142145,94.68817539484624,92.55995511221946,95.06237822111386
Regularoty,Special regulations,1344.0,90.90062797619048,75.92971577380952,83.408921875,89.51599553571427,86.52582589285716,90.14805803571429
