images,Original_model_52_ideal,Original_model_49_ideal,Original_model_42_ideal,fog_model_52_ideal,fog_model_49_ideal,fog_model_42_ideal,night_model_52_ideal,night_model_49_ideal,night_model_42_ideal,rain_model_52_ideal,rain_model_49_ideal,rain_model_42_ideal,snow_model_52_ideal,snow_model_49_ideal,snow_model_42_ideal,day_model_52_ideal,day_model_49_ideal,day_model_42_ideal
9773.0,94.13665773048193,94.26189337971964,94.6181352706436,39.801446638698465,41.70672055663563,44.34876250895324,89.4751898086565,89.1354218765988,89.14970981274942,92.37516381868411,92.59164146116852,93.15463665200042,83.27645697329379,84.32447395886626,84.79060206691905,93.69919451550189,93.78100051161361,94.14104901258568
