category,sub category,images,model_52_epoch_test,model_49_epoch_test,model_42_epoch_test,model_52_24_val,model_49_27_val,model_42_27_val
Dangerous warning,Dangerous warning,2228.0,94.33610682226211,94.21089407540396,94.50293671454219,94.58864913584833,94.50448429659916,94.5738381341758
Regularoty,Priority ,1041.0,97.04946301633045,97.06108165225746,97.27115946205572,97.79453493179,97.55942620917735,97.66002687060771
Regularoty,Prohibitory,3957.0,95.61026105635582,95.66843871619913,95.8503247409654,95.51660682207014,95.4545117621899,95.83363975620188
Regularoty,Mandatory,1203.0,95.90983125519534,95.66030008312552,96.01777639235247,96.60821645919779,96.58294674965421,96.483005186722
Regularoty,Special regulations,1344.0,95.27583630952383,95.47627157738096,95.75883556547619,96.21656996268656,96.19433084577115,96.14788090796019
