images,Original_model_52_noise,Original_model_49_noise,Original_model_42_noise,fog_model_52_noise,fog_model_49_noise,fog_model_42_noise,night_model_52_noise,night_model_49_noise,night_model_42_noise,rain_model_52_noise,rain_model_49_noise,rain_model_42_noise,snow_model_52_noise,snow_model_49_noise,snow_model_42_noise,day_model_52_noise,day_model_49_noise,day_model_42_noise
9773.0,87.80105228691293,88.05293113680548,86.94739752379004,70.48431863296838,70.07073692827177,65.24104000818582,79.35740386779904,76.84236467819503,76.27741103038986,82.52141287219892,82.11995190831882,81.18708687199425,64.83365107950475,63.58374173743988,63.595797810293675,87.50680282410721,87.95232088406834,86.93525222551929
