category,sub-category,images,Original_model_52,Original_model_49,Original_model_42,fog_model_52,fog_model_49,fog_model_42,night_model_52,night_model_49,night_model_42,rain_model_52,rain_model_49,rain_model_42,snow_model_52,snow_model_49,snow_model_42,day_model_52,day_model_49,day_model_42
Dangerous warning,Dangerous warning,2228.0,75.85347396768402,86.80447486535009,84.33597845601439,46.40968132854578,73.92319120287254,58.43902603231598,70.37617145421903,77.51261220825853,78.8147576301616,70.51073608617592,79.57734290843807,79.75817324955116,55.430951526032324,59.83124775583485,64.58883303411132,75.7627064631957,87.16407540394971,84.42463644524238
Regularoty,Priority ,1041.0,93.27856868395773,93.46640730067244,92.70262247838616,82.9973679154659,86.3584534101825,82.41961575408261,84.43528338136407,85.49367915465898,84.34439000960616,92.6053506243996,90.68290105667629,92.31608069164267,82.13302593659942,75.79123919308357,82.61506243996159,93.18346781940441,93.65939481268012,93.08681075888569
Regularoty,Prohibitory,3957.0,76.57262825372759,88.09729087692698,86.78305281779124,42.22948445792268,68.89033611321707,56.860753095779636,58.55420267879706,76.72554713166542,75.4359615870609,68.4113697245388,77.1290952741976,80.49095021480922,49.65863027546122,51.83118524134446,60.348632802628245,76.01688905736668,87.89477887288348,86.65719989891332
Regularoty,Mandatory,1203.0,88.77830423940148,88.77644222776394,90.85761429758934,62.010598503740646,77.55786367414795,59.932651704073145,52.28732335827099,48.546899418121356,75.7267497921862,80.29929343308395,76.47636741479633,86.03594347464673,64.09152950955944,46.88379052369076,73.1493017456359,88.9449459684123,89.44331670822942,90.77372402327512
Regularoty,Special regulations,1344.0,77.30584077380952,81.10024553571427,79.38829613095238,60.49081101190475,71.20517113095237,66.59381696428571,60.63894345238096,53.86725446428572,67.70608630952381,74.92596726190476,73.88180803571429,78.34878720238096,58.260543154761905,49.85267113095237,65.1060863095238,77.37924107142857,81.17330357142856,79.68943452380954
