images,Original_model_52_idealnoise,Original_model_49_idealnoise,Original_model_42_idealnoise,fog_model_52_idealnoise,fog_model_49_idealnoise,fog_model_42_idealnoise,night_model_52_idealnoise,night_model_49_idealnoise,night_model_42_idealnoise,rain_model_52_idealnoise,rain_model_49_idealnoise,rain_model_42_idealnoise,snow_model_52_idealnoise,snow_model_49_idealnoise,snow_model_42_idealnoise,day_model_52_idealnoise,day_model_49_idealnoise,day_model_42_idealnoise
9773.0,92.91945871278011,92.91912514069372,92.94980967972987,76.33265425150927,76.62865547938196,78.52291722091476,90.2786626419728,89.79811112248028,89.82898188887751,92.09112248030287,91.96698147958662,92.2336631535864,86.92368975749514,86.95429960094138,87.52644428527577,92.71495344315973,92.63219686892458,92.84733449299091
