images,Original_model_52_ideal,Original_model_49_ideal,Original_model_42_ideal,fognight_model_52_ideal,fognight_model_49_ideal,fognight_model_42_ideal,fogsnow_model_52_ideal,fogsnow_model_49_ideal,fogsnow_model_42_ideal,fograin_model_52_ideal,fograin_model_49_ideal,fograin_model_42_ideal,rainnight_model_52_ideal,rainnight_model_49_ideal,rainnight_model_42_ideal,snownight_model_52_ideal,snownight_model_49_ideal,snownight_model_42_ideal
9773.0,94.27976120433848,94.33733616047236,94.65857830966056,37.59745978348511,39.086500653570624,40.30299714173973,38.853061189439735,40.37773877224863,41.90309443047171,42.85322420754278,44.799373371205384,44.91402050670525,88.29085307015376,88.8708549182492,88.96560726606454,77.01280501142288,77.35803275066655,77.42279584059393
