category,sub-category,images,Original_model_42,snow1_model_42,snow2_model_42,snow3_model_42,snow4_model_42,snow5_model_42,snow6_model_42,snow7_model_42,snow8_model_42,snow9_model_42,snow10_model_42
Dangerous warning,Dangerous warning,2228.0,90.25992818671455,89.5873788150808,88.83276122082584,87.75545242369837,86.6871526032316,86.00532315978455,84.60507360861759,83.08796858168762,81.77720556552963,79.75697037701975,79.20039766606821
Regularoty,Priority ,1041.0,96.4449855907781,95.94689337175792,95.54248030739674,94.52356388088378,94.1398405379443,93.52629586935639,92.62112776176754,92.23771757925073,91.3539289145053,91.35437463976946,89.81636311239193
Regularoty,Prohibitory,3957.0,93.60638867829164,92.6002041950973,91.33667374273439,90.27039979782663,88.74399646196613,87.22232954258274,85.59586302754612,84.07382865807429,82.84105483952489,81.00073237300985,79.83812029315138
Regularoty,Mandatory,1203.0,93.93066500415628,93.76486616791357,93.74868329177058,93.05011471321696,92.40169576059851,92.13536658354117,91.05512219451373,90.29074646716542,88.7943773898587,88.11261180382378,86.6995561097257
Regularoty,Special regulations,1344.0,90.6252455357143,89.1515863095238,88.21298809523809,87.30609970238096,86.32472767857143,85.28237797619049,84.27072470238095,82.96132142857144,82.05379910714286,80.64064285714286,79.77626636904762
