category,sub-category,images,Original_model_42,fog_model_42,night_model_42,rain_model_42,snow_model_42,day_model_42
Dangerous warning,Dangerous warning,0.0,0.4846361482427255,2.3147984641093395,0.9372363508894711,0.5336348015723464,1.142589892816277,0.4902497497510457
Regularoty,Priority ,0.0,0.3280991217829138,2.8364151434069558,0.7797042879220312,0.388939206707406,1.2006345923806394,0.23957663765463966
Regularoty,Prohibitory,0.0,0.22077960943281502,1.4449176512725759,0.7619884984257532,0.27139155341925786,0.49011419740924317,0.2274408526391005
Regularoty,Mandatory,0.0,0.3507434674999736,2.7027016732931726,1.7033180921582827,0.34025900174614226,1.071774747910416,0.490631681868693
Regularoty,Special regulations,0.0,1.2693009307012786,3.287604969121357,2.508239596990429,1.2672933322971052,2.0128306537179435,1.1096574023485464
