images,Original_model_52_noise,Original_model_49_noise,Original_model_42_noise,fog_model_52_noise,fog_model_49_noise,fog_model_42_noise,night_model_52_noise,night_model_49_noise,night_model_42_noise,rain_model_52_noise,rain_model_49_noise,rain_model_42_noise,snow_model_52_noise,snow_model_49_noise,snow_model_42_noise,day_model_52_noise,day_model_49_noise,day_model_42_noise
9773.0,79.79144275043487,87.49582216310243,86.34033664176815,52.471247314028446,73.28363245676864,61.65967870664074,63.52139670520822,71.22680036836182,76.12791875575566,73.82630001023229,78.60403867799039,81.97144684334393,57.393238514274024,55.32609127187148,65.9170091067226,79.56621303591527,87.60849892561137,86.38160135065999
