category,sub category,images,model_42_epoch_test,model_42_23_val
Dangerous warning,Dangerous warning,2228.0,77.20381283662478,84.40869633897046
Regularoty,Priority ,1041.0,83.84203554274737,93.36280074410914
Regularoty,Prohibitory,3957.0,71.19984887541067,84.4719778656972
Regularoty,Mandatory,1203.0,74.39768079800498,88.54841770401106
Regularoty,Special regulations,1344.0,75.7134962797619,89.51685634328358
