category,sub-category,images,Original_model_42,fog1_model_42,fog2_model_42,fog3_model_42,fog4_model_42,fog5_model_42,fog6_model_42,fog7_model_42,fog8_model_42,fog9_model_42,fog10_model_42
Dangerous warning,Dangerous warning,2228.0,61.20635098743268,61.20635098743268,61.20635098743268,61.20635098743268,61.20635098743268,61.20635098743268,61.20635098743268,54.114789048473966,48.36972621184919,27.438173249551166,0.0
Regularoty,Priority ,1041.0,92.89145052833814,92.89145052833814,92.89145052833814,92.89145052833814,92.89145052833814,92.89145052833814,92.89145052833814,92.89145052833814,92.89145052833814,65.24975984630163,0.0
Regularoty,Prohibitory,3957.0,80.61690169320192,80.61690169320192,80.61690169320192,80.61690169320192,80.61690169320192,80.61690169320192,74.62751579479404,74.58933535506696,53.677300985595146,28.114460449835732,0.0
Regularoty,Mandatory,1203.0,59.933499584372406,59.933499584372406,59.933499584372406,59.933499584372406,59.933499584372406,59.933499584372406,48.462177888611805,48.462177888611805,48.462177888611805,39.900249376558605,0.0
Regularoty,Special regulations,1344.0,70.98214285714286,70.98214285714286,70.98214285714286,70.98214285714286,70.98214285714286,70.98214285714286,70.98214285714286,70.98214285714286,70.98214285714286,30.656294642857144,15.325848214285715
