category,sub-category,images,Original_model_42,fog1_model_42,fog2_model_42,fog3_model_42,fog4_model_42,fog5_model_42,fog6_model_42,fog7_model_42,fog8_model_42,fog9_model_42,fog10_model_42
Dangerous warning,Dangerous warning,2228.0,90.57499775583483,90.39572262118492,90.4761436265709,90.21567818671454,90.13966876122083,89.53807181328547,89.23717863554756,88.44722082585278,87.45497037701975,86.0098357271095,83.79732181328544
Regularoty,Priority ,1041.0,96.2914121037464,96.39735830931798,96.30110662824207,96.09007204610951,96.0422507204611,96.03243131604228,95.65849087415947,95.29392891450527,95.02461191162342,94.44768299711816,93.36273006724304
Regularoty,Prohibitory,3957.0,93.7880159211524,93.62897548647965,93.52317538539297,93.47754485721507,93.14149658832449,92.8835514278494,92.312242102603,91.56166641394995,90.54841268637855,88.87001794288604,86.78513646702046
Regularoty,Mandatory,1203.0,94.92873566084788,94.88794264339153,95.01235577722363,94.92983208645055,94.6633374896093,94.51386616791356,94.37200498753117,93.76525935162094,92.9842152950956,92.20304655029094,90.53132751454697
Regularoty,Special regulations,1344.0,90.90062797619048,91.01820907738096,91.0347150297619,90.89265104166668,90.46119345238094,90.20816517857142,89.79897023809527,89.08562872023808,88.07202901785715,86.80797098214289,84.93301339285713
