images,Original_model_52_baseline,Original_model_49_baseline,Original_model_42_baseline,fog_model_52_baseline,fog_model_49_baseline,fog_model_42_baseline,night_model_52_baseline,night_model_49_baseline,night_model_42_baseline,rain_model_52_baseline,rain_model_49_baseline,rain_model_42_baseline,snow_model_52_baseline,snow_model_49_baseline,snow_model_42_baseline,day_model_52_baseline,day_model_49_baseline,day_model_42_baseline
9773.0,89.05582584672057,88.68121150107439,88.2615622633787,41.85798751662744,46.25206712370818,41.86841870459429,74.75308932773969,76.40061414100072,73.44924588151028,80.46442627647602,79.85419973396091,80.00424291415123,63.46264156349125,62.02174726286707,63.54243200654865,88.89165435383197,88.59702629694054,88.15315501892971
