images,Original_model_52_idealnoise,Original_model_49_idealnoise,Original_model_42_idealnoise,fog_model_52_idealnoise,fog_model_49_idealnoise,fog_model_42_idealnoise,night_model_52_idealnoise,night_model_49_idealnoise,night_model_42_idealnoise,rain_model_52_idealnoise,rain_model_49_idealnoise,rain_model_42_idealnoise,snow_model_52_idealnoise,snow_model_49_idealnoise,snow_model_42_idealnoise,day_model_52_idealnoise,day_model_49_idealnoise,day_model_42_idealnoise
9773.0,92.66376426122991,92.69330915485217,92.95302167403177,76.66959830226133,76.85456118630567,78.07495403638436,89.93758872524471,89.65401617806356,89.9054062552952,92.03284205819483,91.95282735692821,92.27251814866995,86.76834605491023,86.91308782072049,87.47235916671669,92.66963025879451,92.59949239001432,92.86320564770037
