filter,noise_52,noise_49,noise_42,baseline_52,baseline_49,baseline_42,norm_52,norm_49,norm_42,homo_52,homo_49,homo_42
Original,89.47320208738361,88.67106262150824,89.86124015143766,90.06972383096284,89.17644929908934,89.92527923871891,93.80758139772843,93.98205504962651,94.29864852143662,91.79885101811115,92.1612419932467,92.0078687199427
fog,68.16608830451244,70.17530461475494,69.44680067532998,44.45820147344725,43.94137951499029,46.13022899826052,50.71731801903202,52.34713353115727,52.20484334390668,39.61600317200451,40.57798905146833,39.932311777345745
night,80.73375125345339,80.4077702854804,80.96466683720458,78.30345052696204,77.35819676660185,77.89634810191345,90.45440806303078,90.56381019134349,90.90568464135886,82.65425314642383,82.95830758211397,82.27373610968996
rain,79.64656983526041,79.45813895426173,80.68869456666326,81.77828855008696,81.18709935536684,81.28909935536683,87.20966202803643,87.90765036324568,87.64247324260718,88.34576956922132,88.73737184078583,88.31898884682286
snow,61.34885112043385,59.71876752276679,62.77092346260103,65.12441870459426,64.61446526143456,62.5684714007981,68.16637644530852,69.69422439373785,68.01281622838434,77.02612084313925,81.04072935639005,79.23962652205054
day,85.9973958866264,85.39902343190423,86.30385316688837,89.92752675739283,89.10870776629488,89.8433974214673,93.77066315358641,93.94536283638595,94.22709597871686,91.03540038882637,91.32443722500767,91.12065946996827
