filter,ideal_52,ideal_49,ideal_42,noise_52,noise_49,noise_42
Original,94.27976120433848,94.33733616047236,94.65857830966056,92.78176775033255,92.78603331504786,92.96882956907729
fognight,38.31425035812954,39.597020299060276,40.71575492587997,75.00745755039394,75.142114694933,76.36537248689781
fogsnow,39.081248784917626,41.400421316981905,42.73971769719508,74.09554184303693,75.06074929921563,75.19615859349166
fograin,43.580713637061294,45.252641682236145,46.40916375153484,78.25491628936867,78.5734577951916,79.40430474094302
rainnight,89.01604196510795,89.09970884763136,89.22970073400568,90.36690211153177,90.37451351149487,90.37592714852047
snownight,77.59590043998773,78.49461421174237,78.10959719220045,82.90220420014325,83.18839755663437,83.39993958143485
