category,sub category,images,model_52_epoch_test,model_49_epoch_test,model_42_epoch_test,model_52_25_val,model_49_26_val,model_42_25_val
Dangerous warning,Dangerous warning,2228.0,94.07559784560144,94.04915350089766,93.86959066427288,94.03949414606952,93.40250771232114,93.90902174317043
Regularoty,Priority ,1041.0,96.94461479346782,96.73345437079732,97.17547742555237,97.18375279040927,96.63261016949153,96.85296403472509
Regularoty,Prohibitory,3957.0,94.5773434420015,94.64224412433661,94.8347172100076,94.93552758768178,94.44550684345596,94.19744183062446
Regularoty,Mandatory,1203.0,95.24450872817954,95.44458187863674,95.4270523690773,96.41008229598894,96.23215905947441,95.8828755186722
Regularoty,Special regulations,1344.0,94.58291815476191,94.49436160714285,94.62740327380953,95.46733893034825,95.60064303482588,95.90625435323382
