filter,ideal_52,ideal_49,ideal_42,noise_52,noise_49,noise_42
Original,93.67651488795661,94.16706743067638,94.92559296019645,92.91945871278011,92.91912514069372,92.94980967972987
fognight,36.87730379617312,38.38159725775095,39.271051877622014,74.64427708994168,74.72649340018417,76.35309014632149
fogsnow,38.626756369589685,39.670764350762305,40.918476414611696,74.29677888058936,74.90024557454208,75.02260922950987
fograin,42.70988028241073,44.65284150209762,43.80402230635424,77.70344827586206,78.3175974623964,79.52459736007367
rainnight,88.02797810293667,88.82674920699887,88.82599201882738,90.65733244653637,90.71962038268698,90.11574849073979
snownight,76.89505985879464,77.01779085234831,77.10940345850813,84.30336948736314,83.14782154916608,83.05517343702037
