images,Original_model_42_ideal,fognight_model_42_ideal,fogsnow_model_42_ideal,fograin_model_42_ideal,rainnight_model_42_ideal,snownight_model_42_ideal
9773.0,94.56454220812444,46.24381970735699,39.422082062826156,43.464786759439285,60.218945564309834,27.33157310958764
