category,sub category,images,model_52_epoch_test,model_49_epoch_test,model_42_epoch_test,model_52_24_val,model_49_24_val,model_42_26_val
Dangerous warning,Dangerous warning,2228.0,93.90520466786356,92.83242728904847,93.19594883303411,93.83000631852815,92.56329381155919,92.77577847983646
Regularoty,Priority ,1041.0,96.53158693563881,96.33953602305475,96.54141882804996,96.69385159156676,96.57234146341463,96.75849235221165
Regularoty,Prohibitory,3957.0,94.87493328279,94.30940561031085,94.75360247662371,94.74440772027374,94.11516050042772,94.73114414029085
Regularoty,Mandatory,1203.0,94.52168246051538,94.75450955943475,94.73812967581048,96.09879218533885,95.88752973720608,95.98821576763484
Regularoty,Special regulations,1344.0,94.72501413690478,94.38213541666667,94.37497767857144,95.22730379353234,95.32370087064677,95.40677207711444
