category,sub-category,images,Original_model_42,fog1_model_42,fog2_model_42,fog3_model_42,fog4_model_42,fog5_model_42,fog6_model_42,fog7_model_42,fog8_model_42,fog9_model_42,fog10_model_42
Dangerous warning,Dangerous warning,2228.0,93.22755834829442,93.19633258527826,92.78363509874328,92.37506912028724,91.44527603231599,90.42205161579892,88.63116831238779,85.82612298025136,81.51711041292637,76.10824865350091,68.18640978456014
Regularoty,Priority ,1041.0,97.12758405379444,97.1465129682997,97.10776945244957,96.77278770413065,96.60043515850143,95.91773102785781,95.31206147934678,94.12160902977907,92.02718251681075,89.33771373679153,85.5246916426513
Regularoty,Prohibitory,3957.0,95.59009603234774,95.46398180439726,95.36523603740207,94.79902097548647,93.87165630528179,92.64076876421532,90.35598584786456,86.78547940358858,82.3174748546879,76.15856659085166,67.67788501389941
Regularoty,Mandatory,1203.0,95.67667664172902,95.52748877805485,95.47745719035744,95.3442152950956,95.0118204488778,93.86490440565254,92.8511803823774,90.75663923524523,87.20727930174564,82.8759467996675,76.13495511221944
Regularoty,Special regulations,1344.0,90.61019270833333,90.43178720238096,90.29025520833333,89.71718750000002,88.92071205357144,87.54430952380952,85.73674107142857,83.07340550595237,78.88267410714286,73.99597544642856,67.73842410714286
