category,sub category,images,model_52_epoch_test,model_49_epoch_test,model_42_epoch_test,model_52_26_val,model_49_23_val,model_42_25_val
Dangerous warning,Dangerous warning,2228.0,79.79385368043089,79.9369353680431,80.11679712746857,84.70822709533543,84.50231443969523,85.02696673480766
Regularoty,Priority ,1041.0,85.47713544668588,85.32208645533142,86.09047838616715,93.31561554361306,93.17506655642828,93.58954030591153
Regularoty,Prohibitory,3957.0,74.92036391205458,75.027326762699,75.22434420015163,85.372126390077,85.69053421727972,85.90104833190762
Regularoty,Mandatory,1203.0,75.9769642560266,77.0242161263508,77.1403158769742,88.26673928077454,88.67770954356847,88.62613208852005
Regularoty,Special regulations,1344.0,78.42242708333333,78.82439285714285,79.40449553571429,88.99150373134327,89.47807213930348,90.62683457711442
