category,sub-category,images,Original_model_52,Original_model_49,Original_model_42,fog_model_52,fog_model_49,fog_model_42,night_model_52,night_model_49,night_model_42,rain_model_52,rain_model_49,rain_model_42,snow_model_52,snow_model_49,snow_model_42,day_model_52,day_model_49,day_model_42
Dangerous warning,Dangerous warning,2228.0,93.89623877917414,90.07995062836626,93.4912791741472,53.81499102333933,49.77583034111311,51.70538599640933,92.2359919210054,83.84208707360862,90.8448698384201,87.83607719928186,83.79658886894074,87.38846499102333,69.74815080789945,66.20247307001796,68.89476660682229,93.8961355475763,90.12507181328546,93.62664272890486
Regularoty,Priority ,1041.0,97.69070124879924,96.73016330451489,97.78848222862632,78.47912584053795,71.75996157540825,78.00267050912583,96.44346781940442,95.96308357348704,96.06045148895292,95.57868395773295,94.52220941402499,95.58040345821325,83.28389048991356,82.32390970220942,83.38251681075889,97.79006724303555,96.82952929875121,97.59963496637849
Regularoty,Prohibitory,3957.0,96.36085670962854,95.02185746777862,95.72928986606014,49.6340611574425,44.32622188526662,45.58989891331816,93.580219863533,92.03941622441243,91.38281020975487,87.31322719231743,85.39230730351277,86.32809704321456,63.431844831943366,63.45795804902706,63.56006317917614,96.30945413191813,95.02219105382864,95.75484457922667
Regularoty,Mandatory,1203.0,96.42668329177059,95.59401496259352,96.50737323358271,58.68624272651704,55.94104738154614,55.5274812967581,94.0150540315877,94.43119700748132,93.76463009143808,93.35041562759767,91.77226101413133,92.43571903574399,76.80754779717375,76.89059019118869,77.97177888611803,96.59278470490442,95.59433083956776,96.42423108894431
Regularoty,Special regulations,1344.0,88.46675595238095,89.43672619047621,89.13602678571428,54.16581845238097,53.717946428571416,55.20863095238096,83.55453869047619,84.07913690476191,82.44063988095238,83.77904017857144,85.1953943452381,85.79078125000001,68.52675595238095,72.91824404761905,69.71569940476192,88.54113095238095,89.36175595238095,89.13960565476192
