category,sub-category,images,Original_model_42,fognight_model_42,fogsnow_model_42,fograin_model_42,rainnight_model_42,snownight_model_42
Dangerous warning,Dangerous warning,2228.0,90.46687342908439,73.06996005385994,60.25125314183124,70.646157989228,73.3843631059246,48.22243761220825
Regularoty,Priority ,1041.0,96.16642267050914,86.48468395773295,82.7868270893372,88.21260422670508,84.62108645533142,62.55474063400576
Regularoty,Prohibitory,3957.0,93.4318842557493,74.45028708617637,63.34057467778619,73.46990725296942,74.28605104877434,47.40962218852667
Regularoty,Mandatory,1203.0,94.72147464671654,78.57036658354113,74.22344472152949,82.31908561928513,81.66309393183708,57.414544472152954
Regularoty,Special regulations,1344.0,88.95047544642856,69.78414657738094,69.24087648809522,75.87046205357142,73.47442336309523,49.24015699404762
