images,Original_model_42_ideallevelfog,fog1_model_42_ideallevelfog,fog2_model_42_ideallevelfog,fog3_model_42_ideallevelfog,fog4_model_42_ideallevelfog,fog5_model_42_ideallevelfog,fog6_model_42_ideallevelfog,fog7_model_42_ideallevelfog,fog8_model_42_ideallevelfog,fog9_model_42_ideallevelfog,fog10_model_42_ideallevelfog
9773.0,94.54107909546711,94.44201534840889,94.27820014325182,93.82490975135578,93.0686512841502,91.9338220607797,90.16257904430574,87.32653565946995,83.29881694464339,78.08037869640847,70.74416340939322
