images,Original_model_52_ideal,Original_model_49_ideal,Original_model_42_ideal,fognight_model_52_ideal,fognight_model_49_ideal,fognight_model_42_ideal,fogsnow_model_52_ideal,fogsnow_model_49_ideal,fogsnow_model_42_ideal,fograin_model_52_ideal,fograin_model_49_ideal,fograin_model_42_ideal,rainnight_model_52_ideal,rainnight_model_49_ideal,rainnight_model_42_ideal,snownight_model_52_ideal,snownight_model_49_ideal,snownight_model_42_ideal
9773.0,94.13665773048193,94.26189337971964,94.6181352706436,37.81242054640335,39.32012994986186,41.229889696101495,39.12595231760973,41.06996357310959,43.32764391691394,43.05300706026809,44.984877315051676,47.14422858896961,88.8531292336028,88.94703427811318,89.32179944745727,77.32520495241992,78.3299465875371,78.42578471298475
