images,Original_model_42_noiselevelfog,fog1_model_42_noiselevelfog,fog2_model_42_noiselevelfog,fog3_model_42_noiselevelfog,fog4_model_42_noiselevelfog,fog5_model_42_noiselevelfog,fog6_model_42_noiselevelfog,fog7_model_42_noiselevelfog,fog8_model_42_noiselevelfog,fog9_model_42_noiselevelfog,fog10_model_42_noiselevelfog
9773.0,92.77578532692112,92.73078604318019,92.54487260820626,92.29490821651488,92.11257403049217,91.68068331116342,91.17773907704903,90.43265711654558,89.44444387598486,87.54920249667452,85.17756860738771
