images,Original_model_42_noiselevelfog,fog1_model_42_noiselevelfog,fog2_model_42_noiselevelfog,fog3_model_42_noiselevelfog,fog4_model_42_noiselevelfog,fog5_model_42_noiselevelfog,fog6_model_42_noiselevelfog,fog7_model_42_noiselevelfog,fog8_model_42_noiselevelfog,fog9_model_42_noiselevelfog,fog10_model_42_noiselevelfog
9773.0,92.73513025683005,90.29774245369896,88.98482871175689,87.42666929294998,84.59863910774583,80.62839864934001,74.26249657218868,64.16349657218869,47.73951335311573,24.689536273406326,2.9651572700296738
