category,sub-category,images,Original_model_42,rain1_model_42,rain2_model_42,rain3_model_42,rain4_model_42,rain5_model_42,rain6_model_42,rain7_model_42,rain8_model_42,rain9_model_42,rain10_model_42
Dangerous warning,Dangerous warning,2228.0,66.06822262118493,66.06822262118493,66.06822262118493,66.06822262118493,66.06822262118493,66.06822262118493,66.06822262118493,66.06822262118493,66.06822262118493,66.06822262118493,66.06822262118493
Regularoty,Priority ,1041.0,81.49329490874159,81.49329490874159,81.49329490874159,81.49329490874159,81.49329490874159,81.49329490874159,81.49329490874159,81.49329490874159,81.49329490874159,81.49329490874159,81.49329490874159
Regularoty,Prohibitory,3957.0,83.34596916856204,83.34596916856204,83.34596916856204,80.27546120798584,80.61690169320192,83.34596916856204,80.27546120798584,80.61690169320192,80.27546120798584,77.69802375537023,80.27546120798584
Regularoty,Mandatory,1203.0,68.4954280964256,68.4954280964256,68.4954280964256,68.4954280964256,68.4954280964256,68.4954280964256,68.4954280964256,68.4954280964256,52.119700748129674,68.4954280964256,68.4954280964256
Regularoty,Special regulations,1344.0,70.98214285714286,70.98214285714286,70.98214285714286,70.98214285714286,70.98214285714286,70.98214285714286,59.226190476190474,70.98214285714286,63.31691964285714,63.31691964285714,59.226190476190474
