category,sub-category,images,Original_model_42,night1_model_42,night2_model_42,night3_model_42,night4_model_42,night5_model_42,night6_model_42,night7_model_42,night8_model_42,night9_model_42,night10_model_42
Dangerous warning,Dangerous warning,2228.0,90.57499775583483,90.41754129263913,90.20675269299821,90.22942549371632,90.09482046678635,89.94158931777378,89.70422441651705,89.3582526929982,89.19226166965888,88.24524192100539,87.03819165170555
Regularoty,Priority ,1041.0,96.2914121037464,96.29108069164268,96.23418059558118,96.291823246878,96.31145341018252,96.20594236311238,96.20573967339097,96.08080691642654,95.67756772334293,94.22734293948129,92.53606436119118
Regularoty,Prohibitory,3957.0,93.7880159211524,93.64421455648218,93.59374475612836,93.73502249178671,93.50248597422289,93.28293505180692,93.0531660348749,92.52952084912812,91.95371847359111,90.99812307303512,89.5907060904726
Regularoty,Mandatory,1203.0,94.92873566084788,94.83767497921863,94.66308146300915,94.62995012468826,94.39768329177058,94.13948711554448,93.86511305070658,93.50733167082294,92.46890440565252,91.5961953449709,89.9415527847049
Regularoty,Special regulations,1344.0,90.90062797619048,90.22346577380952,89.97770982142859,89.92636086309524,89.23440699404765,88.51976562500002,87.38888318452382,85.96783482142857,84.96337797619047,82.61943303571427,80.44643080357143
