images,Original_model_52_baseline,Original_model_49_baseline,Original_model_42_baseline,fog_model_52_baseline,fog_model_49_baseline,fog_model_42_baseline,night_model_52_baseline,night_model_49_baseline,night_model_42_baseline,rain_model_52_baseline,rain_model_49_baseline,rain_model_42_baseline,snow_model_52_baseline,snow_model_49_baseline,snow_model_42_baseline,day_model_52_baseline,day_model_49_baseline,day_model_42_baseline
9773.0,90.3005464033562,89.2360759234626,87.35398035403664,46.18816023738872,38.320054231044715,38.05406118899007,81.02958968586924,80.72284047887037,70.8990340734677,81.12145809884376,81.10027729458713,79.02455643098332,61.7310723421672,63.48096899621406,63.153862682901874,90.10585388314743,89.2560083904635,87.30194720147347
