category,sub-category,images,Original_model_42,night1_model_42,night2_model_42,night3_model_42,night4_model_42,night5_model_42,night6_model_42,night7_model_42,night8_model_42,night9_model_42,night10_model_42
Dangerous warning,Dangerous warning,2228.0,61.310592459605026,61.310592459605026,61.310592459605026,61.310592459605026,61.310592459605026,61.310592459605026,61.310592459605026,61.310592459605026,61.310592459605026,61.310592459605026,61.310592459605026
Regularoty,Priority ,1041.0,92.89145052833814,92.89145052833814,92.89145052833814,92.89145052833814,92.89145052833814,92.89145052833814,92.89145052833814,92.89145052833814,92.89145052833814,92.89145052833814,92.89145052833814
Regularoty,Prohibitory,3957.0,67.690442254233,71.203204447814,71.203204447814,71.203204447814,74.48852160727824,74.48852160727824,71.203204447814,71.203204447814,62.00431640131413,67.690442254233,64.84737932777357
Regularoty,Mandatory,1203.0,68.4954280964256,68.4954280964256,68.4954280964256,68.4954280964256,68.4954280964256,68.4954280964256,68.4954280964256,68.4954280964256,68.4954280964256,68.4954280964256,68.4954280964256
Regularoty,Special regulations,1344.0,70.98214285714286,70.98214285714286,70.98214285714286,70.98214285714286,59.226190476190474,59.226190476190474,70.98214285714286,70.98214285714286,70.98214285714286,70.98214285714286,70.98214285714286
