category,sub-category,images,Original_model_42,night1_model_42,night2_model_42,night3_model_42,night4_model_42,night5_model_42,night6_model_42,night7_model_42,night8_model_42,night9_model_42,night10_model_42
Dangerous warning,Dangerous warning,2228.0,92.59497307001796,92.59508976660682,92.64069120287253,92.05633303411129,91.78637791741473,91.56170107719927,91.5174461400359,90.97878366247755,90.66403949730702,90.39400807899463,88.73425942549372
Regularoty,Priority ,1041.0,96.7323823246878,96.44598463016331,96.44505283381365,96.34917387127761,95.57982708933719,95.38779058597501,94.81145052833814,94.52418828049952,93.5650144092219,92.41284341978866,90.87268972142171
Regularoty,Prohibitory,3957.0,95.04705332322465,94.51698003538033,94.21374526156178,93.80930250189537,93.37804649987362,93.02296183977762,92.2910336113217,91.5081450593884,90.62482688905735,88.57682335102352,86.70754612079861
Regularoty,Mandatory,1203.0,94.92930174563593,94.59671654197838,94.26314214463841,94.51320033250211,94.34620947630921,94.1797339983375,93.76378221113882,93.10100581878635,92.18640066500416,91.8538570241064,89.94191188694928
Regularoty,Special regulations,1344.0,91.29407738095239,89.6582663690476,88.91462053571428,88.84002232142856,88.39497023809521,87.42688244047618,86.2371875,84.67427083333334,84.52162202380953,83.33537202380954,81.84371279761906
