category,sub-category,images,Original_model_42,night1_model_42,night2_model_42,night3_model_42,night4_model_42,night5_model_42,night6_model_42,night7_model_42,night8_model_42,night9_model_42,night10_model_42
Dangerous warning,Dangerous warning,2228.0,90.57499775583483,90.41754129263913,90.20675269299821,90.22942549371635,90.09482046678637,89.94158931777379,89.70422441651706,89.3582526929982,89.19226166965889,88.2452419210054,87.03819165170557
Regularoty,Priority ,1041.0,96.29141210374641,96.29108069164265,96.23418059558117,96.291823246878,96.31145341018251,96.2059423631124,96.20573967339098,96.08080691642651,95.67756772334293,94.22734293948128,92.53606436119117
Regularoty,Prohibitory,3957.0,93.78801592115238,93.64421455648218,93.59374475612839,93.73502249178671,93.5024859742229,93.2829350518069,93.0531660348749,92.52952084912812,91.95371847359112,90.99812307303512,89.5907060904726
Regularoty,Mandatory,1203.0,94.92873566084789,94.83767497921863,94.66308146300915,94.62995012468829,94.39768329177056,94.13948711554448,93.86511305070658,93.50733167082294,92.46890440565254,91.59619534497091,89.94155278470491
Regularoty,Special regulations,1344.0,90.90062797619048,90.22346577380955,89.97770982142859,89.92636086309525,89.23440699404763,88.519765625,87.38888318452379,85.96783482142857,84.96337797619047,82.61943303571428,80.44643080357145
