category,sub-category,images,Original_model_52,Original_model_49,Original_model_42,fog_model_52,fog_model_49,fog_model_42,night_model_52,night_model_49,night_model_42,rain_model_52,rain_model_49,rain_model_42,snow_model_52,snow_model_49,snow_model_42,day_model_52,day_model_49,day_model_42
Dangerous warning,Dangerous warning,2228.0,91.92170556552963,89.72182675044883,92.28021543985636,53.90481149012566,34.06557450628366,45.734766606822255,87.79135098743266,88.55518850987433,89.18329892280072,91.56108617594255,89.13725763016157,90.3054578096948,82.54036804308798,83.0338734290844,83.70675044883306,92.32506283662477,90.84489228007183,92.14471274685816
Regularoty,Priority ,1041.0,95.101911623439,95.87104707012487,94.71860710854948,64.5535734870317,58.50262247838618,59.17334293948125,83.28465898174832,92.41096061479347,79.34809798270894,94.04580211335255,95.68012487992316,91.7396157540826,87.32030739673391,91.26091258405378,87.41381364073007,94.90675312199808,96.06306436119115,93.56478386167147
Regularoty,Prohibitory,3957.0,93.22770027798839,93.85912054586808,92.44384129390953,38.48822845590094,33.15671215567349,32.776841041192824,82.107126611069,88.7543442001516,81.75416224412434,89.58895122567604,90.60012635835228,88.93031589588072,77.3831387414708,81.65185241344453,78.6462193580996,92.6207455142785,93.22717462724283,91.38260045489008
Regularoty,Mandatory,1203.0,94.09625935162094,92.02016625103909,93.43256857855363,37.15772236076476,35.49560266001663,36.57562759767249,75.47937655860349,70.07448877805484,79.71763092269327,89.11065669160432,86.69901080631755,89.94043225270161,78.55393183707399,79.88419783873651,80.88103075644223,92.43429758935994,90.60549459684124,92.68315045719038
Regularoty,Special regulations,1344.0,79.53854166666667,80.80450148809524,84.00409970238094,39.43572916666667,28.275052083333335,34.67351934523809,57.51550595238095,54.46287202380954,58.18397321428572,73.73595238095237,75.29701636904763,75.52207589285713,68.52584821428572,70.53699404761905,68.97036458333334,76.63837053571427,78.49918898809524,79.98510416666666
