images,Original_model_52_homo,Original_model_49_homo,Original_model_42_homo,fog_model_52_homo,fog_model_49_homo,fog_model_42_homo,night_model_52_homo,night_model_49_homo,night_model_42_homo,rain_model_52_homo,rain_model_49_homo,rain_model_42_homo,snow_model_52_homo,snow_model_49_homo,snow_model_42_homo,day_model_52_homo,day_model_49_homo,day_model_42_homo
9773.0,92.42870939066817,91.39953760233851,91.5743764229254,42.25646654087792,38.43537913964905,39.380389646730045,80.15156162541048,81.57768071685108,79.87051527453188,88.46548124643743,88.24791221901319,87.95373579534161,78.62548491295408,80.73288082072428,79.48033536808941,90.74746504911256,90.65099050164851,90.44492822056583
