category,sub-category,images,Original_model_42,snow1_model_42,snow2_model_42,snow3_model_42,snow4_model_42,snow5_model_42,snow6_model_42,snow7_model_42,snow8_model_42,snow9_model_42,snow10_model_42
Dangerous warning,Dangerous warning,2228.0,59.94165170556553,59.94165170556553,59.94165170556553,59.94165170556553,59.94165170556553,59.94165170556553,55.07978007181329,54.7576301615799,59.94165170556553,59.94165170556553,47.98821813285458
Regularoty,Priority ,1041.0,92.89145052833814,82.54082612872237,82.54082612872237,92.89145052833814,82.54082612872237,92.89145052833814,82.54082612872237,82.54082612872237,81.49329490874159,92.89145052833814,82.54082612872237
Regularoty,Prohibitory,3957.0,71.86026787970685,68.78975991913066,69.01720495324741,68.8529390952742,65.6308011119535,68.39804902704068,66.08569118018701,60.09630528177913,68.47386403841294,54.41017942886025,62.78773818549406
Regularoty,Mandatory,1203.0,68.4954280964256,68.4954280964256,68.4954280964256,68.4954280964256,59.933499584372406,68.4954280964256,43.557772236076474,57.02410640066501,51.3715710723192,59.933499584372406,51.3715710723192
Regularoty,Special regulations,1344.0,70.98214285714286,70.98214285714286,70.98214285714286,70.98214285714286,70.98214285714286,63.31691964285714,70.98214285714286,70.98214285714286,70.98214285714286,70.98214285714286,70.98214285714286
