images,Original_model_52_noise,Original_model_49_noise,Original_model_42_noise,fog_model_52_noise,fog_model_49_noise,fog_model_42_noise,night_model_52_noise,night_model_49_noise,night_model_42_noise,rain_model_52_noise,rain_model_49_noise,rain_model_42_noise,snow_model_52_noise,snow_model_49_noise,snow_model_42_noise,day_model_52_noise,day_model_49_noise,day_model_42_noise
0.0,1.234245298953429,2.147592927707908,1.6975244088940604,2.6068161755290733,3.2003080515173377,2.608935815404584,2.1993650359297345,3.3368415609145328,2.9219684950884104,1.8691181807624204,2.7142111611529844,1.6211937599385198,4.141638877618603,4.568014330146672,2.3698042442443357,1.235685737657798,2.1355472125026713,1.7013442886365011
