images,Original_model_52_idealnoise,Original_model_49_idealnoise,Original_model_42_idealnoise,fog_model_52_idealnoise,fog_model_49_idealnoise,fog_model_42_idealnoise,night_model_52_idealnoise,night_model_49_idealnoise,night_model_42_idealnoise,rain_model_52_idealnoise,rain_model_49_idealnoise,rain_model_42_idealnoise,snow_model_52_idealnoise,snow_model_49_idealnoise,snow_model_42_idealnoise,day_model_52_idealnoise,day_model_49_idealnoise,day_model_42_idealnoise
9773.0,92.7553060472731,92.74110590402128,93.01960994576896,76.93820935229715,76.88949473037961,77.78364494014122,89.63231597257752,89.5748767011153,90.04577836897575,91.95733735802723,91.94522275657424,92.36671421262663,86.47321702650159,86.80467635321804,87.35931341450937,92.5529556942597,92.51218847846107,92.92554179883352
