category,sub-category,images,Original_model_52,Original_model_49,Original_model_42,fog_model_52,fog_model_49,fog_model_42,night_model_52,night_model_49,night_model_42,rain_model_52,rain_model_49,rain_model_42,snow_model_52,snow_model_49,snow_model_42,day_model_52,day_model_49,day_model_42
Dangerous warning,Dangerous warning,2228.0,86.27551795332137,86.09542728904847,83.48331867145423,68.35744254937163,69.39875493716337,62.935298922800726,82.79223608617595,80.1432064631957,75.38563644524238,80.96025942549372,80.7178671454219,78.53721364452424,64.46129443447037,64.42629353680431,63.142418312387804,86.10444434470378,86.04999102333932,83.48241651705565
Regularoty,Priority ,1041.0,93.45001344860711,92.31677041306436,92.67897406340057,88.99231123919307,84.61175408261286,83.20852065321806,88.2997521613833,86.07068972142172,85.59124303554275,92.29603842459173,90.77992891450529,91.02809029779057,82.80625552353504,79.67395965417867,78.86629586935639,93.50789241114313,92.52682036503361,92.70022478386167
Regularoty,Prohibitory,3957.0,87.71218599949458,88.32418701036138,87.62170128885519,65.28207025524387,64.52337831690674,59.88362345211019,80.36825018953752,79.45455092241596,77.48808642911298,80.19275006317918,80.21701895375284,79.39859034622188,58.95871771544099,59.01468385140257,58.160451857467784,87.10689461713419,88.03598786959817,87.55118423047765
Regularoty,Mandatory,1203.0,92.33538487115544,91.6210540315877,91.70463840399002,74.71358769742311,74.89630756442227,68.42911221945137,73.8490872817955,65.4701778886118,74.69628262676642,87.26509559434746,85.12033083956774,86.16790523690774,68.54534497090609,62.32755112219451,67.24829592684954,92.15283458021612,91.68760099750625,91.75367414796344
Regularoty,Special regulations,1344.0,82.15757291666668,84.00296875,82.0070818452381,71.20555803571429,71.93510714285715,68.06625595238096,68.69132886904761,66.71093452380953,68.39246279761906,80.14844642857142,80.65362648809523,78.76490625000001,65.50483630952381,64.3008824404762,65.25297767857143,82.2021755952381,83.97294940476192,82.0675267857143
