images,Original_model_52_homo,Original_model_49_homo,Original_model_42_homo,fog_model_52_homo,fog_model_49_homo,fog_model_42_homo,night_model_52_homo,night_model_49_homo,night_model_42_homo,rain_model_52_homo,rain_model_49_homo,rain_model_42_homo,snow_model_52_homo,snow_model_49_homo,snow_model_42_homo,day_model_52_homo,day_model_49_homo,day_model_42_homo
0.0,2.0796719848158722,0.7338987472433904,0.6833600416670055,3.9419030169934373,2.981151646322285,4.0158750874463385,2.7021489169700916,1.8151295643246317,3.2347657169502044,2.1127961810894282,0.8088480634459423,0.9130602573917744,4.6435856266076705,1.2155978862845929,2.0255344992101887,1.9401272726757308,0.702294758740598,0.7718780818127823
