category,sub-category,images,Original_model_42,fog1_model_42,fog2_model_42,fog3_model_42,fog4_model_42,fog5_model_42,fog6_model_42,fog7_model_42,fog8_model_42,fog9_model_42,fog10_model_42
Dangerous warning,Dangerous warning,2228.0,66.06822262118493,5.745062836624776,5.745062836624776,37.28355026929982,43.185704667863554,44.17313734290843,53.792639138240574,66.06822262118493,66.06822262118493,66.06822262118493,66.06822262118493
Regularoty,Priority ,1041.0,92.89145052833814,11.39815561959654,21.748780019212298,49.3904707012488,71.14267050912584,60.79204610951009,81.49329490874159,92.89145052833814,92.89145052833814,92.89145052833814,92.89145052833814
Regularoty,Prohibitory,3957.0,80.12383118524134,8.466009603234774,18.57440485216073,30.073560778367455,44.389962092494315,64.657568865302,71.00075815011373,77.06595905989386,77.05332322466515,80.12383118524134,80.12383118524134
Regularoty,Mandatory,1203.0,68.4954280964256,0.0,23.524522028262677,52.119700748129674,59.933499584372406,68.4954280964256,68.4954280964256,68.4954280964256,68.4954280964256,68.4954280964256,68.4954280964256
Regularoty,Special regulations,1344.0,70.98214285714286,15.325848214285715,22.991071428571427,30.656294642857144,51.56096726190476,42.41224702380953,70.98214285714286,70.98214285714286,70.98214285714286,70.98214285714286,70.98214285714286
