category,sub-category,images,Original_model_42,fog1_model_42,fog2_model_42,fog3_model_42,fog4_model_42,fog5_model_42,fog6_model_42,fog7_model_42,fog8_model_42,fog9_model_42,fog10_model_42
Dangerous warning,Dangerous warning,2228.0,93.27229398563736,83.29004398563734,78.2717212746858,71.54821364452424,61.449918312387794,50.26047935368043,36.52612342908438,22.30247621184919,10.314499999999999,3.500985188509875,1.449951077199282
Regularoty,Priority ,1041.0,97.3299875120077,92.44937175792509,90.1337934678194,86.64812103746398,81.73921613832853,74.7832074927954,63.55498270893372,48.33802785782901,29.980579250720456,14.092149855907781,6.157780019212295
Regularoty,Prohibitory,3957.0,95.78762496841043,83.50989082638361,77.58914253222136,69.70694768764214,60.26799342936569,48.162598938589845,34.42261561789235,20.26993328279,8.638296942127875,2.3705307050796054,0.8540219863532978
Regularoty,Mandatory,1203.0,95.84280382377389,88.10395428096426,83.68260182876142,77.1577714048213,67.5561995012469,54.380776392352445,37.215126350789696,20.382774729842062,7.788975062344138,2.7432867830423944,1.0392693266832917
Regularoty,Special regulations,1344.0,91.33964508928571,81.33984449404763,76.24293154761905,69.76169866071427,61.860354910714285,52.34383407738096,41.026244047619045,30.096409226190474,20.506046875,14.248055803571429,10.104040922619047
