images,Original_model_52_norm,Original_model_49_norm,Original_model_42_norm,fog_model_52_norm,fog_model_49_norm,fog_model_42_norm,night_model_52_norm,night_model_49_norm,night_model_42_norm,rain_model_52_norm,rain_model_49_norm,rain_model_42_norm,snow_model_52_norm,snow_model_49_norm,snow_model_42_norm,day_model_52_norm,day_model_49_norm,day_model_42_norm
9773.0,94.35285858999285,94.43242136498516,94.61693328558273,51.5972510999693,53.901456154711965,52.7072633786964,91.65674961628977,91.6045314642382,91.79695375012791,87.93000245574544,88.52350209761588,88.33817804154303,68.32808891844878,70.3265298270746,69.13330666120946,94.3293440090044,94.39973815614448,94.57906988642178
