images,Original_model_52_homo,Original_model_49_homo,Original_model_42_homo,fog_model_52_homo,fog_model_49_homo,fog_model_42_homo,night_model_52_homo,night_model_49_homo,night_model_42_homo,rain_model_52_homo,rain_model_49_homo,rain_model_42_homo,snow_model_52_homo,snow_model_49_homo,snow_model_42_homo,day_model_52_homo,day_model_49_homo,day_model_42_homo
9773.0,91.59121743579249,91.91253760360176,91.71114048910262,38.15178195027115,38.91633244653638,38.09671196152665,82.00758497902383,81.92171175688121,81.63315010743887,88.59749125140692,88.79363634503224,88.40091230942392,78.79325007674205,82.27272076128108,80.21475166274428,90.7581384426481,90.98474480712164,90.77476967154405
