category,sub category,images,model_52_epoch_test,model_49_epoch_test,model_42_epoch_test,model_52_24_val,model_49_25_val,model_42_29_val
Dangerous warning,Dangerous warning,2228.0,94.07559784560144,94.04915350089766,93.86959066427288,94.27378517004271,93.87010072477236,94.28151458836649
Regularoty,Priority ,1041.0,96.94461479346782,96.73345437079732,97.17547742555237,97.34433898305085,97.04667465894997,97.37061843737081
Regularoty,Prohibitory,3957.0,94.5773434420015,94.64224412433661,94.8347172100076,95.48562831479897,95.3165374251497,95.54449700598802
Regularoty,Mandatory,1203.0,95.24450872817954,95.44458187863674,95.4270523690773,96.34664246196402,96.44834716459198,97.02064937759337
Regularoty,Special regulations,1344.0,94.58291815476191,94.49436160714285,94.62740327380953,95.96159079601989,96.18275373134328,96.67166542288557
