category,sub category,images,model_52_epoch_test,model_49_epoch_test,model_42_epoch_test,model_52_26_val,model_49_26_val,model_42_26_val
Dangerous warning,Dangerous warning,2692.0,84.18285884101039,84.43574368499257,84.30223328380384,88.23802740579258,87.59409342883836,88.15742074120212
Regularoty,Priority ,1243.0,89.91129686242961,89.3020852775543,90.29693483507643,94.46043341321464,94.72988497090037,94.81520095857582
Regularoty,Prohibitory,4765.0,83.94519034627493,83.88224134312698,84.15506149003149,88.78456231625836,88.76312017817372,88.96473870824056
Regularoty,Mandatory,1433.0,85.7081242149337,85.63832798325193,86.36383112351709,91.66530095403297,91.35233362243423,91.52952934374096
Regularoty,Special regulations,1594.0,85.89662484316186,86.00883688833125,86.73717063989962,92.29600360360362,93.32304298584299,93.16287567567568
