images,Original_model_42_ideallevelfog,fog1_model_42_ideallevelfog,fog2_model_42_ideallevelfog,fog3_model_42_ideallevelfog,fog4_model_42_ideallevelfog,fog5_model_42_ideallevelfog,fog6_model_42_ideallevelfog,fog7_model_42_ideallevelfog,fog8_model_42_ideallevelfog,fog9_model_42_ideallevelfog,fog10_model_42_ideallevelfog
9773.0,94.77357986288754,84.67906067737644,79.645920495242,72.85593246700093,63.94063409393226,52.816868719942704,39.25716760462499,25.088302670623147,12.821292745318734,5.556111122480302,2.8497060268085543
