filter,noise_52,noise_49,noise_42,baseline_52,baseline_49,baseline_42,norm_52,norm_49,norm_42,homo_52,homo_49,homo_42
Original,88.60982154916607,90.23667942289983,87.92876557863502,89.29327801084621,87.94046659162998,88.75881571677071,93.62111449913026,93.01340161669907,93.33041706743067,92.61269968279956,92.11290166786043,91.87150700910672
fog,61.47537255704492,63.77603581295405,59.5667350864627,48.437395681980966,50.32049258160238,43.75120536171083,47.95237675227668,50.27519103652922,51.07572966335824,42.50243241583956,40.5221047784713,42.064962652205054
night,76.53166253965006,76.96854190115626,73.60224189092398,76.1938829428016,75.36684518571575,75.58992591834647,88.61969998976772,88.38653207817455,87.94456134247416,82.77084743681573,83.49926307172822,81.8460665097718
rain,77.06266120945463,78.5032198915379,75.57179699171186,81.35054435690168,79.2299991814182,81.39160319246905,86.89220485009722,86.84112677785735,86.52269702240868,88.52945605238924,88.46835014836795,87.87879914048908
snow,63.30114683311162,63.5613879054538,60.76375585797606,64.0314235137624,61.16239496572189,65.97155939834238,68.34571492888571,69.15180906579351,68.30672771922643,76.28171984037654,78.95658528599202,76.80765067021386
day,81.809705105904,83.62740857464442,81.10084272997032,89.09862887547322,87.91758927657833,88.6421807019339,93.56375360687609,92.97038637061291,93.32454374296532,91.77539506804462,91.50740223063542,91.14298864217743
