category,sub-category,images,Original_model_52,Original_model_49,Original_model_42,fog_model_52,fog_model_49,fog_model_42,night_model_52,night_model_49,night_model_42,rain_model_52,rain_model_49,rain_model_42,snow_model_52,snow_model_49,snow_model_42,day_model_52,day_model_49,day_model_42
Dangerous warning,Dangerous warning,2228.0,89.0038990125673,87.10940888689407,88.07472576301615,43.927314631956904,42.59409919210053,48.77445646319569,85.14354712746858,82.8007028725314,83.72076929982049,82.0739223518851,81.07311624775585,81.30610816876123,66.13971858168762,65.97381283662477,63.96775852782764,88.77039946140034,87.03301526032315,87.93102333931778
Regularoty,Priority ,1041.0,94.83232564841498,94.45752353506245,94.81338712776177,71.239060518732,68.84692891450528,71.57552161383286,88.6066628242075,88.05962824207492,89.44375984630163,92.05502209414024,91.84436983669549,91.71925840537945,81.81556964457252,81.69075504322765,79.54859846301633,94.83157732949087,94.52451488952931,94.85216138328528
Regularoty,Prohibitory,3957.0,90.38671013393984,89.87389335355068,90.55336896638867,35.132704574172344,33.05753853929745,35.61020394238059,80.59659843315643,78.68335658327015,79.56289486985088,78.22578013646702,78.2641261056356,77.90459944402326,58.52924159716957,59.2870447308567,56.10821202931513,90.1064207733131,89.60315061915591,90.25486681829668
Regularoty,Mandatory,1203.0,91.77073732335828,91.97009476309226,92.29409642560266,28.628429758936,34.51403657522859,30.60701246882793,63.39966167913549,68.04744887780548,68.30425519534496,82.60174812967583,83.79053034081464,82.82600665004156,66.07646716541979,66.16800581878638,63.41675727348295,91.7041047381546,91.9949850374065,92.37740980881131
Regularoty,Special regulations,1344.0,85.28328943452382,84.86582812500001,86.32417782738096,41.212743303571415,44.57568005952381,44.03273288690475,64.58315029761904,65.98988392857143,64.93323437500001,80.50653645833331,80.77446577380951,80.41026116071427,67.76820982142857,68.9503794642857,64.36049851190475,85.49895163690478,85.21585342261903,86.45824107142859
