category,sub category,images,model_52_epoch_test,model_49_epoch_test,model_42_epoch_test,model_52_25_val,model_49_25_val,model_42_25_val
Dangerous warning,Dangerous warning,2228.0,94.65847845601435,92.01072710951526,92.7737567324955,93.69246050919905,92.2380654153503,92.25367775506412
Regularoty,Priority ,1041.0,96.44842459173871,96.92434197886645,95.10102785782901,96.85422902025628,96.59087226126498,96.847453493179
Regularoty,Prohibitory,3957.0,95.37431134698004,94.46624715693707,94.49168814758656,95.0380464071856,94.43534431137722,94.68330089820358
Regularoty,Mandatory,1203.0,95.67779717373233,94.09829592684954,94.76261014131339,96.41094398340249,95.79979944674966,96.38310857538036
Regularoty,Special regulations,1344.0,95.68578869047622,92.93271577380955,95.16533482142859,96.38618159203978,94.87407649253731,95.98731654228855
