category,sub-category,images,Original_model_42,night1_model_42,night2_model_42,night3_model_42,night4_model_42,night5_model_42,night6_model_42,night7_model_42,night8_model_42,night9_model_42,night10_model_42
Dangerous warning,Dangerous warning,2228.0,61.310592459605026,60.884201077199286,60.884201077199286,60.884201077199286,66.06822262118493,66.06822262118493,66.06822262118493,61.310592459605026,66.06822262118493,61.310592459605026,61.310592459605026
Regularoty,Priority ,1041.0,92.89145052833814,81.49329490874159,81.49329490874159,81.49329490874159,81.49329490874159,81.49329490874159,92.89145052833814,92.89145052833814,92.89145052833814,92.89145052833814,92.89145052833814
Regularoty,Prohibitory,3957.0,77.33158453373768,74.4253424311347,68.52440737932778,73.98308819812989,73.98308819812989,73.98308819812989,73.98308819812989,77.33158453373768,77.33158453373768,77.33158453373768,77.33158453373768
Regularoty,Mandatory,1203.0,68.4954280964256,59.933499584372406,68.4954280964256,68.4954280964256,68.4954280964256,68.4954280964256,68.4954280964256,68.4954280964256,68.4954280964256,68.4954280964256,68.4954280964256
Regularoty,Special regulations,1344.0,63.31691964285714,51.56096726190476,51.56096726190476,51.56096726190476,51.56096726190476,51.56096726190476,51.56096726190476,51.56096726190476,63.31691964285714,63.31691964285714,63.31691964285714
