category,sub-category,images,Original_model_42,fog_model_42,night_model_42,rain_model_42,snow_model_42,day_model_42
Dangerous warning,Dangerous warning,0.0,0.7399348593356977,1.4069014047795751,0.9411269391662442,0.7368336120476269,0.8406436582134584,0.5760942074290624
Regularoty,Priority ,0.0,0.545106915419531,1.480335860605197,0.8090107562530886,0.5446020411132525,0.5951153019145821,0.49937977751571283
Regularoty,Prohibitory,0.0,0.3940603959294176,1.1407929171939224,0.5061042278307343,0.24080996805388327,0.5527260637055044,0.3305044057929237
Regularoty,Mandatory,0.0,0.43352413336809864,1.4729433539284114,1.0014892955052952,0.566907230184913,0.6303982594550709,0.4675745786706884
Regularoty,Special regulations,0.0,0.9264719479925024,1.7434610620403157,2.0334264342536192,0.9024899050423797,1.2737396516625603,0.8648751821520779
