category,sub category,images,model_52_epoch_test,model_49_epoch_test,model_42_epoch_test,model_52_26_val,model_49_26_val,model_42_26_val
Dangerous warning,Dangerous warning,2548.0,71.8067202137503,70.76110488593653,71.06406116236522,70.17944596698847,70.32962067891623,70.18870538772967
Regularoty,Priority ,1224.0,77.34080117508219,78.71679161632667,79.3714185585621,75.4837617254365,76.07161930845601,75.93052653200957
Regularoty,Prohibitory,4631.2,70.92083172055351,71.11325633453978,70.60931142157987,71.46293153794427,72.9887702342464,71.07532561247217
Regularoty,Mandatory,1366.8,75.05811151202597,75.0163115087331,73.1780653306872,73.30178086152068,73.30982596126049,73.47203931772188
Regularoty,Special regulations,1505.6,81.60850181235188,79.88288510299039,82.36122703192527,83.87432641847369,84.84924739659466,84.56294109028836
