filter,noise_52,noise_49,noise_42,baseline_52,baseline_49,baseline_42,norm_52,norm_49,norm_42,homo_52,homo_49,homo_42
Original,91.5671882354446,91.02494389303865,88.34392976024506,89.6712513250793,88.23703344389872,88.16068724477117,94.09804806510125,93.08822024644697,93.96456526317405,91.8917173896351,91.50263985832962,91.7296574883517
fog,49.861091719533405,58.25015468417018,56.54354330409675,49.421959499846515,46.588488749395225,41.565377826771844,51.23034816431631,50.54840665424914,52.11636816351171,44.09780298242406,37.605326643146256,40.34244280935794
night,74.99872902384118,75.72594512722758,73.63489228534611,78.14742203704083,77.1687857940054,73.81726053765328,90.0067586955831,88.83079121589732,89.29504418581807,80.79489047788736,82.69462447608947,80.5427923702793
rain,70.66903637572906,75.19318419480226,74.76853660915278,81.57528134411133,79.79754033141826,80.48827493941715,87.511393057463,86.6547368229391,87.35023921498006,88.37338307243299,88.31018523309962,87.86165494464622
snow,62.3152228716873,62.462319795152425,61.45298570919242,63.62294320924997,61.825162974995365,64.98672962206264,68.67835203229521,68.97142168951399,68.83299518172517,77.4766871383171,80.30416483757887,78.64042753523793
day,75.02170220249667,80.1332603431222,79.80492108359766,89.47513446597769,88.23840778811743,88.07285974332892,94.0780671044727,93.07105261467004,93.96828531771204,91.10066661805737,90.99162779972268,90.68075267018662
