category,sub category,images,model_52_epoch_test,model_49_epoch_test,model_42_epoch_test,model_52_26_val,model_49_26_val,model_42_26_val
Dangerous warning,Dangerous warning,2692.0,85.28978083209508,84.17472882615155,84.80769687964339,85.1547461849891,87.26351915291187,86.2272858922454
Regularoty,Priority ,1243.0,91.22815768302495,89.62424778761061,90.98837489943683,94.67038343033207,94.77302978432044,94.65971242725092
Regularoty,Prohibitory,4765.0,84.97376495278068,83.67192444910808,84.51201469045121,85.91508596881961,88.4460819599109,88.00853273942096
Regularoty,Mandatory,1433.0,86.53184926727148,85.76422191207259,86.60109560362875,90.49624747036717,91.92401272043944,91.72571552471813
Regularoty,Special regulations,1594.0,86.32132998745294,85.50787954830616,86.82630489335004,90.9551583011583,93.00007722007723,92.30850707850709
