category,sub-category,images,Original_model_52,Original_model_49,Original_model_42,fog_model_52,fog_model_49,fog_model_42,night_model_52,night_model_49,night_model_42,rain_model_52,rain_model_49,rain_model_42,snow_model_52,snow_model_49,snow_model_42,day_model_52,day_model_49,day_model_42
Dangerous warning,Dangerous warning,2228.0,91.88580789946141,90.58320287253142,90.86181328545781,44.95506014362657,42.845544883303404,44.31775314183123,89.19193985637344,87.3159856373429,87.63012028725313,90.40390933572712,89.35403859964093,89.47936983842013,81.3102405745063,81.84957271095155,81.4993195691203,91.99354667863554,90.9158141831239,91.08635727109512
Regularoty,Priority ,1041.0,95.1014678194044,95.56184053794428,95.19800192122959,61.305675312199796,60.38397694524497,60.49938712776177,87.41481460134487,89.45107588856868,86.33911623439,93.75692026897215,94.44693756003842,93.40941978866474,87.81948126801153,88.45437656099904,88.29967146974063,94.88936983669548,95.56332180595581,94.88922958693564
Regularoty,Prohibitory,3957.0,93.80344806671721,93.27304725802374,92.48931058882992,35.01650391710892,34.50091635077079,33.100682335102356,84.98797371746272,84.97857771038666,82.86657872125346,89.90106646449328,89.6942921405105,88.55179378316906,77.03865200909779,78.68605256507455,77.10459388425575,92.96911599696739,92.58014101592114,91.60480970432145
Regularoty,Mandatory,1203.0,94.19662842892768,93.15050374064839,93.13314048212801,35.32812967581047,34.430054862842894,35.594575228595176,71.6546433915212,75.22824937655861,73.59915544472153,89.59254862842894,88.9441778886118,89.42643059019119,80.6481812136326,79.5838919368246,78.93589858686616,92.89998004987532,92.18613466334166,92.2858952618454
Regularoty,Special regulations,1344.0,83.76525744047618,82.93114136904762,84.86734672619046,38.733742559523805,36.3839181547619,37.08392261904761,58.616279761904764,58.198809523809516,59.613349702380944,77.8566369047619,77.24727678571429,79.31590327380951,71.4880625,72.33624404761905,72.58899107142858,80.20995386904762,79.70277976190475,82.08317559523809
