images,Original_model_52_baseline,Original_model_49_baseline,Original_model_42_baseline,fog_model_52_baseline,fog_model_49_baseline,fog_model_42_baseline,night_model_52_baseline,night_model_49_baseline,night_model_42_baseline,rain_model_52_baseline,rain_model_49_baseline,rain_model_42_baseline,snow_model_52_baseline,snow_model_49_baseline,snow_model_42_baseline,day_model_52_baseline,day_model_49_baseline,day_model_42_baseline
9773.0,89.13807172823084,88.59298350330275,87.93359333431393,42.842551334492995,43.198134201150054,40.22053021454574,77.9115157660435,78.74333165368732,71.95584117466488,80.87275996889518,80.64819576843222,79.33227319596024,62.29484745744753,63.039863330976125,63.23967125487769,89.7841750743273,89.08477598921013,87.4988435220703
