category,sub-category,images,Original_model_42,night1_model_42,night2_model_42,night3_model_42,night4_model_42,night5_model_42,night6_model_42,night7_model_42,night8_model_42,night9_model_42,night10_model_42
Dangerous warning,Dangerous warning,2228.0,60.884201077199286,60.884201077199286,60.884201077199286,60.884201077199286,60.884201077199286,60.884201077199286,60.884201077199286,60.884201077199286,60.884201077199286,60.884201077199286,0.0
Regularoty,Priority ,1041.0,70.09171950048031,70.09171950048031,70.09171950048031,70.09171950048031,81.49329490874159,81.49329490874159,81.49329490874159,81.49329490874159,81.49329490874159,81.49329490874159,0.0
Regularoty,Prohibitory,3957.0,80.27546120798584,80.27546120798584,80.27546120798584,80.27546120798584,80.27546120798584,77.21758908263836,74.15971695729088,71.31665403083144,65.85770027798837,71.31665403083144,0.0
Regularoty,Mandatory,1203.0,68.4954280964256,68.4954280964256,68.4954280964256,68.4954280964256,68.4954280964256,68.4954280964256,68.4954280964256,68.4954280964256,68.4954280964256,68.4954280964256,0.0
Regularoty,Special regulations,1344.0,70.98214285714286,57.738095238095234,57.738095238095234,57.738095238095234,57.738095238095234,45.982142857142854,45.982142857142854,45.982142857142854,45.982142857142854,45.982142857142854,13.244047619047619
