category,sub category,images,model_52_epoch_test,model_49_epoch_test,model_42_epoch_test,model_52_24_val,model_49_25_val,model_42_29_val
Dangerous warning,Dangerous warning,2228.0,94.52353680430879,94.07596947935366,94.21030969479352,94.67714737037724,93.52550826983831,94.6281248838506
Regularoty,Priority ,1041.0,97.30879923150816,96.25280499519691,97.50115273775216,97.52826787928896,96.16268706076892,96.98544439851177
Regularoty,Prohibitory,3957.0,95.07224159716958,94.92113975233762,94.44017184735911,95.46365590248075,95.46777053036783,95.679624679213
Regularoty,Mandatory,1203.0,95.42656691604321,96.34346633416459,95.51102244389027,94.7255152143845,95.71159059474411,97.20239972337484
Regularoty,Special regulations,1344.0,94.79174107142858,93.97502976190478,94.12059523809523,95.71510572139303,95.38070895522388,97.01025497512438
