category,sub-category,images,Original_model_42,snow1_model_42,snow2_model_42,snow3_model_42,snow4_model_42,snow5_model_42,snow6_model_42,snow7_model_42,snow8_model_42,snow9_model_42,snow10_model_42
Dangerous warning,Dangerous warning,2228.0,61.310592459605026,61.310592459605026,61.310592459605026,61.310592459605026,56.12657091561939,61.310592459605026,61.310592459605026,50.38150807899462,56.12657091561939,56.12657091561939,55.56552962298025
Regularoty,Priority ,1041.0,92.89145052833814,92.89145052833814,92.89145052833814,81.49329490874159,92.89145052833814,70.09171950048031,70.09171950048031,70.09171950048031,71.14267050912584,70.09171950048031,81.49329490874159
Regularoty,Prohibitory,3957.0,72.37806419004296,72.37806419004296,66.84356835986858,77.33131159969673,72.37806419004296,72.37806419004296,72.37806419004296,63.62143037654789,69.69926712155673,60.4119282284559,57.11397523376295
Regularoty,Mandatory,1203.0,68.4954280964256,68.4954280964256,68.4954280964256,68.4954280964256,52.119700748129674,52.119700748129674,52.119700748129674,52.119700748129674,68.4954280964256,68.4954280964256,52.119700748129674
Regularoty,Special regulations,1344.0,70.98214285714286,70.98214285714286,63.31691964285714,63.31691964285714,63.31691964285714,63.31691964285714,63.31691964285714,70.98214285714286,63.31691964285714,63.31691964285714,63.31691964285714
