images,Original_model_52_norm,Original_model_49_norm,Original_model_42_norm,fog_model_52_norm,fog_model_49_norm,fog_model_42_norm,night_model_52_norm,night_model_49_norm,night_model_42_norm,rain_model_52_norm,rain_model_49_norm,rain_model_42_norm,snow_model_52_norm,snow_model_49_norm,snow_model_42_norm,day_model_52_norm,day_model_49_norm,day_model_42_norm
0.0,0.4270694152314864,0.3979319840485707,0.3627969224922765,2.3781982137706086,2.3300627992173557,2.0510561595209835,0.8251787787453155,0.6384562708288606,0.6556760065172936,0.7811204124029171,0.6236833039357739,0.5194821597507158,1.9239108594741354,1.9414564726959325,2.0295323609955727,0.4543553070897228,0.42893770202810405,0.37060222104868223
