category,sub-category,images,Original_model_52,Original_model_49,Original_model_42,fognight_model_52,fognight_model_49,fognight_model_42,fogsnow_model_52,fogsnow_model_49,fogsnow_model_42,fograin_model_52,fograin_model_49,fograin_model_42,rainnight_model_52,rainnight_model_49,rainnight_model_42,snownight_model_52,snownight_model_49,snownight_model_42
Dangerous warning,Dangerous warning,2228.0,93.18721813285458,92.6930646319569,93.08009694793535,41.25700897666068,41.445203770197494,45.11694973070017,38.37530610412926,39.00360323159785,41.82233393177737,42.33394075403949,43.384296229802516,46.032278276481144,89.71256822262117,88.86885368043087,89.45264631956911,80.10705296229801,79.95517145421903,80.48469299820468
Regularoty,Priority ,1041.0,96.98247838616714,97.25328530259365,96.94401921229587,56.13807108549471,58.71162151777138,56.19600576368877,58.61687223823246,62.09249567723343,60.498315081652265,62.24831700288185,65.37953121998079,64.01585398655139,93.52520461095101,93.62013448607108,93.40977137367915,85.51479923150816,86.60890874159463,85.1292487992315
Regularoty,Prohibitory,3957.0,95.65299064948192,95.55760020217335,95.60303917108921,34.566534748546886,35.56681020975486,38.12445034116756,33.84357594136973,35.75367399545111,38.71679757391964,37.92731968663129,39.65566995198383,42.70414708112206,89.63391357088703,89.4565024008087,89.8915531968663,75.98657265605257,76.47152944149607,76.97188476118272
Regularoty,Mandatory,1203.0,95.17840066500415,95.24511720698254,95.92701745635911,35.01326184538654,38.902458852867824,39.11911554447215,42.177762261014124,44.78830590191188,45.78529509559435,47.198950955943474,48.94414796342478,49.49335494596841,91.15551953449709,91.30540814630092,91.25594513715711,80.6984987531172,82.3281429758936,80.5150157938487
Regularoty,Special regulations,1344.0,88.10950446428572,89.85071875,91.29496130952381,29.970019345238093,32.201928571428574,34.226458333333326,38.09427678571428,40.53632291666666,43.898869047619044,40.75727529761905,43.98780208333333,46.88936755952382,79.45000446428571,81.84614136904761,82.52983630952383,67.29214732142857,71.11605208333333,72.23098065476191
