images,Original_model_42_noise,fognight_model_42_noise,fogsnow_model_42_noise,fograin_model_42_noise,rainnight_model_42_noise,snownight_model_42_noise
9773.0,92.58966325590914,75.28294863399161,66.85869998976771,75.81593625294177,75.9778106006344,50.691437531975865
