images,Original_model_42_ideal,fognight_model_42_ideal,fogsnow_model_42_ideal,fograin_model_42_ideal,rainnight_model_42_ideal,snownight_model_42_ideal
9773.0,94.57075780210786,40.76228568505064,33.36148214468433,43.858771308707674,62.68588693338789,25.771056175176504
