images,Original_model_42_ideal,fognight_model_42_ideal,fogsnow_model_42_ideal,fograin_model_42_ideal,rainnight_model_42_ideal,snownight_model_42_ideal
9773.0,94.57075780210786,40.76228568505066,33.36148214468433,43.85877130870766,62.685886933387906,25.771056175176504
