images,Original_model_52_noise,Original_model_49_noise,Original_model_42_noise,fog_model_52_noise,fog_model_49_noise,fog_model_42_noise,night_model_52_noise,night_model_49_noise,night_model_42_noise,rain_model_52_noise,rain_model_49_noise,rain_model_42_noise,snow_model_52_noise,snow_model_49_noise,snow_model_42_noise,day_model_52_noise,day_model_49_noise,day_model_42_noise
9773.0,89.54526507981174,87.38536341621474,87.11721969168883,65.50077437020362,70.85226924014638,63.34408209120889,71.71202922452963,73.69761403505981,76.3209115155019,77.29079472959059,79.83094125948182,81.75557193583376,59.7912219240834,57.76160859029854,65.33437395252544,81.7113904321235,87.67708529340773,86.52779630145491
