images,Original_model_42_ideallevelfog,fog1_model_42_ideallevelfog,fog2_model_42_ideallevelfog,fog3_model_42_ideallevelfog,fog4_model_42_ideallevelfog,fog5_model_42_ideallevelfog,fog6_model_42_ideallevelfog,fog7_model_42_ideallevelfog,fog8_model_42_ideallevelfog,fog9_model_42_ideallevelfog,fog10_model_42_ideallevelfog
9773.0,75.59091374194209,8.059287833827893,17.204481735393433,36.56874756983527,49.86455438452881,56.98908523483065,67.88442852757598,74.35280875882533,74.34769262253147,75.59091374194209,75.59091374194209
