category,sub-category,images,Original_model_52,Original_model_49,Original_model_42,fog_model_52,fog_model_49,fog_model_42,night_model_52,night_model_49,night_model_42,rain_model_52,rain_model_49,rain_model_42,snow_model_52,snow_model_49,snow_model_42,day_model_52,day_model_49,day_model_42
Dangerous warning,Dangerous warning,2228.0,91.02351885098743,90.17136445242369,90.48446140035907,73.02600089766607,72.53155745062837,74.64163375224418,89.49558348294437,89.49636894075404,87.83695242369839,89.99264811490126,89.09220377019749,89.9929039497307,84.82953321364454,84.7401211849192,84.51481597845601,90.75637342908436,89.94673698384202,90.08030071813286
Regularoty,Priority ,1041.0,97.21424591738715,96.4454274735831,96.44604226705091,88.47121998078771,88.08688760806916,90.20395773294908,95.9660902977906,94.52459173871279,94.71416906820366,96.92590778097984,96.44591738712775,96.63573487031701,95.00566762728148,93.17813640730068,93.36959654178673,97.02073006724305,96.63649375600384,96.44530259365995
Regularoty,Prohibitory,3957.0,93.55607025524388,93.73225423300478,93.85897649734648,74.34940864291131,74.70162749557745,76.95235531968663,91.15475360121306,91.23060146575686,92.01357088703563,92.87397523376293,92.67046247156938,92.67097801364669,86.2535683598686,86.60644174879963,87.21257518321961,93.47971695729088,93.22654788981549,93.9349279757392
Regularoty,Mandatory,1203.0,94.92943474646718,94.67871986699916,94.51399833748961,82.20993349958438,81.0473732335827,82.12862842892767,92.43578553615961,90.85607647547796,91.10517040731506,94.18076475477972,94.26306733167083,93.849110556941,90.52521197007482,90.94167913549457,91.27192019950125,94.7631088944306,94.51365752285952,94.3455527847049
Regularoty,Special regulations,1344.0,89.06247023809524,90.77387648809521,90.25183779761903,72.990625,76.26395833333332,77.3060863095238,82.66138392857142,81.47290178571426,81.77324404761906,87.64975446428573,89.13704613095236,89.80510416666667,82.88461309523811,83.25923363095235,85.56465773809524,88.5418154761905,90.54848214285714,90.10440476190476
