filter,ideal_42,noise_42
Original,94.57075780210786,92.58966325590914
fognight,40.76228568505064,75.28294863399161
fogsnow,33.36148214468433,66.85869998976771
fograin,43.858771308707674,75.81593625294177
rainnight,62.68588693338789,75.9778106006344
snownight,25.771056175176504,50.691437531975865
