filter,ideal_42
Original,94.56454220812444
fognight,40.788929192673685
fogsnow,33.95698598178656
fograin,44.04386032947919
rainnight,65.29114141000716
snownight,30.900573928169443
