filter,ideal_52,ideal_49,ideal_42,idealnoise_52,idealnoise_49,idealnoise_42
Original,94.27976120433848,94.33733616047236,94.65857830966056,92.78176775033255,92.78603331504786,92.96882956907729
fog,39.64504412667554,42.08750069794205,43.79132016700987,76.66959830226133,76.85456118630567,78.07495403638436
night,89.56912456512842,89.17661391361689,89.11902735454186,89.78699264013099,89.57108080905694,89.9213125764091
rain,92.53013161260616,92.67081187398387,93.15106957225903,91.96930641890924,91.93115230074544,92.28890042021357
snow,83.44425234063237,84.51146454138575,84.6668612943505,86.51704161260615,86.87859713016336,87.39817163693306
day,93.80166319195743,93.82997470986454,94.12359268280595,92.57912274879772,92.53979157271293,92.87161060487904
