category,sub category,images,model_52_epoch_test,model_49_epoch_test,model_42_epoch_test,model_52_25_val,model_49_26_val,model_42_25_val
Dangerous warning,Dangerous warning,2076.8,83.62566514372415,82.07324034033252,83.02797479461009,75.19262181750605,74.74269132131575,75.10085374465714
Regularoty,Priority ,1026.2,86.66094165879399,94.77926996255887,84.58605587658833,80.6724858571281,85.48103604536998,85.75747672333608
Regularoty,Prohibitory,3825.2,83.88305322698082,83.60551016330342,86.04061450649056,78.47246682160473,79.45476238626799,79.80088221163483
Regularoty,Mandatory,1127.2,87.95898086498961,78.84241895261846,80.907131120419,77.33233540802215,77.15805601659751,76.88015283540801
Regularoty,Special regulations,1266.0,89.82206048779577,89.61417060684337,89.77769292827195,86.53319623008512,86.62091264799558,86.7808106579458
