category,sub-category,images,Original_model_42,snow1_model_42,snow2_model_42,snow3_model_42,snow4_model_42,snow5_model_42,snow6_model_42,snow7_model_42,snow8_model_42,snow9_model_42,snow10_model_42
Dangerous warning,Dangerous warning,2228.0,93.22755834829442,92.29403231597846,91.05954398563733,89.25057450628368,88.00324551166969,86.25655700179534,84.42567953321364,82.46862836624777,80.59711400359065,78.82405700179534,76.56605924596052
Regularoty,Priority ,1041.0,97.12758405379444,96.76308645533142,96.00341786743516,94.8607060518732,93.72755139289146,92.1888828049952,91.04642843419789,89.29899231508168,88.1461306436119,87.06144476464938,85.22651488952928
Regularoty,Prohibitory,3957.0,95.59009603234774,94.27094642405862,92.6441109426333,90.4478948698509,88.14988501389942,85.45849810462472,82.67658807177153,80.13878746525144,77.85415542077331,74.88742734394745,72.49978468536769
Regularoty,Mandatory,1203.0,95.67667664172902,95.31918453865337,94.55539900249377,93.34173649210308,92.16971155444722,90.42383291770575,89.0945760598504,87.0655369908562,85.19557772236075,82.95905901911888,80.60623940149625
Regularoty,Special regulations,1344.0,90.61019270833333,89.16667410714288,87.90918452380953,86.24998288690475,84.36734598214287,82.55920982142858,80.50568229166666,78.82413988095237,76.69556026785715,75.088453125,72.73802157738096
