category,sub-category,images,Original_model_42,snow1_model_42,snow2_model_42,snow3_model_42,snow4_model_42,snow5_model_42,snow6_model_42,snow7_model_42,snow8_model_42,snow9_model_42,snow10_model_42
Dangerous warning,Dangerous warning,2228.0,66.06822262118493,66.06822262118493,61.310592459605026,66.06822262118493,55.78994614003591,61.310592459605026,56.12657091561939,55.18402154398564,49.43895870736086,50.32214991023339,50.0
Regularoty,Priority ,1041.0,92.89145052833814,92.89145052833814,82.54082612872237,92.89145052833814,82.54082612872237,82.54082612872237,71.14267050912584,71.14267050912584,71.14267050912584,81.49329490874159,71.14267050912584
Regularoty,Prohibitory,3957.0,77.05332322466515,77.05332322466515,77.05332322466515,73.99545109931766,68.33486985089714,65.3904473085671,68.46095526914328,59.6161435430882,59.28733889310084,55.6611271165024,50.06345211018448
Regularoty,Mandatory,1203.0,68.4954280964256,68.4954280964256,68.4954280964256,68.4954280964256,68.4954280964256,68.4954280964256,68.4954280964256,53.532834580216125,44.970906068162925,59.933499584372406,59.933499584372406
Regularoty,Special regulations,1344.0,57.738095238095234,57.738095238095234,57.738095238095234,57.738095238095234,57.738095238095234,57.738095238095234,57.738095238095234,45.982142857142854,45.982142857142854,57.738095238095234,45.982142857142854
