images,Original_model_52_ideal,Original_model_49_ideal,Original_model_42_ideal,fognight_model_52_ideal,fognight_model_49_ideal,fognight_model_42_ideal,fogsnow_model_52_ideal,fogsnow_model_49_ideal,fogsnow_model_42_ideal,fograin_model_52_ideal,fograin_model_49_ideal,fograin_model_42_ideal,rainnight_model_52_ideal,rainnight_model_49_ideal,rainnight_model_42_ideal,snownight_model_52_ideal,snownight_model_49_ideal,snownight_model_42_ideal
9773.0,93.67651488795661,94.16706743067638,94.92559296019645,36.87730379617312,38.38159725775095,39.271051877622014,38.626756369589685,39.670764350762305,40.918476414611696,42.70988028241073,44.65284150209762,43.80402230635424,88.02797810293667,88.82674920699887,88.82599201882738,76.89505985879464,77.01779085234831,77.10940345850813
