category,sub-category,images,Original_model_42,fog_model_42,night_model_42,rain_model_42,snow_model_42,day_model_42
Dangerous warning,Dangerous warning,2228.0,90.57499775583483,75.47587028725314,88.44237298025135,89.91897710951525,86.41839631956913,90.58889317773787
Regularoty,Priority ,1041.0,96.2914121037464,89.35675984630163,94.32280307396734,96.23388376561,94.475590778098,96.24359654178674
Regularoty,Prohibitory,3957.0,93.7880159211524,76.32596815769521,91.32659160980542,92.74969724538792,88.36456962345213,93.44468789486987
Regularoty,Mandatory,1203.0,94.92873566084788,82.32764505403159,91.86202743142144,94.68817539484623,92.55995511221947,95.06237822111389
Regularoty,Special regulations,1344.0,90.90062797619048,75.92971577380953,83.408921875,89.5159955357143,86.52582589285714,90.1480580357143
