category,sub-category,images,Original_model_52,Original_model_49,Original_model_42,fog_model_52,fog_model_49,fog_model_42,night_model_52,night_model_49,night_model_42,rain_model_52,rain_model_49,rain_model_42,snow_model_52,snow_model_49,snow_model_42,day_model_52,day_model_49,day_model_42
Dangerous warning,Dangerous warning,0.0,2.3406077404064844,0.8867267586571603,0.9414161843539539,5.711400962134772,3.231874955684118,6.357683284592754,5.051152265193622,1.6448889550081431,1.7011520958403916,2.414831008263175,0.4884647494793045,0.8654740096988384,4.285114056954487,1.6243926222726988,1.9295359110983212,2.432920217521618,0.7158976556571164,0.821896746542209
Regularoty,Priority ,0.0,1.4325517040168119,0.7099009127979353,0.8393482174572875,5.611781994435454,5.032135599230985,5.711712685428849,2.720900987550322,1.7140517398478692,4.505475781701665,1.356944475651728,1.050933896116971,1.6477164057703915,3.551580185685049,1.518834282503775,2.1491726920273027,1.3323266709437886,0.7959732755585388,1.1408514417592233
Regularoty,Prohibitory,0.0,1.821405478395875,0.513253484534645,0.7331180410757115,3.6667090353911256,3.722008146993194,4.954204889184009,2.91270635512327,1.1705913871548377,2.8969953167021325,2.2171508412130154,0.4417850225438541,0.7798266119275974,5.31908818404681,1.264978171693674,2.020537476300143,1.5976483825987382,0.4084094474981848,0.763738007451643
Regularoty,Mandatory,0.0,1.676760020112813,0.6077551289124699,1.2740003427961422,2.7779120811870848,4.7403717234041745,3.1250313233143308,3.8936190444415235,7.207483740470653,5.818753091527523,1.9579620875599195,1.2980635070579425,2.1177501620524475,4.830478523693937,1.5303967122394453,4.044532860842395,1.839333892309408,0.9786200138174395,1.4698235304266003
Regularoty,Special regulations,0.0,4.698479252809442,2.960280173088514,2.699421567857925,5.104669472605723,3.378223752959455,3.780887058758533,3.287936830259284,4.82032418799949,6.48655585443826,3.398900665675944,3.433603762965345,3.111989731187769,5.285308792418128,2.4203665652696205,3.813704374543031,3.8947218568971533,3.15376909463534,2.8448583892140005
