images,Original_model_52_noise,Original_model_49_noise,Original_model_42_noise,fognight_model_52_noise,fognight_model_49_noise,fognight_model_42_noise,fogsnow_model_52_noise,fogsnow_model_49_noise,fogsnow_model_42_noise,fograin_model_52_noise,fograin_model_49_noise,fograin_model_42_noise,rainnight_model_52_noise,rainnight_model_49_noise,rainnight_model_42_noise,snownight_model_52_noise,snownight_model_49_noise,snownight_model_42_noise
9773.0,92.66376426122991,92.69330915485217,92.95302167403177,75.00745755039394,75.142114694933,76.36537248689781,74.20751870887106,74.98981643730295,75.1530838270746,78.0379942865746,78.44481012250661,79.46127816289189,90.53697806023472,90.5643355601285,90.2500110850036,83.81571515054308,83.15617921147809,83.22087563886721
