images,Original_model_52_homo,Original_model_49_homo,Original_model_42_homo,fog_model_52_homo,fog_model_49_homo,fog_model_42_homo,night_model_52_homo,night_model_49_homo,night_model_42_homo,rain_model_52_homo,rain_model_49_homo,rain_model_42_homo,snow_model_52_homo,snow_model_49_homo,snow_model_42_homo,day_model_52_homo,day_model_49_homo,day_model_42_homo
9773.0,92.17246515911184,91.46630614959582,91.43787209659266,40.6320759234626,39.4105251202292,39.43111449913026,80.93693768545995,81.10484006957945,79.98384385552029,88.73207203519902,88.31889491456052,88.11820935229711,78.84180497288447,79.68504021283127,78.9033879054538,91.18807960708074,90.6990612913128,90.61087117568812
