category,sub-category,images,Original_model_42,rain1_model_42,rain2_model_42,rain3_model_42,rain4_model_42,rain5_model_42,rain6_model_42,rain7_model_42,rain8_model_42,rain9_model_42,rain10_model_42
Dangerous warning,Dangerous warning,2228.0,90.25992818671455,89.95534380610414,89.65837612208259,89.64055475763016,89.48843536804308,89.13781508078996,88.93155026929983,88.45614183123878,88.39249820466787,88.25784380610413,87.95286804308797
Regularoty,Priority ,1041.0,96.4449855907781,96.1581902017291,96.21517002881845,95.98508165225745,96.10076080691643,95.71634582132565,95.73447454370798,95.4467934678194,95.52302977905859,95.48495485110472,95.17875696445724
Regularoty,Prohibitory,3957.0,93.60638867829164,93.0957230224918,92.74154460449837,92.34242203689664,92.1802592873389,91.87179125600203,91.88217892342684,91.35704018195601,91.16544402324993,90.84626787970684,90.52837958049028
Regularoty,Mandatory,1203.0,93.93066500415628,93.93075311720699,93.78112385702411,93.8812319201995,93.88061180382377,93.69895760598506,93.78169576059852,93.5654663341646,93.56540315876975,93.33237073981714,93.16677140482129
Regularoty,Special regulations,1344.0,90.6252455357143,90.19406696428572,90.2672619047619,89.95487797619049,89.74690773809525,89.73287797619048,90.06026190476192,89.25566815476189,88.9879613095238,89.2849761904762,89.00242857142857
