images,Original_model_42_idealnoise,fog_model_42_idealnoise,night_model_42_idealnoise,rain_model_42_idealnoise,snow_model_42_idealnoise,day_model_42_idealnoise
0.0,0.24806637624798994,1.0573015855409424,0.5361213320415791,0.24800036973326553,0.46827854362056287,0.21115377148138362
