category,sub-category,images,Original_model_52,Original_model_49,Original_model_42,fognight_model_52,fognight_model_49,fognight_model_42,fogsnow_model_52,fogsnow_model_49,fogsnow_model_42,fograin_model_52,fograin_model_49,fograin_model_42,rainnight_model_52,rainnight_model_49,rainnight_model_42,snownight_model_52,snownight_model_49,snownight_model_42
Dangerous warning,Dangerous warning,2228.0,90.39559694793536,90.30522351885097,90.52077378815082,73.3210368043088,74.06630341113106,73.90465080789946,68.77081597845601,70.93293357271094,70.08062926391382,73.86055116696589,74.02992280071813,75.18820915619389,88.8428052064632,88.34009874326749,88.5278958707361,81.39088420107721,81.96624955116697,82.06440125673251
Regularoty,Priority ,1041.0,96.57945437079732,95.88816906820367,96.42618251681077,86.70623631123921,86.35906628242074,87.35882228626322,86.74509125840538,87.2624860710855,88.01217098943326,89.93347934678194,89.4145725264169,89.93390970220942,95.08151008645532,94.23691834774256,95.06268395773296,90.52961383285302,89.41480691642651,90.72035158501441
Regularoty,Prohibitory,3957.0,93.82829668941118,93.74274905231235,93.70732271923174,74.73825777103868,75.1729552691433,74.9108612585292,72.25186050037908,72.87328784432653,72.26115693707354,77.11903007328786,77.16911751326762,77.09820470053072,91.02317007834219,91.07456254738437,90.85107556229468,81.9306403841294,82.86575031589588,82.77461713419255
Regularoty,Mandatory,1203.0,94.87932335827098,94.81245885286782,94.54705901911886,79.15244887780548,76.89143640897755,80.69872651704074,80.8316059850374,80.86398004987532,82.1439434746467,85.4032152950956,84.35541812136326,85.08679966749791,93.13376059850374,92.60144970906069,93.5159451371571,87.39858354114713,87.46516375727347,88.1617157107232
Regularoty,Special regulations,1344.0,88.64479761904764,89.53851190476189,91.13148809523808,67.85715625,67.6933824404762,72.41112648809523,73.79496875,73.12550446428573,77.17228422619048,76.08540773809524,76.97936904761904,79.68819047619048,84.28642261904763,85.55109226190477,87.2473705357143,75.5952470238095,77.35113244047618,80.29822619047619
