images,Original_model_42_noiselevelfog,fog1_model_42_noiselevelfog,fog2_model_42_noiselevelfog,fog3_model_42_noiselevelfog,fog4_model_42_noiselevelfog,fog5_model_42_noiselevelfog,fog6_model_42_noiselevelfog,fog7_model_42_noiselevelfog,fog8_model_42_noiselevelfog,fog9_model_42_noiselevelfog,fog10_model_42_noiselevelfog
9773.0,73.62824414202395,73.62824414202395,73.62824414202395,73.62824414202395,73.62824414202395,73.62824414202395,69.79114192162079,68.15898393533205,58.38215798628875,33.716180292642996,2.10763736825949
