category,sub category,images,model_42_epoch_test,model_42_23_val
Dangerous warning,Dangerous warning,2228.0,77.3338330341113,83.54763055194204
Regularoty,Priority ,1041.0,83.09312199807879,93.02510417527904
Regularoty,Prohibitory,3957.0,71.16450341167551,84.80697679640718
Regularoty,Mandatory,1203.0,72.90247714048212,88.23989419087137
Regularoty,Special regulations,1344.0,77.60508928571427,88.37050373134329
