images,Original_model_52_homo,Original_model_49_homo,Original_model_42_homo,fog_model_52_homo,fog_model_49_homo,fog_model_42_homo,night_model_52_homo,night_model_49_homo,night_model_42_homo,rain_model_52_homo,rain_model_49_homo,rain_model_42_homo,snow_model_52_homo,snow_model_49_homo,snow_model_42_homo,day_model_52_homo,day_model_49_homo,day_model_42_homo
9773.0,91.35396091271873,91.10856850506497,91.60990074695589,44.74577611787577,35.68027422490535,39.27106927248541,79.33069579453596,82.0832313516832,79.69943210887138,88.27427606671442,88.22302465977694,87.82346976363449,78.54339302159009,81.24433336744092,79.67825232784203,90.57596336846414,90.63801493911797,90.38147140079815
