category,sub-category,images,Original_model_52,Original_model_49,Original_model_42,fog_model_52,fog_model_49,fog_model_42,night_model_52,night_model_49,night_model_42,rain_model_52,rain_model_49,rain_model_42,snow_model_52,snow_model_49,snow_model_42,day_model_52,day_model_49,day_model_42
Dangerous warning,Dangerous warning,2228.0,90.39559694793536,90.30522351885097,90.52077378815082,73.97678994614004,74.36262028725316,74.26362118491922,89.35321992818672,89.00314183123876,88.69831777378816,89.8474012567325,89.67735547576301,89.9733761220826,83.98564452423699,84.62312028725314,84.65897845601437,90.29643357271094,90.13502782764812,90.43992010771993
Regularoty,Priority ,1041.0,96.57945437079732,95.88816906820367,96.42618251681077,88.31866090297792,87.58825360230547,88.68458213256483,94.61930067243037,93.54438040345822,94.15882997118158,96.32991162343902,95.59967339097021,96.42709317963497,93.42978097982709,92.8912968299712,93.79461287223823,96.44453794428435,95.94622670509128,96.44589433237272
Regularoty,Prohibitory,3957.0,93.82829668941118,93.74274905231235,93.70732271923174,74.82396714682841,75.04708213292898,75.3951938337124,91.53848369977257,91.29098761688147,91.57385797321204,92.7670053070508,92.70133030073288,92.86834723275209,86.04011978771796,86.2877341420268,86.62168764215315,93.56067930250188,93.46995350012637,93.59148142532221
Regularoty,Mandatory,1203.0,94.87932335827098,94.81245885286782,94.54705901911886,82.14452867830424,81.49631421446385,82.61006982543641,90.80688279301746,90.53954114713217,91.62087115544472,94.48051039068994,94.46355943474649,94.16462842892768,91.02277639235247,91.15586866167914,91.23927182044889,94.77964588528678,94.49756940980883,94.47964089775562
Regularoty,Special regulations,1344.0,88.64479761904764,89.53851190476189,91.13148809523808,74.59732142857143,74.09253869047619,77.88755059523808,79.56882291666666,81.53204166666666,83.18492113095239,87.42597916666668,88.39391964285714,90.10306101190476,82.41159077380952,83.33398511904761,85.55008333333333,88.31941666666667,89.19611011904762,90.96763541666667
