category,sub category,images,model_52_epoch_test,model_49_epoch_test,model_42_epoch_test,model_52_28_val,model_49_26_val,model_42_25_val
Dangerous warning,Dangerous warning,2660.0,87.22565639097743,87.09751879699247,87.14297255639097,91.1376021488633,90.69274400498287,90.99922220492058
Regularoty,Priority ,1234.0,93.51710534846029,93.82485656401943,93.83295786061589,95.83157324621733,95.81868878954609,95.86337861072903
Regularoty,Prohibitory,4760.0,87.09470903361346,87.36539558823529,87.15957710084034,91.68443087045435,91.47175157819865,91.93745603271984
Regularoty,Mandatory,1453.0,88.42412869924294,88.43793392980042,88.07274810736408,93.83142190669372,93.49320139090119,94.28831556070705
Regularoty,Special regulations,1620.0,89.2217913580247,89.598512345679,89.32709814814817,94.43650514933059,94.36820494335737,94.6242559217302
