images,Original_model_52_noise,Original_model_49_noise,Original_model_42_noise,fog_model_52_noise,fog_model_49_noise,fog_model_42_noise,night_model_52_noise,night_model_49_noise,night_model_42_noise,rain_model_52_noise,rain_model_49_noise,rain_model_42_noise,snow_model_52_noise,snow_model_49_noise,snow_model_42_noise,day_model_52_noise,day_model_49_noise,day_model_42_noise
9773.0,88.91939363552645,88.06930655888672,89.38997892151846,73.04302230635423,74.25590299805587,74.30899693031822,81.87128527575973,81.3362796480098,82.04541174664894,82.17326665302366,81.58164074490944,83.32645912207101,61.969835976670424,59.4955891742556,63.11259521129642,88.69746608001635,88.01990606773765,89.25382901872506
