filter,ideal_52,ideal_49,ideal_42,idealnoise_52,idealnoise_49,idealnoise_42
Original,93.67651488795661,94.16706743067638,94.92559296019645,92.91945871278011,92.91912514069372,92.94980967972987
fog,39.86463624270951,40.67286503632456,42.596850506497496,76.33265425150927,76.62865547938196,78.52291722091476
night,89.34730277294585,88.93922746341963,89.31765169344114,90.2786626419728,89.79811112248028,89.82898188887751
rain,91.84480712166174,92.28469968279956,93.19595415941882,92.09112248030287,91.96698147958662,92.2336631535864
snow,83.04578839660289,83.37280568914356,84.05770694771309,86.92368975749514,86.95429960094138,87.52644428527577
day,93.36023943517856,93.66620280364269,94.19788191957434,92.71495344315973,92.63219686892458,92.84733449299091
