category,sub-category,images,Original_model_42,fog_model_42,night_model_42,rain_model_42,snow_model_42,day_model_42
Dangerous warning,Dangerous warning,2228.0,93.22755834829442,45.04956283662477,91.39601705565529,92.20885188509872,84.35403904847396,93.25452289048474
Regularoty,Priority ,1041.0,97.12758405379442,62.71919788664744,94.08227761767532,96.69591834774255,91.02853025936598,96.98329106628243
Regularoty,Prohibitory,3957.0,95.59009603234773,38.11755041698256,89.58307556229467,93.7500045489007,83.37633333333333,95.1301928228456
Regularoty,Mandatory,1203.0,95.67667664172902,44.26448628428928,90.59057772236073,94.60536907730673,88.01359767248546,95.45264339152119
Regularoty,Special regulations,1344.0,90.61019270833333,42.10586011904762,79.91840848214287,87.61843898809524,79.48645089285715,88.86173288690478
