category,sub category,images,model_52_epoch_test,model_49_epoch_test,model_42_epoch_test,model_52_27_val,model_49_25_val,model_42_26_val
Dangerous warning,Dangerous warning,2228.0,94.10286265709156,94.10761355475763,94.15691292639137,94.02465099423898,93.4612217060026,93.64650120795393
Regularoty,Priority ,1041.0,96.27319116234389,96.23529682997116,96.9354851104707,96.67713269946258,96.73270566349733,96.52981934683753
Regularoty,Prohibitory,3957.0,94.56418650492797,94.5412317412181,94.78886277482943,94.37384644995726,94.54764189478188,94.39141434987168
Regularoty,Mandatory,1203.0,95.26177639235246,95.28627847049044,95.23642310889443,95.51829564315352,95.94542773167358,96.15999757952974
Regularoty,Special regulations,1344.0,94.62840848214287,94.94815922619048,95.02188541666668,95.2923289800995,95.42776741293532,95.73947356965175
