images,Original_model_42_ideallevelfog,fog1_model_42_ideallevelfog,fog2_model_42_ideallevelfog,fog3_model_42_ideallevelfog,fog4_model_42_ideallevelfog,fog5_model_42_ideallevelfog,fog6_model_42_ideallevelfog,fog7_model_42_ideallevelfog,fog8_model_42_ideallevelfog,fog9_model_42_ideallevelfog,fog10_model_42_ideallevelfog
9773.0,94.13694771308707,94.09204175525161,93.92931391013506,93.361605012995,92.43916443151514,90.83186609590388,88.52278754709444,85.13488675653382,80.81191650598589,74.46898379129328,66.58514212437139
