category,sub-category,images,Original_model_42,fog1_model_42,fog2_model_42,fog3_model_42,fog4_model_42,fog5_model_42,fog6_model_42,fog7_model_42,fog8_model_42,fog9_model_42,fog10_model_42
Dangerous warning,Dangerous warning,2228.0,90.68297307001795,87.715131508079,86.44969030520646,84.62302737881508,81.64756059245963,77.01518132854578,69.31256732495513,56.93932719928186,36.579629712746865,13.047772441651706,0.6190911131059247
Regularoty,Priority ,1041.0,96.03227377521614,95.10115177713737,94.4477060518732,93.84215850144093,92.70885878962535,91.52726897214218,88.99171757925072,84.32210374639772,75.45744380403457,54.03455523535062,5.658347742555234
Regularoty,Prohibitory,3957.0,93.43675739196361,90.56854814253224,89.1001278746525,87.45270356330553,84.01837907505686,79.43943593631539,72.4840950214809,61.8625299469295,44.9957402072277,21.31413040181956,1.280986353297953
Regularoty,Mandatory,1203.0,94.80444970906068,93.05887198669993,91.78720698254365,90.29129675810475,87.89726600166253,83.82390108063176,77.08206317539485,64.88781296758103,44.172713216957604,16.33435328345802,1.013891936824605
Regularoty,Special regulations,1344.0,89.66530133928572,87.58977455357144,86.10829092261905,84.46448586309525,81.96478869047618,78.81668750000001,73.77181175595237,66.65152604166664,56.04146726190477,38.67573511904762,11.473386904761906
