category,sub-category,images,Original_model_42,fog1_model_42,fog2_model_42,fog3_model_42,fog4_model_42,fog5_model_42,fog6_model_42,fog7_model_42,fog8_model_42,fog9_model_42,fog10_model_42
Dangerous warning,Dangerous warning,2228.0,60.547576301615806,60.547576301615806,60.547576301615806,66.06822262118493,60.547576301615806,60.547576301615806,60.547576301615806,60.547576301615806,55.685704667863554,60.547576301615806,60.547576301615806
Regularoty,Priority ,1041.0,92.89145052833814,92.89145052833814,92.89145052833814,92.89145052833814,92.89145052833814,92.89145052833814,81.49329490874159,81.49329490874159,81.49329490874159,70.09171950048031,70.09171950048031
Regularoty,Prohibitory,3957.0,80.28809704321456,80.28809704321456,80.28809704321456,80.28809704321456,80.28809704321456,74.61460702552438,71.77154409906494,65.88324488248674,57.0381602223907,62.547384382107666,47.97826636340662
Regularoty,Mandatory,1203.0,68.4954280964256,68.4954280964256,68.4954280964256,68.4954280964256,68.4954280964256,68.4954280964256,68.4954280964256,59.933499584372406,68.4954280964256,44.970906068162925,68.4954280964256
Regularoty,Special regulations,1344.0,63.31691964285714,63.31691964285714,63.31691964285714,63.31691964285714,70.98214285714286,63.31691964285714,63.31691964285714,50.07287202380952,38.31691964285714,45.982142857142854,22.991071428571427
