category,sub category,images,model_52_epoch_test,model_49_epoch_test,model_42_epoch_test,model_52_24_val,model_49_25_val,model_42_26_val
Dangerous warning,Dangerous warning,2692.0,84.54634472511144,83.95382243684992,84.10203194650815,88.96922921208346,87.37088913111178,86.81692930551229
Regularoty,Priority ,1243.0,90.91218825422366,89.30207562349156,90.10254223652456,94.79054091064705,95.00869565217393,95.91745292707976
Regularoty,Prohibitory,4765.0,84.15365792235046,83.39881636935993,84.07066526757608,89.2289461024499,89.285029844098,89.3494262806236
Regularoty,Mandatory,1433.0,85.97237962316818,84.43743893928823,85.83448709002094,93.06178086152067,92.4073662908355,93.2468083261058
Regularoty,Special regulations,1594.0,86.95282308657465,86.07392095357591,87.0152070263488,93.54303989703992,93.08882882882885,94.4813178893179
