category,sub category,images,model_52_epoch_test,model_49_epoch_test,model_42_epoch_test,model_52_24_val,model_49_23_val,model_42_27_val
Dangerous warning,Dangerous warning,2228.0,94.10286265709156,94.1076135547576,94.15691292639137,94.02465099423898,93.46122170600259,93.64650120795392
Regularoty,Priority ,1041.0,96.27319116234388,96.23529682997116,96.93548511047071,96.67713269946258,96.73270566349733,96.52981934683753
Regularoty,Prohibitory,3957.0,94.56418650492797,94.54123174121808,94.78886277482943,94.37384644995724,94.54764189478188,94.39141434987171
Regularoty,Mandatory,1203.0,95.26177639235246,95.28627847049046,95.23642310889441,95.51829564315354,95.94542773167356,96.15999757952974
Regularoty,Special regulations,1344.0,94.62840848214286,94.94815922619048,95.02188541666666,95.29232898009951,95.42776741293531,95.73947356965174
