category,sub-category,images,Original_model_52,Original_model_49,Original_model_42,fognight_model_52,fognight_model_49,fognight_model_42,fogsnow_model_52,fogsnow_model_49,fogsnow_model_42,fograin_model_52,fograin_model_49,fograin_model_42,rainnight_model_52,rainnight_model_49,rainnight_model_42,snownight_model_52,snownight_model_49,snownight_model_42
Dangerous warning,Dangerous warning,2228.0,91.02351885098743,90.17136445242369,90.48446140035907,71.99316876122083,71.40908886894074,74.10125673249551,69.25520197486536,69.21040394973069,69.12014811490124,73.29595152603233,71.58803411131059,73.56442549371634,89.22890035906642,89.0934829443447,87.70224416517057,83.30425942549373,81.95912028725316,81.05882405745064
Regularoty,Priority ,1041.0,97.21424591738715,96.4454274735831,96.44604226705091,87.13100864553314,87.41669548511047,88.76094140249761,87.99521613832853,87.51225744476466,88.47336215177712,90.48954851104708,90.10853986551393,90.29605187319885,96.15632084534101,94.71819404418828,95.00716618635929,92.40895292987513,89.43493756003843,91.35659942363112
Regularoty,Prohibitory,3957.0,93.55607025524388,93.73225423300478,93.85897649734648,73.31261056355825,74.65241344452869,75.25871114480664,72.02383623957542,73.36318423047761,72.32656810715189,75.91476623704828,77.48224159716958,78.64448066717208,91.25533737680061,91.45830932524639,90.39610058124842,83.24420520596414,82.91593378822341,82.10644427596662
Regularoty,Mandatory,1203.0,94.92943474646718,94.67871986699916,94.51399833748961,79.96650041562759,78.22197838736493,80.4669991687448,81.54856192851206,80.54858686616791,80.71372402327513,84.12361596009976,84.12405652535328,85.61856192851205,93.43212801330007,92.4359684123026,93.01683291770576,88.44649210307566,87.53226932668329,86.94872817955111
Regularoty,Special regulations,1344.0,89.06247023809524,90.77387648809521,90.25183779761903,68.52430059523809,67.48597470238094,70.01524553571429,72.24521577380952,74.03347470238094,77.23263392857143,74.6260119047619,77.60288690476189,78.19852678571428,84.52170386904764,86.60709077380953,86.90590029761908,79.09134672619047,77.00691964285714,79.24286458333334
