category,sub-category,images,Original_model_52,Original_model_49,Original_model_42,fog_model_52,fog_model_49,fog_model_42,night_model_52,night_model_49,night_model_42,rain_model_52,rain_model_49,rain_model_42,snow_model_52,snow_model_49,snow_model_42,day_model_52,day_model_49,day_model_42
Dangerous warning,Dangerous warning,0.0,0.6068068568825081,0.6335215110462402,0.7635240058758168,3.4336286837350283,3.1642335596787907,2.6095695379134947,0.8156340309174224,1.1332003176516234,1.1597179450905586,0.687680546088425,0.8738887720406644,0.9819802454661425,1.45265375753828,2.122268343990285,2.6634225049085885,0.5993616246585698,0.572078237876827,0.7805257665984117
Regularoty,Priority ,0.0,0.5966550980106591,0.5236430645052484,0.42771375028114833,2.0753421123997486,3.293168083963176,2.207426434231265,0.7995796537607502,1.7041523303968842,0.7032013316339769,0.692826881436553,0.8066711657829714,0.7893465355346586,1.9787742293152497,1.7653053889857238,2.04857850592068,0.44967105570427834,0.5696485019587076,0.442548190196324
Regularoty,Prohibitory,0.0,0.3017502921994474,0.22360208082000219,0.3437852412104008,2.5517036919565603,2.9708560132378095,2.4059194041393392,0.556141269480982,0.6773187550397126,0.6246299059534768,0.8406209377509104,0.8789246891302247,0.7838886738352226,1.935112809355466,2.286910271452236,2.734316908404319,0.2972469867858106,0.24183768684277376,0.3848763543351639
Regularoty,Mandatory,0.0,0.42260725482463496,0.3267599535456416,0.3056100172069499,3.156502206695954,2.3782281276235007,2.7059821457743363,1.1748852616448917,0.8027052723398106,1.2620764784960592,0.705289326123101,0.5545487821493562,0.8309717926971858,2.74952796983395,2.194444591805534,1.7691992752041916,0.4340168809496056,0.3427082220318416,0.32511046324548215
Regularoty,Special regulations,0.0,2.0298808475414423,1.7278190013431,1.5192035189511701,3.1396703322977864,3.8761413045159223,4.288031931807596,2.8124034637847974,2.8085304862845213,2.5789854030184323,2.1858647479006303,1.5573868001601066,1.8832935912765676,3.333175648799194,2.3854187089507173,2.1938002789872706,2.020590043103093,1.7851017539148377,1.5802796588387793
