category,sub category,images,model_42_epoch_test,model_42_25_val
Dangerous warning,Dangerous warning,2228.0,94.13398429084378,94.50740996097382
Regularoty,Priority ,1041.0,96.85902785782902,97.39937866887144
Regularoty,Prohibitory,3957.0,94.82953778114732,95.63865911035073
Regularoty,Mandatory,1203.0,95.24470573566084,96.77422060857539
Regularoty,Special regulations,1344.0,95.01411011904763,96.32330534825871
