category,sub category,images,model_52_epoch_test,model_49_epoch_test,model_42_epoch_test,model_52_25_val,model_49_25_val,model_42_25_val
Dangerous warning,Dangerous warning,2076.8,78.31942743784637,75.9964705843611,75.76302983032159,75.7627294485142,76.30927894622319,75.75521969196338
Regularoty,Priority ,1026.2,88.67475381538911,83.91773323518572,83.70707809589658,86.53067214905805,82.9986302770478,85.98324180594106
Regularoty,Prohibitory,3825.2,79.22789778138028,76.73204577743184,78.66717787715824,77.78521620652941,77.99534384391322,77.32542357642595
Regularoty,Mandatory,1127.2,75.74311886949295,75.49454862842893,76.07668661679136,76.2769723374827,76.42590041493776,76.8739764868603
Regularoty,Special regulations,1266.0,84.14304158243488,87.88197335467207,88.82000014038636,80.93163670098927,86.47513030968713,84.84083621292385
