category,sub-category,images,Original_model_52,Original_model_49,Original_model_42,fog_model_52,fog_model_49,fog_model_42,night_model_52,night_model_49,night_model_42,rain_model_52,rain_model_49,rain_model_42,snow_model_52,snow_model_49,snow_model_42,day_model_52,day_model_49,day_model_42
Dangerous warning,Dangerous warning,2228.0,86.91680655296229,86.1579066427289,87.44156418312389,71.84460816876121,73.74300224416518,73.7885803411131,83.06556777378816,82.80538509874327,83.41552692998205,81.26123922800718,80.43971454219029,82.00133976660682,62.31579398563734,60.825904398563736,64.27741068222622,86.5711342010772,86.04541965888689,87.3698303411131
Regularoty,Priority ,1041.0,93.79416330451487,93.63062728146014,94.1796051873199,88.0788078770413,86.58103746397695,87.10906916426512,89.99056772334293,89.8277204610951,90.50975888568685,92.03640537944287,91.2587771373679,91.90254755043229,80.33610854947165,77.9154841498559,79.80799807877041,93.81374255523534,93.45829875120077,94.01497982708936
Regularoty,Prohibitory,3957.0,89.39351781652765,88.71650593884256,89.8984473085671,68.40020015163003,70.78900555976747,70.26790573666919,83.31783345969168,83.26984281020974,84.12697750821329,79.48962749557747,79.74174298711144,81.70826282537276,55.56472125347485,53.6796679302502,57.72038792014151,89.03437351528937,88.58213520343693,89.59040207227699
Regularoty,Mandatory,1203.0,92.94244389027432,92.1031088944306,92.70112053200336,78.68672817955112,79.44298503740649,78.66195261845387,79.55089775561098,77.56424438902742,78.15439900249376,87.11543391521198,85.64415627597671,86.51675893599335,65.18786034912718,60.61530423940148,64.03994846217788,92.90136741479634,92.26094430590192,92.7343034081463
Regularoty,Special regulations,1344.0,83.46648437500001,81.41427083333332,84.4493199404762,72.00141741071428,71.12400669642855,73.2588519345238,71.42069047619049,70.00733035714286,70.57229464285714,79.52311979166666,77.75990104166667,80.78920461309524,63.14816294642857,59.14404910714286,63.29580580357142,83.50474851190475,81.62934002976189,84.58296651785716
