images,Original_model_42_idealnoise,fog_model_42_idealnoise,night_model_42_idealnoise,rain_model_42_idealnoise,snow_model_42_idealnoise,day_model_42_idealnoise
9773.0,93.06552205054743,78.20445891742557,89.96526941573724,92.26940335618542,88.8353847334493,92.8375421058017
