category,sub-category,images,Original_model_42,rain1_model_42,rain2_model_42,rain3_model_42,rain4_model_42,rain5_model_42,rain6_model_42,rain7_model_42,rain8_model_42,rain9_model_42,rain10_model_42
Dangerous warning,Dangerous warning,2228.0,61.20635098743268,66.06822262118493,66.06822262118493,61.20635098743268,66.06822262118493,66.06822262118493,66.06822262118493,61.20635098743268,66.06822262118493,66.06822262118493,66.06822262118493
Regularoty,Priority ,1041.0,92.89145052833814,92.89145052833814,92.89145052833814,92.89145052833814,92.89145052833814,92.89145052833814,92.89145052833814,92.89145052833814,92.89145052833814,92.89145052833814,82.54082612872237
Regularoty,Prohibitory,3957.0,73.93227192317411,70.87439979782664,74.15971695729088,67.86707101339398,77.21758908263836,74.21026029820571,70.87439979782664,74.21026029820571,73.76800606520091,70.92494313874147,74.15971695729088
Regularoty,Mandatory,1203.0,68.4954280964256,68.4954280964256,68.4954280964256,68.4954280964256,68.4954280964256,68.4954280964256,68.4954280964256,68.4954280964256,68.4954280964256,68.4954280964256,68.4954280964256
Regularoty,Special regulations,1344.0,70.98214285714286,70.98214285714286,70.98214285714286,70.98214285714286,70.98214285714286,70.98214285714286,70.98214285714286,70.98214285714286,70.98214285714286,70.98214285714286,70.98214285714286
