category,sub-category,images,Original_model_42,rain1_model_42,rain2_model_42,rain3_model_42,rain4_model_42,rain5_model_42,rain6_model_42,rain7_model_42,rain8_model_42,rain9_model_42,rain10_model_42
Dangerous warning,Dangerous warning,2228.0,92.59497307001796,92.64902872531418,92.54162657091562,92.11869748653501,91.89543447037701,91.4901014362657,91.31997037701974,90.97873698384201,90.85280879712748,90.2875448833034,90.1890933572711
Regularoty,Priority ,1041.0,96.7323823246878,96.81071469740634,96.71504707012487,96.7161594620557,96.44663592699327,96.40702785782901,96.52315850144092,96.13963880883766,96.02351969260327,95.98478194044188,95.35037656099904
Regularoty,Prohibitory,3957.0,95.04705332322465,94.5709557745767,94.14685519332829,93.66159969673996,93.39874399797826,92.81241546626231,92.49978771796815,91.71615617892341,91.5645145312105,91.36272782410916,90.83122820318422
Regularoty,Mandatory,1203.0,94.92930174563593,94.7292867830424,94.79628595178721,94.63019950124689,94.67966749792186,94.61349792186202,94.38108395677475,94.54706234413966,93.96496093100582,93.73304738154613,93.83279634247715
Regularoty,Special regulations,1344.0,91.29407738095239,91.3545193452381,91.20433184523809,90.62505654761902,90.01414732142857,90.07429166666665,89.22603720238092,88.8850982142857,88.76565625,88.31859970238092,88.43721875
