images,Original_model_42_ideal,fog_model_42_ideal,night_model_42_ideal,rain_model_42_ideal,snow_model_42_ideal,day_model_42_ideal
9773.0,94.5410790954671,43.6235251202292,89.27054261741532,92.97451979944745,84.45019932467002,94.07761741532794
