images,Original_model_42_ideal,fog_model_42_ideal,night_model_42_ideal,rain_model_42_ideal,snow_model_42_ideal,day_model_42_ideal
0.0,0.2493312033354583,1.4569024370144341,0.6685793267394687,0.28086250689874087,0.568218860622508,0.23614934250720018
