images,Original_model_52_norm,Original_model_49_norm,Original_model_42_norm,fog_model_52_norm,fog_model_49_norm,fog_model_42_norm,night_model_52_norm,night_model_49_norm,night_model_42_norm,rain_model_52_norm,rain_model_49_norm,rain_model_42_norm,snow_model_52_norm,snow_model_49_norm,snow_model_42_norm,day_model_52_norm,day_model_49_norm,day_model_42_norm
9773.0,94.59950127903407,94.3947690576077,94.84878624782564,50.391674204440804,52.55723810498313,52.780564821446845,91.69357474675124,91.76909710426685,92.03342105801698,88.35342453698968,88.40662191752787,88.7306247825642,69.15398137726388,70.6091554282206,70.75838862171288,94.55013117773458,94.37646168013916,94.83065077253659
