category,sub-category,images,Original_model_52,Original_model_49,Original_model_42,fog_model_52,fog_model_49,fog_model_42,night_model_52,night_model_49,night_model_42,rain_model_52,rain_model_49,rain_model_42,snow_model_52,snow_model_49,snow_model_42,day_model_52,day_model_49,day_model_42
Dangerous warning,Dangerous warning,2228.0,93.18721813285458,92.6930646319569,93.08009694793535,40.55670825852782,42.95335727109515,45.242357271095145,91.66959066427289,90.02746858168761,91.01417594254937,91.79632136445242,91.39110053859963,91.98480610412926,83.43783213644524,83.88739587073607,84.38051885098744,93.06124506283663,92.55868671454219,92.95390035906644
Regularoty,Priority ,1041.0,96.98247838616714,97.25328530259365,96.94401921229587,61.03647262247839,63.28455139289146,62.18987704130643,93.71818443804035,93.77618828049954,92.71830163304516,96.56224783861671,96.7718693563881,96.69604418828051,90.7792814601345,90.85600384245917,91.23850528338137,96.67654947166186,97.15653794428435,96.83008837656101
Regularoty,Prohibitory,3957.0,95.65299064948192,95.55760020217335,95.60303917108921,34.53612939095275,36.07797675006318,39.742397776093,90.53845387920141,89.5624326509982,89.8562653525398,93.58089764973465,93.59091079100328,93.99008188021227,82.30965074551429,83.45698610058125,83.37614809198887,95.16847510740459,94.97635430881981,95.17818852666161
Regularoty,Mandatory,1203.0,95.17840066500415,95.24511720698254,95.92701745635911,40.116447215295096,42.71038736492103,44.15618453865336,90.40713216957607,90.73978054862842,90.63946965918535,94.39618121363257,93.94781546134662,94.77907065669162,87.76442560266001,88.21299418121363,88.8448379052369,95.07861180382378,95.12859517871985,95.44442394014962
Regularoty,Special regulations,1344.0,88.10950446428572,89.85071875,91.29496130952381,37.32193005952381,38.60069345238095,42.782934523809516,78.5863913690476,81.36887202380952,79.88114136904763,84.73270386904763,87.18807142857142,88.4371711309524,76.02693452380953,79.06349702380952,81.01169345238095,86.89007440476192,88.46716815476191,89.80604613095238
