category,sub-category,images,Original_model_52,Original_model_49,Original_model_42,fog_model_52,fog_model_49,fog_model_42,night_model_52,night_model_49,night_model_42,rain_model_52,rain_model_49,rain_model_42,snow_model_52,snow_model_49,snow_model_42,day_model_52,day_model_49,day_model_42
Dangerous warning,Dangerous warning,2228.0,92.89079084380612,92.54052154398565,93.0249120287253,48.99426032315978,51.79529892280071,51.07738599640934,91.6520538599641,90.42283213644525,91.50911490125672,87.02834919210055,87.23527648114903,87.12821364452424,69.02147127468581,70.15254039497309,71.21180969479354,92.77393985637343,92.58511220825854,93.04339317773787
Regularoty,Priority ,1041.0,97.1930566762728,97.11666858789626,97.44429971181556,75.04203458213257,75.36954082612873,77.98252065321807,95.79350624399616,96.13753506243997,96.2928664745437,95.29239961575408,95.40796733909703,95.83129875120076,82.34488184438041,83.01661095100864,83.92030547550432,97.25144284341978,97.15667243035543,97.4061191162344
Regularoty,Prohibitory,3957.0,95.8913095779631,95.50714682840535,95.86073136214304,43.75077028051554,45.41864442759667,45.40859388425575,93.06569370735406,92.87298711144805,92.95416578215819,86.86880667172099,86.7065691180187,87.0057068486227,63.204828910790994,64.97405660854183,64.99941268637858,95.83996613596159,95.44139651250947,95.80991256002022
Regularoty,Mandatory,1203.0,96.359072319202,95.69352119700748,96.22513715710723,53.43307730673316,55.644171238570244,55.42840232751455,93.71559933499584,93.28373566084788,93.91499418121364,92.88488445552787,91.90359434746468,92.33571903574398,77.33986367414796,77.87200166251039,76.69143308395678,96.32595178719868,95.69343308395676,96.22498753117206
Regularoty,Special regulations,1344.0,90.04493749999999,90.92281101190477,91.65060565476189,50.44499404761905,54.405324404761906,55.41820386904762,82.73710863095238,86.01145684523809,85.20838541666664,85.49038988095238,86.80067559523809,87.73876636904761,69.34496726190476,71.84580654761905,71.45707738095238,90.01523511904762,90.87844345238094,91.66742261904763
