category,sub category,images,model_42_epoch_test,model_42_28_val
Dangerous warning,Dangerous warning,2228.0,94.13398429084381,94.50740996097379
Regularoty,Priority ,1041.0,96.85902785782903,97.39937866887142
Regularoty,Prohibitory,3957.0,94.82953778114731,95.63865911035073
Regularoty,Mandatory,1203.0,95.24470573566086,96.77422060857539
Regularoty,Special regulations,1344.0,95.01411011904764,96.3233053482587
