category,sub-category,images,Original_model_42,fog1_model_42,fog2_model_42,fog3_model_42,fog4_model_42,fog5_model_42,fog6_model_42,fog7_model_42,fog8_model_42,fog9_model_42,fog10_model_42
Dangerous warning,Dangerous warning,2228.0,90.57499775583483,90.39572262118493,90.47614362657092,90.21567818671454,90.13966876122083,89.53807181328546,89.23717863554756,88.44722082585278,87.45497037701975,86.00983572710952,83.79732181328545
Regularoty,Priority ,1041.0,96.29141210374641,96.39735830931798,96.30110662824208,96.09007204610951,96.04225072046108,96.03243131604226,95.65849087415945,95.29392891450529,95.02461191162345,94.44768299711816,93.36273006724302
Regularoty,Prohibitory,3957.0,93.78801592115238,93.62897548647966,93.52317538539297,93.47754485721505,93.14149658832447,92.88355142784938,92.31224210260297,91.56166641394995,90.54841268637855,88.87001794288604,86.78513646702046
Regularoty,Mandatory,1203.0,94.92873566084789,94.88794264339154,95.01235577722362,94.92983208645055,94.6633374896093,94.51386616791356,94.37200498753118,93.76525935162095,92.98421529509561,92.20304655029095,90.53132751454697
Regularoty,Special regulations,1344.0,90.90062797619048,91.01820907738096,91.03471502976188,90.8926510416667,90.46119345238097,90.20816517857142,89.79897023809524,89.08562872023812,88.07202901785715,86.80797098214288,84.93301339285713
