filter,ideal_52,ideal_49,ideal_42,idealnoise_52,idealnoise_49,idealnoise_42
Original,94.13665773048193,94.26189337971964,94.6181352706436,92.7553060472731,92.74110590402128,93.01960994576896
fog,39.801446638698465,41.70672055663563,44.34876250895324,76.93820935229715,76.88949473037961,77.78364494014122
night,89.4751898086565,89.1354218765988,89.14970981274942,89.63231597257752,89.5748767011153,90.04577836897575
rain,92.37516381868411,92.59164146116852,93.15463665200042,91.95733735802723,91.94522275657424,92.36671421262663
snow,83.27645697329379,84.32447395886626,84.79060206691905,86.47321702650159,86.80467635321804,87.35931341450937
day,93.69919451550189,93.78100051161361,94.14104901258568,92.5529556942597,92.51218847846107,92.92554179883352
