category,sub-category,images,Original_model_42,fognight_model_42,fogsnow_model_42,fograin_model_42,rainnight_model_42,snownight_model_42
Dangerous warning,Dangerous warning,2228.0,90.51241382405745,69.35771454219031,60.71352872531419,69.99998159784559,72.80088689407542,52.30726885098743
Regularoty,Priority ,1041.0,95.90732853025936,77.83936407300673,81.79648607108551,86.6092065321806,81.5857512007685,65.20587223823247
Regularoty,Prohibitory,3957.0,93.47994692949203,65.4463540561031,62.552160727824116,70.87681122062168,71.69553853929742,51.07622693960071
Regularoty,Mandatory,1203.0,94.67983042394016,60.98057273482958,71.43019534497088,77.98891770573564,76.82441978387365,59.42642227763923
Regularoty,Special regulations,1344.0,89.43429241071428,53.36398511904762,67.33648958333333,72.61878125000001,67.26216666666667,48.48229241071428
