images,Original_model_42_noiselevelfog,fog1_model_42_noiselevelfog,fog2_model_42_noiselevelfog,fog3_model_42_noiselevelfog,fog4_model_42_noiselevelfog,fog5_model_42_noiselevelfog,fog6_model_42_noiselevelfog,fog7_model_42_noiselevelfog,fog8_model_42_noiselevelfog,fog9_model_42_noiselevelfog,fog10_model_42_noiselevelfog
9773.0,75.8260497672158,74.58473016486592,74.39490900072265,75.39089917118592,74.68428336747249,74.11154443689324,73.69284162125763,74.07179977409152,72.31795759899725,71.67230047353246,70.52023009324593
