category,sub category,images,model_52_epoch_test,model_49_epoch_test,model_42_epoch_test,model_52_29_val,model_49_30_val,model_42_31_val
Dangerous warning,Dangerous warning,2228.0,94.8383303411131,94.25577199281865,94.52442100538599,94.27024344917302,93.98702099981418,94.35204980486898
Regularoty,Priority ,1041.0,97.69118155619596,97.02086455331413,97.40430355427473,98.08513435303846,97.12372054568003,97.26798677139313
Regularoty,Prohibitory,3957.0,96.23518069244379,95.37624210260299,95.88061662875916,95.71234067579127,95.18064798973481,96.03167557741656
Regularoty,Mandatory,1203.0,96.17571903574397,96.25986699916875,96.34140482128014,96.27954011065006,96.70844744121713,96.5849550484094
Regularoty,Special regulations,1344.0,95.38573660714285,94.34438244047618,94.64110863095236,95.84235074626865,96.56601990049751,96.67596393034825
