category,sub-category,images,Original_model_52,Original_model_49,Original_model_42,fog_model_52,fog_model_49,fog_model_42,night_model_52,night_model_49,night_model_42,rain_model_52,rain_model_49,rain_model_42,snow_model_52,snow_model_49,snow_model_42,day_model_52,day_model_49,day_model_42
Dangerous warning,Dangerous warning,0.0,2.2342894519095573,2.71603679786275,1.759741839958649,3.00669856775385,3.1952649739266006,1.8628478133999367,2.958882260141845,3.662743855666045,2.935017071268183,2.7054577102502275,2.9799421290047006,1.4237755607581826,5.017770019351631,5.041490753035953,2.1357103458879005,2.271729809938645,2.6300165407258858,1.715983734681401
Regularoty,Priority ,0.0,0.7911697853312781,1.2993258200052762,1.2514705366588912,1.9794696270094927,2.22109195650823,2.2836698465487033,1.3270736649706705,2.4846859146894364,1.783404816308091,1.0780357858428347,1.6160026099614209,1.233765084853693,3.5933458416156276,3.8868892816846023,2.074933887355871,0.671447715013676,1.374092301268736,1.1913303162701234
Regularoty,Prohibitory,0.0,1.405308115870587,2.495659249254238,2.1579912936738763,3.9730917571384925,4.4809861024259705,3.741641212839349,3.0128633486219862,3.3818414109758868,2.8284429729325513,2.90128145114669,3.3452276571388513,1.9911800823121646,5.750609798487861,4.6802405583069815,2.1637063797279925,1.4783285283360494,2.5040700967362337,2.2290323282668334
Regularoty,Mandatory,0.0,0.7742753414786112,1.6653260803554266,1.6162457526381375,2.9765259947907663,3.9708470604914266,4.609140072809552,5.69231019458925,7.168829891993046,7.5108986806860845,1.4650645524376633,2.855776245429047,3.328542879682675,5.182530508239931,6.499529577342177,7.712181268251565,0.6191323548795751,1.6847454655828924,1.6468252696360486
Regularoty,Special regulations,0.0,3.579983600254972,2.777872601408644,2.9216543925310607,3.739292269762402,3.0370316277835485,2.6192120511322847,4.1477888533869125,3.5678058464220506,4.758737407749847,2.893596664981509,3.3509220433790463,2.976369807737869,1.430765932499053,4.580742655234657,3.895425046290385,3.4963198013350243,2.865853971930174,2.818353528631094
