images,Original_model_42_noiselevelfog,fog1_model_42_noiselevelfog,fog2_model_42_noiselevelfog,fog3_model_42_noiselevelfog,fog4_model_42_noiselevelfog,fog5_model_42_noiselevelfog,fog6_model_42_noiselevelfog,fog7_model_42_noiselevelfog,fog8_model_42_noiselevelfog,fog9_model_42_noiselevelfog,fog10_model_42_noiselevelfog
9773.0,71.58508953238514,29.433153586411535,44.31705719840377,63.466755346362426,67.83240356083085,68.10856441215594,71.45195948020056,70.48256216105597,70.34698454926838,71.58508953238514,71.45195948020056
