category,sub category,images,model_52_epoch_test,model_49_epoch_test,model_42_epoch_test,model_52_25_val,model_49_26_val,model_42_25_val
Dangerous warning,Dangerous warning,2228.0,94.52353680430879,94.07596947935366,94.21030969479352,94.26764913584836,93.5653131388218,94.57244378368334
Regularoty,Priority ,1041.0,97.30879923150816,96.25280499519691,97.50115273775216,97.81099627945432,97.94283174865647,96.98404299297229
Regularoty,Prohibitory,3957.0,95.07224159716958,94.92113975233762,94.44017184735911,95.0422636869119,94.7514103934987,94.57492087254062
Regularoty,Mandatory,1203.0,95.42656691604321,96.34346633416459,95.51102244389027,96.27835753803596,96.04623443983404,95.58711964038726
Regularoty,Special regulations,1344.0,94.79174107142858,93.97502976190478,94.12059523809523,95.63950248756218,96.54445895522387,97.41353233830846
