category,sub category,images,model_52_epoch_test,model_49_epoch_test,model_42_epoch_test,model_52_26_val,model_49_26_val,model_42_26_val
Dangerous warning,Dangerous warning,2228.0,93.49314183123877,91.42719030520647,94.03004937163377,92.8813008734436,91.68598401784055,93.85173945363317
Regularoty,Priority ,1041.0,95.28942363112391,95.00475504322765,97.02363112391932,96.70948739148407,95.08764365440263,97.25520876395204
Regularoty,Prohibitory,3957.0,94.64341925701291,92.74662623199393,95.65416477129138,95.11247968349016,92.24272882805816,96.06638579982892
Regularoty,Mandatory,1203.0,94.1800166251039,93.01686616791355,95.17725685785537,94.360622406639,94.82560165975103,96.04344052558783
Regularoty,Special regulations,1344.0,93.89930803571428,92.55783482142857,94.86706101190477,95.98342972636814,94.31261504975123,95.40482898009951
