images,Original_model_52_noise,Original_model_49_noise,Original_model_42_noise,fognight_model_52_noise,fognight_model_49_noise,fognight_model_42_noise,fogsnow_model_52_noise,fogsnow_model_49_noise,fogsnow_model_42_noise,fograin_model_52_noise,fograin_model_49_noise,fograin_model_42_noise,rainnight_model_52_noise,rainnight_model_49_noise,rainnight_model_42_noise,snownight_model_52_noise,snownight_model_49_noise,snownight_model_42_noise
9773.0,92.7553060472731,92.74110590402128,93.01960994576896,75.28703182236775,75.29511920597565,76.37608676967155,74.27038677990382,74.98193696920086,75.33371779392203,78.61873713291723,78.61631801903204,79.36953586411542,90.29173969098538,90.2163745011767,90.60250281387496,82.52535250179065,83.16606016576281,83.7816322521232
