images,Original_model_52_baseline,Original_model_49_baseline,Original_model_42_baseline,fog_model_52_baseline,fog_model_49_baseline,fog_model_42_baseline,night_model_52_baseline,night_model_49_baseline,night_model_42_baseline,rain_model_52_baseline,rain_model_49_baseline,rain_model_42_baseline,snow_model_52_baseline,snow_model_49_baseline,snow_model_42_baseline,day_model_52_baseline,day_model_49_baseline,day_model_42_baseline
9773.0,90.01353606876087,89.30121129642895,90.07473641665813,41.01913015450731,40.807130461475495,42.984693850404184,78.16736375729049,77.56590258876494,78.16550588355673,81.4284331320986,81.37654036631537,81.10194761076436,64.94423145400592,65.37378368975749,62.43132313516831,89.86819379924283,89.23250987414303,89.9539371738463
