category,sub category,images,model_52_epoch_test,model_49_epoch_test,model_42_epoch_test,model_52_25_val,model_49_25_val,model_42_25_val
Dangerous warning,Dangerous warning,2228.0,94.06652064631956,93.0524290843806,92.82790843806103,93.42414644118195,92.60525775878091,93.14452034937744
Regularoty,Priority ,1041.0,96.52292795389049,96.40631316042267,96.29087223823247,96.7719173212071,96.29205456800331,96.27670194295163
Regularoty,Prohibitory,3957.0,94.31863482436188,94.26367197371746,94.3391978771797,93.84039157399486,94.07419674935842,94.0794375534645
Regularoty,Mandatory,1203.0,94.44645386533668,94.39737157107234,94.94575893599335,95.41900484094052,95.38864453665283,95.92453250345781
Regularoty,Special regulations,1344.0,94.35951636904764,93.55727380952382,94.51026785714288,96.20173507462685,95.4375628109453,95.74652052238807
