category,sub-category,images,Original_model_42,rain1_model_42,rain2_model_42,rain3_model_42,rain4_model_42,rain5_model_42,rain6_model_42,rain7_model_42,rain8_model_42,rain9_model_42,rain10_model_42
Dangerous warning,Dangerous warning,2228.0,93.22755834829442,92.96753590664272,92.73847576301615,92.39297307001794,92.01525448833034,91.64702558348293,91.42258303411131,91.10428949730701,90.81257136445242,90.51207450628365,90.19306687612209
Regularoty,Priority ,1041.0,97.12758405379444,97.05997886647455,96.92568780019212,96.8877367915466,96.74339385206531,96.60793756003844,96.30153602305475,96.28299039385206,96.08048511047069,96.02473967339095,95.51414697406341
Regularoty,Prohibitory,3957.0,95.59009603234774,95.20901213040182,94.86240409401061,94.46857619408645,94.09168284053575,93.65645615365176,93.29770128885521,92.88865049279757,92.53702628253727,91.92313495072025,91.425271165024
Regularoty,Mandatory,1203.0,95.67667664172902,95.48609310058188,95.49441230257688,95.3196924355777,95.18652452202826,95.0200906068163,94.89525852036573,94.63788694929342,94.52216292601828,94.38924688279303,94.08987863674149
Regularoty,Special regulations,1344.0,90.61019270833333,90.14145610119047,89.96278050595238,89.45655431547618,89.22648214285712,88.99522619047619,88.43020684523812,87.95371279761908,87.74586904761907,87.53010937500002,87.43315327380952
