category,sub-category,images,Original_model_52,Original_model_49,Original_model_42,fog_model_52,fog_model_49,fog_model_42,night_model_52,night_model_49,night_model_42,rain_model_52,rain_model_49,rain_model_42,snow_model_52,snow_model_49,snow_model_42,day_model_52,day_model_49,day_model_42
Dangerous warning,Dangerous warning,2228.0,92.97227962298027,92.77897800718134,92.78809649910232,50.34989452423698,52.24006193895872,52.57187432675045,91.71948608617595,90.39507001795332,91.1493078994614,86.99766831238779,86.96626211849191,87.09132764811488,68.53661535008976,70.3678182226212,69.13345107719928,92.9137868043088,92.74737073608617,92.83249596050271
Regularoty,Priority ,1041.0,97.10850528338135,97.00194428434199,97.35781460134487,75.59069356388088,75.85912391930837,78.14544668587897,95.44736215177716,94.92756772334293,96.09996733909702,94.96565225744477,95.18683285302593,95.38855043227666,82.16150048030741,83.62174255523534,83.23704418828052,97.16581556195965,96.9060595581172,97.36783573487033
Regularoty,Prohibitory,3957.0,95.61784988627748,95.54682992165783,95.60779277230225,44.394622693960066,47.348694212787464,45.56709957038159,92.82546247156938,92.78784028304271,92.70425473843821,86.38115213545615,87.14438488754107,86.2975031589588,62.45135708870356,64.56187414708114,62.8709398534243,95.61806722264342,95.53936012130403,95.52200227445033
Regularoty,Mandatory,1203.0,95.98449625935162,95.89315045719039,96.01766167913549,54.946201163757266,58.19581546134664,53.9151429758936,93.63189858686617,93.83204239401498,93.21674064837904,91.81153200332503,92.0779135494597,91.99558187863676,74.77197256857855,76.93280881130505,75.2376068162926,95.87622111388195,95.86015710723191,95.93486949293434
Regularoty,Special regulations,1344.0,89.32225669642858,90.59464360119047,91.35464434523809,53.289178571428565,55.09700595238096,53.16935193452382,83.40786160714285,85.55791741071431,85.59555803571428,85.11188467261906,86.82276785714286,87.67868303571429,68.80209002976191,71.01929910714284,71.1827113095238,89.3001205357143,90.53517410714286,91.3246436011905
