filter,noise_52,noise_49,noise_42,baseline_52,baseline_49,baseline_42,norm_52,norm_49,norm_42,homo_52,homo_49,homo_42
Original,88.91939363552645,88.06930655888672,89.38997892151849,90.01353606876087,89.30121129642895,90.07473641665813,94.35285858999283,94.43242136498516,94.61693328558273,91.59121743579252,91.91253760360176,91.71114048910263
fog,73.04302230635423,74.25590299805587,74.30899693031822,41.01913015450731,40.807130461475495,42.984693850404184,51.5972510999693,53.901456154711965,52.70726337869642,38.151781950271165,38.91633244653637,38.09671196152665
night,81.87128527575973,81.33627964800982,82.04541174664897,78.16736375729049,77.56590258876494,78.16550588355673,91.65674961628977,91.6045314642382,91.79695375012791,82.00758497902385,81.9217117568812,81.63315010743887
rain,82.17326665302363,81.58164074490944,83.32645912207101,81.4284331320986,81.37654036631537,81.10194761076436,87.93000245574542,88.52350209761588,88.33817804154303,88.59749125140694,88.79363634503223,88.4009123094239
snow,61.969835976670424,59.495589174255585,63.11259521129641,64.94423145400592,65.37378368975749,62.43132313516831,68.3280889184488,70.3265298270746,69.13330666120946,78.79325007674204,82.27272076128108,80.2147516627443
day,88.69746608001635,88.01990606773765,89.25382901872506,89.86819379924283,89.23250987414303,89.9539371738463,94.32934400900442,94.39973815614448,94.57906988642176,90.75813844264812,90.98474480712166,90.77476967154405
