images,Original_model_52_norm,Original_model_49_norm,Original_model_42_norm,fog_model_52_norm,fog_model_49_norm,fog_model_42_norm,night_model_52_norm,night_model_49_norm,night_model_42_norm,rain_model_52_norm,rain_model_49_norm,rain_model_42_norm,snow_model_52_norm,snow_model_49_norm,snow_model_42_norm,day_model_52_norm,day_model_49_norm,day_model_42_norm
9773.0,94.39124002353422,94.3968185085389,94.81866885727898,51.59263668310653,52.02542622468303,53.00758348709798,91.9279304186978,90.70999400817081,91.33947404358948,88.46575036037817,87.35968332399324,88.40791857931248,69.25652477985484,69.51831245148324,69.86909530798903,94.78983002273151,93.64186990641885,94.68554658281607
