category,sub-category,images,Original_model_42,night1_model_42,night2_model_42,night3_model_42,night4_model_42,night5_model_42,night6_model_42,night7_model_42,night8_model_42,night9_model_42,night10_model_42
Dangerous warning,Dangerous warning,2228.0,93.22755834829442,92.83699551166964,92.73371364452423,92.71614901256733,92.50966606822261,92.39260278276483,92.12325403949731,92.06504667863554,91.78632540394975,91.07718850987432,90.00464901256733
Regularoty,Priority ,1041.0,97.12758405379442,96.76245725264168,96.5701143131604,96.62832949087417,96.49452257444764,96.24366282420749,95.9753621517771,95.61006051873198,95.28328242074929,94.0155014409222,92.90108165225743
Regularoty,Prohibitory,3957.0,95.59009603234773,94.99909123073034,94.56713014910285,94.43530603992924,93.95310740459944,93.32834318928482,92.57263482436188,91.73886277482941,90.60650770785949,89.0876969926712,88.24579201415212
Regularoty,Mandatory,1203.0,95.67667664172902,95.21182294264341,94.87883707398171,94.89591271820451,94.58867165419784,93.88140814630091,93.18281712385702,92.56799334995844,91.2300914380715,89.90832917705735,87.77216791354945
Regularoty,Special regulations,1344.0,90.61019270833333,88.24365550595238,87.76753645833335,87.47055431547619,86.5697857142857,85.4540044642857,84.22620014880953,82.88682663690476,81.3539017857143,79.0695788690476,77.29167336309524
