images,Original_model_52_ideal,Original_model_49_ideal,Original_model_42_ideal,fog_model_52_ideal,fog_model_49_ideal,fog_model_42_ideal,night_model_52_ideal,night_model_49_ideal,night_model_42_ideal,rain_model_52_ideal,rain_model_49_ideal,rain_model_42_ideal,snow_model_52_ideal,snow_model_49_ideal,snow_model_42_ideal,day_model_52_ideal,day_model_49_ideal,day_model_42_ideal
9773.0,94.27976120433848,94.33733616047236,94.65857830966056,39.76309438330094,41.46206121236008,43.485702113102796,89.41532484992332,89.03880684917542,89.23529550301853,92.05669768396659,92.40365005059292,93.1806036724483,83.12179107027418,83.66850754473208,84.26427928370683,93.45197673313453,93.69715491621709,94.18257384506428
