category,sub-category,images,Original_model_52,Original_model_49,Original_model_42,fog_model_52,fog_model_49,fog_model_42,night_model_52,night_model_49,night_model_42,rain_model_52,rain_model_49,rain_model_42,snow_model_52,snow_model_49,snow_model_42,day_model_52,day_model_49,day_model_42
Dangerous warning,Dangerous warning,2228.0,92.97227962298025,92.77897800718134,92.78809649910231,50.34989452423698,52.2400619389587,52.57187432675045,91.71948608617596,90.39507001795332,91.14930789946139,86.99766831238779,86.96626211849193,87.09132764811491,68.53661535008975,70.36781822262118,69.13345107719928,92.91378680430878,92.74737073608617,92.83249596050268
Regularoty,Priority ,1041.0,97.10850528338135,97.00194428434199,97.35781460134487,75.59069356388089,75.85912391930836,78.14544668587897,95.44736215177713,94.92756772334295,96.09996733909702,94.96565225744476,95.18683285302595,95.38855043227667,82.16150048030741,83.62174255523534,83.23704418828052,97.16581556195968,96.9060595581172,97.36783573487031
Regularoty,Prohibitory,3957.0,95.61784988627748,95.5468299216578,95.60779277230225,44.39462269396007,47.34869421278747,45.56709957038159,92.82546247156935,92.78784028304268,92.70425473843821,86.38115213545615,87.14438488754107,86.29750315895882,62.45135708870356,64.56187414708111,62.870939853424304,95.61806722264342,95.53936012130403,95.52200227445036
Regularoty,Mandatory,1203.0,95.98449625935162,95.89315045719034,96.01766167913549,54.946201163757266,58.195815461346626,53.9151429758936,93.63189858686617,93.83204239401496,93.21674064837906,91.81153200332503,92.0779135494597,91.99558187863676,74.77197256857855,76.93280881130507,75.23760681629258,95.87622111388197,95.86015710723191,95.93486949293433
Regularoty,Special regulations,1344.0,89.32225669642858,90.59464360119046,91.3546443452381,53.28917857142858,55.09700595238095,53.16935193452382,83.40786160714285,85.5579174107143,85.59555803571428,85.11188467261906,86.82276785714286,87.67868303571427,68.8020900297619,71.01929910714284,71.18271130952381,89.30012053571429,90.53517410714286,91.3246436011905
