images,Original_model_42_noise,fognight_model_42_noise,fogsnow_model_42_noise,fograin_model_42_noise,rainnight_model_42_noise,snownight_model_42_noise
9773.0,92.75352153893381,89.2397208636038,87.96882124219789,75.69015798628877,75.33620566867901,71.24945953136191
