filter,ideal_42,noise_42
Original,94.57075780210786,92.65331648419115
fognight,40.76228568505064,65.44682431187968
fogsnow,33.36148214468433,65.93364893072751
fograin,43.858771308707674,73.46771666837205
rainnight,62.68588693338789,73.0226663255909
snownight,25.771056175176504,53.53307326307174
