category,sub-category,images,Original_model_52,Original_model_49,Original_model_42,fognight_model_52,fognight_model_49,fognight_model_42,fogsnow_model_52,fogsnow_model_49,fogsnow_model_42,fograin_model_52,fograin_model_49,fograin_model_42,rainnight_model_52,rainnight_model_49,rainnight_model_42,snownight_model_52,snownight_model_49,snownight_model_42
Dangerous warning,Dangerous warning,2228.0,92.68513913824057,92.77357271095154,93.53750448833033,40.08088420107719,42.59512567324955,40.16917414721723,37.52258078994613,38.91483842010771,35.99622082585278,42.9545421903052,42.951539497307,40.39469928186714,88.55415170556553,88.73403500897666,88.4634290843806,80.7882854578097,79.35365350089766,78.76973967684022
Regularoty,Priority ,1041.0,96.53976945244958,96.34732949087417,96.92604226705092,58.020941402497584,57.0630451488953,61.67133525456291,57.350413064361184,58.404015369836706,61.66938520653219,64.74439961575408,63.113410182516795,66.2838520653218,92.89013448607109,91.73463016330452,92.41069164265129,86.16680115273776,84.91777137367916,84.43773294908742
Regularoty,Prohibitory,3957.0,95.29989385898405,95.60209754864798,95.95762951731109,34.39485974222896,34.29317159464241,34.97601465756887,34.57146070255243,34.92568865301996,36.13849128127371,37.60502148091989,40.08023755370231,39.14471569370736,89.18409906494821,89.38684862269395,89.48670204700531,75.23394996209251,75.35881981298964,75.25823351023504
Regularoty,Mandatory,1203.0,94.3479467996675,95.17910224438903,96.34279301745636,31.671770573566082,38.98792186201164,38.23685785536159,41.89378221113883,45.0535910224439,43.30835411471321,45.05561928512053,50.789800498753124,45.05353283458022,90.0244472152951,91.27252701579386,90.35974231088943,80.38295095594347,80.29897755610973,81.04534497090606
Regularoty,Special regulations,1344.0,87.72167410714286,89.65751488095235,91.37018601190476,27.157946428571428,28.421302083333327,34.00311011904761,34.970022321428566,35.56630952380953,44.93965773809525,38.16744047619048,41.1439732142857,44.64344494047619,78.19885416666666,82.88990327380952,83.33238095238097,65.02831101190478,68.97396577380952,70.60800595238095
