filter,ideal_42,noise_42
Original,94.57075780210786,92.58966325590914
fognight,40.76228568505066,75.28294863399161
fogsnow,33.36148214468433,66.85869998976773
fograin,43.85877130870766,75.81593625294178
rainnight,62.685886933387906,75.9778106006344
snownight,25.771056175176504,50.69143753197585
