images,Original_model_42_ideallevelfog,fog1_model_42_ideallevelfog,fog2_model_42_ideallevelfog,fog3_model_42_ideallevelfog,fog4_model_42_ideallevelfog,fog5_model_42_ideallevelfog,fog6_model_42_ideallevelfog,fog7_model_42_ideallevelfog,fog8_model_42_ideallevelfog,fog9_model_42_ideallevelfog,fog10_model_42_ideallevelfog
9773.0,73.8546256267267,73.89128905159465,73.3419017398061,74.06895193533204,74.32237993817685,72.01737128612933,69.51399853980274,64.41637237786708,60.843795128108056,59.0344286299616,52.97968418211062
