images,Original_model_52_norm,Original_model_49_norm,Original_model_42_norm,fog_model_52_norm,fog_model_49_norm,fog_model_42_norm,night_model_52_norm,night_model_49_norm,night_model_42_norm,rain_model_52_norm,rain_model_49_norm,rain_model_42_norm,snow_model_52_norm,snow_model_49_norm,snow_model_42_norm,day_model_52_norm,day_model_49_norm,day_model_42_norm
9773.0,94.8631300521846,93.37954364064261,94.62748081448889,55.39721272894711,51.21206691906273,52.982663460554576,92.25353320372456,89.78827381561445,90.82187148265629,88.56995907090965,86.75927760155531,88.2332917220915,69.33353729663358,69.04767625089534,69.50822265425151,94.88355264504247,93.39027831781439,94.63882942801595
