category,sub-category,images,Original_model_52,Original_model_49,Original_model_42,fog_model_52,fog_model_49,fog_model_42,night_model_52,night_model_49,night_model_42,rain_model_52,rain_model_49,rain_model_42,snow_model_52,snow_model_49,snow_model_42,day_model_52,day_model_49,day_model_42
Dangerous warning,Dangerous warning,2228,92.13778276481149,94.00125673249549,93.19681328545781,28.897800718132853,29.340897666068216,25.91818671454219,67.23416517055657,69.07150359066428,68.50862657091561,57.06754937163375,59.536526032315976,56.74729353680432,58.19771543985638,57.55758527827647,59.02269299820466,64.38032764811491,63.95786804308797,64.95887342908436
Regularoty,Priority ,1041,97.50206532180596,96.9197502401537,97.30544668587896,35.02163304514889,30.610566762728148,31.770422670509124,74.96297790585974,78.05891450528338,76.51391930835734,66.87316042267052,65.29909702209414,64.92480307396734,65.71693563880883,66.08198847262247,66.28195004803074,65.50576368876081,66.66691642651296,65.91887608069165
Regularoty,Prohibitory,3957,96.6426838514026,95.70460955269145,95.84571645185747,19.364088956280014,23.975921152388178,20.686504927975736,65.83025777103867,68.19880970432143,65.77993176648977,51.29484457922667,52.58711650240081,49.88889815516806,51.3833864038413,53.60918625221126,49.45859489512257,56.764647460197104,56.287121556734895,53.76389689158454
Regularoty,Mandatory,1203,95.63927680798005,96.8052119700748,96.47104738154614,33.51549459684123,38.217863674147964,35.70767248545303,75.06932668329175,76.58399002493765,74.74128844555278,70.53312551953451,70.5829842061513,68.44733167082295,69.46556109725684,70.73348295926849,68.22423108894431,69.21731504571903,72.73754779717375,68.41246882793018
Regularoty,Special regulations,1344,89.56316220238095,91.45950892857144,88.83765625000002,31.17050595238095,39.378430059523815,33.99904017857143,69.19183779761904,70.17268601190476,68.51758928571428,59.27978422619047,64.61444196428572,61.633519345238085,62.23711309523811,65.21782738095237,61.84899553571429,63.1738244047619,66.7624107142857,60.64368303571429
