category,sub-category,images,Original_model_42,fognight_model_42,fogsnow_model_42,fograin_model_42,rainnight_model_42,snownight_model_42
Dangerous warning,Dangerous warning,2228.0,90.53011759425493,87.02856193895869,84.52422172351885,73.21323877917413,73.59081149012567,68.59040754039498
Regularoty,Priority ,1041.0,96.56076849183478,94.58180403458213,94.56278962536024,87.93593467819406,86.30184822286262,83.4396330451489
Regularoty,Prohibitory,3957.0,93.76789840788476,89.9017017942886,87.94526156178922,74.62718979024514,75.04663634066212,69.16871013393984
Regularoty,Mandatory,1203.0,94.82980382377389,90.50621945137156,90.39084455527848,79.88396841230258,77.29036242726518,76.40931172069826
Regularoty,Special regulations,1344.0,88.64544345238097,85.68488244047617,86.47312053571429,69.68698363095238,68.83953869047619,67.72313541666666
