category,sub-category,images,Original_model_42,fog_model_42,night_model_42,rain_model_42,snow_model_42,day_model_42
Dangerous warning,Dangerous warning,2228.0,93.22755834829442,45.049562836624766,91.39601705565528,92.20885188509872,84.35403904847396,93.25452289048472
Regularoty,Priority ,1041.0,97.12758405379444,62.71919788664745,94.0822776176753,96.69591834774255,91.028530259366,96.98329106628242
Regularoty,Prohibitory,3957.0,95.59009603234774,38.11755041698257,89.58307556229468,93.75000454890068,83.3763333333333,95.13019282284557
Regularoty,Mandatory,1203.0,95.67667664172902,44.264486284289276,90.59057772236078,94.60536907730673,88.01359767248543,95.4526433915212
Regularoty,Special regulations,1344.0,90.61019270833333,42.10586011904762,79.91840848214284,87.61843898809524,79.48645089285715,88.86173288690478
