category,sub category,images,model_52_epoch_test,model_49_epoch_test,model_42_epoch_test,model_52_26_val,model_49_23_val,model_42_25_val
Dangerous warning,Dangerous warning,2228.0,80.43082585278277,79.39850089766607,79.93725314183123,85.06751533172273,83.81994238989036,84.90703586693922
Regularoty,Priority ,1041.0,86.17025936599424,86.55143131604227,86.55072046109511,93.01453079785036,93.68745349317898,93.15556014882182
Regularoty,Prohibitory,3957.0,76.34639373262574,75.56308819812989,75.36019459186251,85.82752566295981,86.21062874251497,86.6340643712575
Regularoty,Mandatory,1203.0,76.72586866167914,78.8860349127182,77.22387364921029,88.29793914246196,88.99159751037344,88.32575034578147
Regularoty,Special regulations,1344.0,78.6453050595238,80.1354017857143,79.98732886904763,87.9790080845771,90.471710199005,90.59928171641792
