images,Original_model_42_ideallevelfog,fog1_model_42_ideallevelfog,fog2_model_42_ideallevelfog,fog3_model_42_ideallevelfog,fog4_model_42_ideallevelfog,fog5_model_42_ideallevelfog,fog6_model_42_ideallevelfog,fog7_model_42_ideallevelfog,fog8_model_42_ideallevelfog,fog9_model_42_ideallevelfog,fog10_model_42_ideallevelfog
9773.0,74.73886626419728,73.53913230328456,73.56471298475391,74.7823534226952,67.57767113475902,63.96834748797707,48.71703468740407,32.92541594188069,19.883753197585182,8.916240663051262,2.1080589378901053
