category,sub-category,images,Original_model_52,Original_model_49,Original_model_42,fog_model_52,fog_model_49,fog_model_42,night_model_52,night_model_49,night_model_42,rain_model_52,rain_model_49,rain_model_42,snow_model_52,snow_model_49,snow_model_42,day_model_52,day_model_49,day_model_42
Dangerous warning,Dangerous warning,2228.0,92.68513913824057,92.77357271095154,93.53750448833033,41.56205116696589,43.807122980251336,40.35096499102334,91.7847710951526,90.35161131059245,90.43941202872531,91.38464542190306,91.15880161579892,91.5169524236984,83.43877917414721,82.94524685816876,82.58501795332137,92.77310592459604,92.8185143626571,92.81898114901259
Regularoty,Priority ,1041.0,96.53976945244958,96.34732949087417,96.92604226705092,60.80665706051873,59.6525168107589,65.51102785782902,93.46384245917388,93.27744476464939,93.08130643611912,96.54297790585974,95.58247838616715,96.35051873198847,90.39735830931798,87.70516810758886,90.29625360230547,95.96750240153699,96.25317963496639,96.73508165225746
Regularoty,Prohibitory,3957.0,95.29989385898405,95.60209754864798,95.95762951731109,35.17736163760426,35.88507455142785,37.452643416729856,90.82634318928481,89.40998483699772,90.04341925701289,92.99874652514535,93.32731362143039,94.39081122062167,82.41125094768765,82.63770027798839,83.11785948951226,95.04828405357594,94.94572150619156,95.52621177659842
Regularoty,Mandatory,1203.0,94.3479467996675,95.17910224438903,96.34279301745636,38.654655029093924,43.47563591022443,42.39305070656692,89.27670822942643,89.44453865336656,91.60350789692433,93.51383208645055,94.09709891936822,94.84520365752284,86.94876142975893,88.7784123025769,88.28024106400663,94.43128013300083,95.17839567747299,95.09530340814632
Regularoty,Special regulations,1344.0,87.72167410714286,89.65751488095235,91.37018601190476,35.713348214285716,32.363794642857144,43.89965773809523,77.82674107142856,81.39938244047619,80.36006696428572,84.07729910714285,86.90491815476192,88.54180059523807,75.07482142857143,78.05173363095237,80.65450148809524,86.3854761904762,87.94699404761904,89.80440476190475
