images,Original_model_52_norm,Original_model_49_norm,Original_model_42_norm,fog_model_52_norm,fog_model_49_norm,fog_model_42_norm,night_model_52_norm,night_model_49_norm,night_model_42_norm,rain_model_52_norm,rain_model_49_norm,rain_model_42_norm,snow_model_52_norm,snow_model_49_norm,snow_model_42_norm,day_model_52_norm,day_model_49_norm,day_model_42_norm
9773,94.93477130870768,94.47424025376034,95.25189092397422,52.35855213342884,53.93395170367338,51.417524813261025,92.67351785531565,91.55869231556328,92.1920802210171,88.39681469354345,88.33475391384427,88.89845697329378,69.69198096797298,72.40340939322624,68.82194720147345,94.966472935639,94.41303386882227,95.1804809168116
