category,images,Original_model_52_norm,Original_model_49_norm,Original_model_42_norm,fog_model_52_norm,fog_model_49_norm,fog_model_42_norm,night_model_52_norm,night_model_49_norm,night_model_42_norm,rain_model_52_norm,rain_model_49_norm,rain_model_42_norm,snow_model_52_norm,snow_model_49_norm,snow_model_42_norm,day_model_52_norm,day_model_49_norm,day_model_42_norm
Dangerous warning,2228,93.31346050269298,93.44885098743265,94.16593806104127,51.61610861759426,48.65306552962298,50.225740574506275,92.73039048473967,90.61969928186716,92.77272441651705,87.07304308797127,87.29726211849194,88.55382854578096,68.80525134649909,72.80091113105925,70.24155296229803,93.40380161579891,93.44771992818673,94.21032764811488
Regularoty,7545,95.41353611663354,94.77703247183565,95.57256726308813,52.57779191517561,55.49337044400266,51.76945261762758,92.65672365805169,91.835972166998,92.02061895294898,88.78771769383698,88.64111994698474,89.00022398939697,69.95382770046388,72.28602915838303,68.40274486414843,95.42792180251823,94.69808614976807,95.46696222664015
