category,sub-category,images,Original_model_52,Original_model_49,Original_model_42,fog_model_52,fog_model_49,fog_model_42,night_model_52,night_model_49,night_model_42,rain_model_52,rain_model_49,rain_model_42,snow_model_52,snow_model_49,snow_model_42,day_model_52,day_model_49,day_model_42
Dangerous warning,Dangerous warning,2228,93.31346050269298,93.44885098743265,94.16593806104127,51.61610861759426,48.65306552962298,50.225740574506275,92.73039048473967,90.61969928186716,92.77272441651705,87.07304308797127,87.29726211849194,88.55382854578096,68.80525134649909,72.80091113105925,70.24155296229803,93.40380161579891,93.44771992818673,94.21032764811488
Regularoty,Priority ,1041,95.96263208453412,96.63709894332374,97.9825456292027,75.69881844380403,75.69549471661865,75.98580211335255,96.06136407300673,94.33184438040347,96.05999039385208,94.33192122958694,95.48146974063401,95.29390970220942,84.53424591738714,85.49719500480307,82.70821325648416,96.44598463016331,96.35089337175793,98.07870317002883
Regularoty,Prohibitory,3957,95.95600202173364,95.45048268890575,96.03105888299217,44.426934546373516,47.434510993176644,43.4169168562042,93.20172100075814,92.19124589335354,92.6962370482689,86.58129138236038,86.70665403083142,87.13721506191561,63.40740965377811,66.69162749557749,63.2552767247915,95.95768764215316,95.4510942633308,95.85518827394492
Regularoty,Mandatory,1203,96.75799667497921,95.92596009975061,95.59438071487946,55.194114713216955,57.77064837905237,54.28172069825437,94.5126600166251,94.51408146300915,91.27102244389025,92.18608478802993,91.3558769742311,90.94022443890275,76.30948462177888,77.88733998337489,73.31740648379052,96.50847049044053,95.84221945137156,95.4281961762261
Regularoty,Special regulations,1344,92.18769345238096,90.32514880952382,92.33649553571426,56.32520089285714,61.53424107142856,55.355394345238096,86.75383928571429,86.45964285714287,87.57371279761905,87.94774553571429,86.60840029761904,87.87401785714285,72.24557291666667,73.5106175595238,68.07848958333334,92.11245535714286,90.17679315476192,92.33571428571426
