images,Original_model_42_ideallevelfog,fog1_model_42_ideallevelfog,fog2_model_42_ideallevelfog,fog3_model_42_ideallevelfog,fog4_model_42_ideallevelfog,fog5_model_42_ideallevelfog,fog6_model_42_ideallevelfog,fog7_model_42_ideallevelfog,fog8_model_42_ideallevelfog,fog9_model_42_ideallevelfog,fog10_model_42_ideallevelfog
9773,94.32189092397422,84.4880937276169,79.91340427708992,73.09964289368668,64.87303898495857,53.14585490637471,39.9065200040929,25.13012585695283,12.545278829428016,5.567155428220608,2.906804461270849
