images,Original_model_42_ideallevelfog,fog1_model_42_ideallevelfog,fog2_model_42_ideallevelfog,fog3_model_42_ideallevelfog,fog4_model_42_ideallevelfog,fog5_model_42_ideallevelfog,fog6_model_42_ideallevelfog,fog7_model_42_ideallevelfog,fog8_model_42_ideallevelfog,fog9_model_42_ideallevelfog,fog10_model_42_ideallevelfog
9773,94.4019983628364,94.3722787271053,94.2907745830349,93.6350015348409,93.05265629796375,91.5887670111532,89.3886544561547,86.64710835976672,82.07248234932979,75.74945973600737,68.09615368873428
