category,sub-category,images,Original_model_42,fog1_model_42,fog2_model_42,fog3_model_42,fog4_model_42,fog5_model_42,fog6_model_42,fog7_model_42,fog8_model_42,fog9_model_42,fog10_model_42
Dangerous warning,Dangerous warning,2228,92.95334829443446,92.90978007181329,92.59534560143628,92.19062836624775,91.56191202872532,90.43825852782766,87.74474416517054,84.92030520646321,79.62325852782764,74.41535457809695,65.03593357271097
Regularoty,Priority ,1041,97.4997214217099,97.50132564841499,97.40504322766571,97.21304514889529,96.73587896253602,95.77289145052833,94.62046109510086,93.2745148895293,91.25616714697408,87.51353506243996,82.32624399615754
Regularoty,Prohibitory,3957,95.24811726055093,95.27461207985849,95.27553449583019,94.46565074551427,93.70745766995196,92.01468789486987,89.4872100075815,85.99866312863281,81.07140257771039,73.33857973212028,65.4542658579732
Regularoty,Mandatory,1203,95.1770573566085,95.01088113050709,95.26088944305903,95.0109310058188,95.01216957605988,93.26518703241895,91.68619285120535,89.11174563591024,85.45268495428098,79.05162926018289,71.73620116375729
Regularoty,Special regulations,1344,91.21924107142857,91.14485119047619,90.92151785714287,89.58083333333336,88.98926339285713,87.50063988095239,85.71484374999999,84.07949404761906,78.94119047619047,72.99151785714285,66.66729910714287
