category,images,Original_model_42_ideallevelfog,fog1_model_42_ideallevelfog,fog2_model_42_ideallevelfog,fog3_model_42_ideallevelfog,fog4_model_42_ideallevelfog,fog5_model_42_ideallevelfog,fog6_model_42_ideallevelfog,fog7_model_42_ideallevelfog,fog8_model_42_ideallevelfog,fog9_model_42_ideallevelfog,fog10_model_42_ideallevelfog
Dangerous warning,2228,92.95334829443446,92.90978007181329,92.59534560143626,92.19062836624775,91.56191202872532,90.43825852782766,87.74474416517054,84.92030520646321,79.62325852782764,74.41535457809695,65.03593357271097
Regularoty,7545,94.8297773359841,94.80414711729624,94.79142611000664,94.06151756129887,93.4928654738237,91.92850629555998,89.87409277667328,87.15702451954938,82.79572564612326,76.1434141815772,68.99982107355865
