filter,ideal_42,noise_52,noise_49,noise_42
Original,94.46426276476006,92.92859715542822,93.2875698352604,93.48295508032336
fognight,40.89772945871278,77.13075514171697,74.44979637777551,77.16200961833623
fogsnow,32.52825744397831,75.28896961015042,73.11923053310139,75.75997544254581
fograin,41.942142637879876,79.62772843548552,77.50909546710324,80.35387496162899
rainnight,62.66192673692827,90.57656297963777,90.45378082472116,90.98491046761485
snownight,25.72407244448992,83.22967359050443,82.65624680241481,84.83446945666633
