filter,ideal_42,noise_42
Original,94.46426276476006,92.60160237388723
fognight,40.89772945871278,76.56779085234832
fogsnow,32.52825744397831,67.33873324465361
fograin,41.942142637879876,75.71878952215287
rainnight,62.66192673692827,76.36395272690064
snownight,25.72407244448992,51.765499846515915
