filter,noise_52,noise_49,noise_42,baseline_52,baseline_49,baseline_42,norm_52,norm_49,norm_42,homo_52,homo_49,homo_42
Original,91.54785429243836,88.01824209556943,87.46542719738054,89.42005116136293,89.02155018929703,91.4665946996828,94.47481326102528,94.68987516627446,94.52597564719125,92.8982431187967,92.83770490125858,91.79411951294382
fog,62.99985674818378,61.06568402742249,53.033972168218554,35.628641154200345,29.24367747876803,29.95007264913537,32.35463726593676,33.03095876394147,31.648597155428227,38.5649094443876,39.507581090760254,43.83570142228589
night,85.15268085541801,79.5965998158191,74.15318428322931,77.49927555510078,79.13602885500868,82.12403867799037,91.66002353422694,92.45791670930114,91.9467236263174,79.56645451754835,84.71262764760054,76.08681367031618
rain,86.58552645042464,82.99424127698762,81.08026706231455,80.55871891947201,80.8759991814182,84.09831576793204,88.43802619461782,88.74405197994474,88.71382993962959,89.95170571984038,89.80894300624169,86.68743476926225
snow,85.03021999386065,82.41072137521745,79.96495139670522,80.92729458712782,81.28515194924793,83.42401719021795,87.17857157474674,86.87209045328969,86.09443364371226,89.22562263378695,89.23546505678911,86.54445206180293
day,91.44544459224393,87.84415020976158,87.49582216310242,89.15352194822471,88.72460247620994,91.36462601043691,94.41304307786761,94.74166888365909,94.58762406630512,92.23382073058424,91.80382073058426,90.59698045635936
