images,Original_model_42_ideallevelfog,fog1_model_42_ideallevelfog,fog2_model_42_ideallevelfog,fog3_model_42_ideallevelfog,fog4_model_42_ideallevelfog,fog5_model_42_ideallevelfog,fog6_model_42_ideallevelfog,fog7_model_42_ideallevelfog,fog8_model_42_ideallevelfog,fog9_model_42_ideallevelfog,fog10_model_42_ideallevelfog
9773,94.48497902384119,94.39365292131383,94.29098229816842,93.76899519083187,92.99111531771209,91.90660800163717,90.627639414714,87.79240151437632,84.06828609434154,78.92159009516014,71.60492786247825
