category,sub-category,images,Original_model_42,fog1_model_42,fog2_model_42,fog3_model_42,fog4_model_42,fog5_model_42,fog6_model_42,fog7_model_42,fog8_model_42,fog9_model_42,fog10_model_42
Dangerous warning,Dangerous warning,2228,93.76260771992817,93.53847396768401,93.40416517055657,92.37125224416515,91.96653052064633,90.57479802513465,89.13915619389587,86.75950179533213,82.72046229802513,77.10854578096948,71.31972172351885
Regularoty,Priority ,1041,96.83163304514889,96.83150816522574,96.54341978866474,96.35349663784822,96.35311239193084,96.15943323727186,95.29359269932756,93.46727185398656,92.41190201729108,89.04946205571565,85.11024015369837
Regularoty,Prohibitory,3957,95.45128127369217,95.35048268890574,95.19828658074299,94.92035885772049,93.75838261309073,92.62097548647967,91.10377811473339,87.56586555471316,83.42176396259792,77.73585544604498,68.13216072782411
Regularoty,Mandatory,1203,95.5927098919368,95.42705735660849,95.75883624272649,95.26078969243555,94.67771404821278,93.0172651704073,92.02128844555278,90.35703241895264,85.36988362427266,81.54655029093931,74.48059850374065
Regularoty,Special regulations,1344,90.02837053571427,90.18098214285712,90.03131696428574,89.35912202380953,88.31691964285714,87.72298363095238,86.83183779761904,83.48058035714284,80.57848958333332,75.22402529761904,69.26766369047618
