category,images,Original_model_42_ideallevelfog,fog1_model_42_ideallevelfog,fog2_model_42_ideallevelfog,fog3_model_42_ideallevelfog,fog4_model_42_ideallevelfog,fog5_model_42_ideallevelfog,fog6_model_42_ideallevelfog,fog7_model_42_ideallevelfog,fog8_model_42_ideallevelfog,fog9_model_42_ideallevelfog,fog10_model_42_ideallevelfog
Dangerous warning,2228,93.76260771992817,93.53847396768401,93.40416517055657,92.37125224416515,91.96653052064633,90.57479802513465,89.13915619389587,86.75950179533213,82.72046229802513,77.10854578096948,71.31972172351885
Regularoty,7545,94.69829158383035,94.6461829025845,94.55285487077535,94.18174155069582,93.29366998011929,92.29988469184892,91.06718091451292,88.0974115308151,84.46629158383035,79.45697282968854,71.68914777998675
