images,Original_model_42_idealnoise,fog_model_42_idealnoise,night_model_42_idealnoise,rain_model_42_idealnoise,snow_model_42_idealnoise,day_model_42_idealnoise
9773,93.34865445615473,78.86059961117363,90.42278624782564,92.48874040724444,89.14282615368873,93.165073160749
