category,images,Original_model_42_idealnoise,fog_model_42_idealnoise,night_model_42_idealnoise,rain_model_42_idealnoise,snow_model_42_idealnoise,day_model_42_idealnoise
Dangerous warning,2228,90.57375673249551,76.21152603231597,88.55390484739675,89.76568222621185,87.02815080789945,90.71014362657091
Regularoty,7545,94.16806759443341,79.64285752153744,90.97465738899933,93.29284559310801,89.76727899271042,93.89000132538105
