category,sub-category,images,Original_model_42,fog_model_42,night_model_42,rain_model_42,snow_model_42,day_model_42
Dangerous warning,Dangerous warning,2228,90.57375673249551,76.21152603231597,88.55390484739675,89.76568222621185,87.02815080789945,90.71014362657091
Regularoty,Priority ,1041,96.53992315081652,89.91609029779059,93.94856868395773,96.54006724303554,95.00231508165224,96.82767531219982
Regularoty,Prohibitory,3957,94.2640990649482,77.15453373768005,92.01534495830175,93.09991913065454,88.34863532979531,93.7084356835987
Regularoty,Mandatory,1203,95.09460515378223,83.37522028262676,90.93863674147961,94.84548628428927,92.68452202826269,95.26199501246883
Regularoty,Special regulations,1344,91.21886904761904,75.67100446428572,85.6394568452381,89.95595982142859,87.2780357142857,90.92112351190477
