images,Original_model_52_baseline,Original_model_49_baseline,Original_model_42_baseline,fog_model_52_baseline,fog_model_49_baseline,fog_model_42_baseline,night_model_52_baseline,night_model_49_baseline,night_model_42_baseline,rain_model_52_baseline,rain_model_49_baseline,rain_model_42_baseline,snow_model_52_baseline,snow_model_49_baseline,snow_model_42_baseline,day_model_52_baseline,day_model_49_baseline,day_model_42_baseline
9773,89.42005116136293,89.02155018929703,91.4665946996828,35.628641154200345,29.24367747876803,29.95007264913537,77.49927555510078,79.13602885500868,82.12403867799037,80.55871891947201,80.8759991814182,84.09831576793204,80.92729458712782,81.28515194924793,83.42401719021795,89.15352194822471,88.72460247620994,91.36462601043691
