category,sub-category,images,Original_model_52,Original_model_49,Original_model_42,fog_model_52,fog_model_49,fog_model_42,night_model_52,night_model_49,night_model_42,rain_model_52,rain_model_49,rain_model_42,snow_model_52,snow_model_49,snow_model_42,day_model_52,day_model_49,day_model_42
Dangerous warning,Dangerous warning,2228,90.21498653500898,86.89369838420107,87.92750897666068,49.46080341113107,47.395942549371625,29.48868940754039,85.59239676840215,83.12481597845601,81.28493716337523,83.5267908438061,79.53141831238779,80.07215439856374,82.8991382405745,79.12954219030522,81.2372710951526,90.08124775583482,86.53585727109517,87.79118491921007
Regularoty,Priority ,1041,95.87162343900097,91.83671469740634,94.71560999039386,75.12178674351586,72.33496637848222,62.631709894332374,91.1602785782901,85.39945244956772,86.93481268011526,92.89029779058599,89.2411335254563,92.41212295869357,92.12213256484151,88.18364073006725,92.89060518731989,96.0631316042267,91.83671469740634,94.61985590778099
Regularoty,Prohibitory,3957,91.50837755875662,88.42526408895628,90.24604751074044,40.51002527167045,38.237723022491785,22.945933788223403,76.47290371493554,77.15339651250949,75.58680060652009,79.20149102855694,76.69975486479656,76.82657316148601,79.12583775587566,75.66286328026283,78.49460955269144,91.08021986353299,88.12168562041948,89.51294667677534
Regularoty,Mandatory,1203,92.51799667497923,90.60679966749792,93.93110556940982,34.16432252701579,25.187938487115545,27.34852036575229,69.82635078969244,57.10926018287614,73.398927680798,84.86921862011636,78.71968412302577,85.5347880299252,85.1205735660848,80.71527847049045,86.78190357439735,92.51889443059021,90.35768911055693,94.0136990856193
Regularoty,Special regulations,1344,85.41770089285716,78.71950892857143,87.34991071428571,47.02566220238095,51.04228422619048,32.14311755952381,64.50703125000001,62.87061011904762,62.20023065476189,80.50573660714286,74.70074404761905,81.69656994047621,80.35627976190479,74.03090029761904,84.00069196428574,85.71380208333333,79.16613095238095,87.27501488095241
