category,images,Original_model_52_baseline,Original_model_49_baseline,Original_model_42_baseline,fog_model_52_baseline,fog_model_49_baseline,fog_model_42_baseline,night_model_52_baseline,night_model_49_baseline,night_model_42_baseline,rain_model_52_baseline,rain_model_49_baseline,rain_model_42_baseline,snow_model_52_baseline,snow_model_49_baseline,snow_model_42_baseline,day_model_52_baseline,day_model_49_baseline,day_model_42_baseline
Dangerous warning,2228,90.21498653500898,86.89369838420107,87.92750897666068,49.46080341113107,47.395942549371625,29.48868940754039,85.59239676840215,83.12481597845601,81.28493716337523,83.5267908438061,79.53141831238779,80.07215439856374,82.8991382405745,79.12954219030522,81.2372710951526,90.08124775583482,86.53585727109517,87.79118491921007
Regularoty,7545,91.18642147117295,87.51488270377735,90.93438833664678,45.434343273691184,43.14238436050364,30.761734923790584,75.30810868124584,72.55100861497681,74.41910271703115,82.22617362491714,78.39609410205435,81.23291053677936,82.09396554009277,77.90525248508946,82.78301524188205,91.04118356527502,87.39550828363154,90.53652750165675
