images,Original_model_52_noise,Original_model_49_noise,Original_model_42_noise,fog_model_52_noise,fog_model_49_noise,fog_model_42_noise,night_model_52_noise,night_model_49_noise,night_model_42_noise,rain_model_52_noise,rain_model_49_noise,rain_model_42_noise,snow_model_52_noise,snow_model_49_noise,snow_model_42_noise,day_model_52_noise,day_model_49_noise,day_model_42_noise
9773,86.54486237593369,87.45578839660287,87.36318019032026,71.44138033357208,70.4085654353832,72.53646270336641,83.30075411848972,82.60572802619463,78.48146116852553,78.94200859510897,79.95411746648932,83.10567584160441,54.16929294996419,56.88107029571269,63.97203826869947,86.3506077969917,87.29167911593166,87.30116033971144
