category,sub-category,images,Original_model_52,Original_model_49,Original_model_42,fog_model_52,fog_model_49,fog_model_42,night_model_52,night_model_49,night_model_42,rain_model_52,rain_model_49,rain_model_42,snow_model_52,snow_model_49,snow_model_42,day_model_52,day_model_49,day_model_42
Dangerous warning,Dangerous warning,2228,83.43860412926392,87.4331642728905,83.57363105924597,68.44648114901258,72.17197037701975,71.18469030520646,81.73263016157989,86.53598743267504,77.51296229802513,76.61589766606822,80.11533213644526,79.3967459605027,51.61606373429084,58.48215888689406,62.97215439856373,83.21394075403951,87.34309694793538,83.43802064631957
Regularoty,Priority ,1041,92.40937560038425,91.54761767531221,92.22152737752161,88.37823246878001,81.55847262247839,84.72655139289145,88.85863592699327,87.32126801152738,88.08948126801153,90.01115273775216,88.3748703170029,91.06812680115274,74.15635926993276,72.23874159462056,77.52190201729107,92.50987512007686,91.25727185398657,91.92989433237273
Regularoty,Prohibitory,3957,86.91002021733637,86.90973212029314,87.94460449835736,64.13847864543848,64.24140510487742,71.03768764215314,84.38172605509224,82.94189032095022,81.52583775587566,74.70361132170837,76.34562041950971,83.16788223401566,43.92182208743997,49.50678038918374,60.32277482941622,86.53020217336365,86.63238817285819,87.69280768258783
Regularoty,Mandatory,1203,94.51449709060682,90.44131338320867,92.01926018287612,84.12397339983374,76.72386533665836,72.06994181213632,89.02763092269326,80.46550290939318,71.73714879467997,89.36009975062343,84.12223607647549,86.69975062344139,66.0860016625104,63.17647547797173,66.08425602660016,94.182327514547,90.1079301745636,92.18501246882794
Regularoty,Special regulations,1344,78.94321428571429,83.25933779761905,84.00277529761902,73.43676339285715,71.35367559523809,70.16573660714288,73.28675595238096,73.3639136904762,69.71857142857144,77.37799851190478,80.05782738095239,79.68659970238096,62.424873511904764,58.407953869047624,63.988013392857134,79.24084821428572,83.55516369047619,84.59546130952381
