category,images,Original_model_52_noise,Original_model_49_noise,Original_model_42_noise,fog_model_52_noise,fog_model_49_noise,fog_model_42_noise,night_model_52_noise,night_model_49_noise,night_model_42_noise,rain_model_52_noise,rain_model_49_noise,rain_model_42_noise,snow_model_52_noise,snow_model_49_noise,snow_model_42_noise,day_model_52_noise,day_model_49_noise,day_model_42_noise
Dangerous warning,2228,83.43860412926392,87.4331642728905,83.57363105924597,68.44648114901258,72.17197037701975,71.18469030520646,81.73263016157989,86.53598743267504,77.51296229802513,76.61589766606822,80.11533213644526,79.3967459605027,51.61606373429084,58.48215888689406,62.97215439856373,83.21394075403951,87.34309694793538,83.43802064631957
Regularoty,7545,87.46212458581842,87.46246918489065,88.48221471172963,72.32575878064944,69.88784095427435,72.93563419483101,83.76381312127236,81.44514247846256,78.76745394300862,79.62889728296885,79.90651159708418,84.20090390987409,54.92324850894632,56.40827700463884,64.2672988734261,87.27684956925114,87.27649569251159,88.44192577866137
