images,Original_model_52_homo,Original_model_49_homo,Original_model_42_homo,fog_model_52_homo,fog_model_49_homo,fog_model_42_homo,night_model_52_homo,night_model_49_homo,night_model_42_homo,rain_model_52_homo,rain_model_49_homo,rain_model_42_homo,snow_model_52_homo,snow_model_49_homo,snow_model_42_homo,day_model_52_homo,day_model_49_homo,day_model_42_homo
9773,85.61342985777142,90.85170162693136,91.68045226644837,29.396761485725982,37.31687608717896,43.0671083597667,75.60569937583136,80.90672157986288,80.93799242811828,82.70737542208124,86.97459736007366,87.63922234728334,65.90555305433334,81.41855111020158,79.4022807735598,85.2247856338893,89.58480098229815,90.62606773764452
