category,sub-category,images,Original_model_52,Original_model_49,Original_model_42,fog_model_52,fog_model_49,fog_model_42,night_model_52,night_model_49,night_model_42,rain_model_52,rain_model_49,rain_model_42,snow_model_52,snow_model_49,snow_model_42,day_model_52,day_model_49,day_model_42
Dangerous warning,Dangerous warning,2228,84.02081687612208,90.66438509874327,89.18298473967683,30.29730251346499,42.19044883303411,50.04336175942549,73.51821364452424,87.34203770197487,86.62618491921006,82.71953321364452,88.64533213644523,87.79006283662476,68.58206463195691,82.72073608617596,79.93713195691203,83.93165170556554,90.57643626570916,89.5855251346499
Regularoty,Priority ,1041,91.83554274735832,95.09822286263208,94.33209414024977,46.20258405379443,60.23087415946207,56.19560038424593,87.70588856868396,87.89793467819403,87.03530259365994,91.92885686839578,93.08375600384245,91.45384245917387,79.15325648414986,90.87496637848223,86.64961575408263,92.21851104707012,94.23486071085495,94.13813640730066
Regularoty,Prohibitory,3957,88.35001769016932,92.94858478645438,94.13618397776092,25.902155673490018,33.509282284559006,40.738625221127116,79.09991660348749,85.67137730603991,86.63181956027294,83.57329037149354,89.33591862522113,89.99146070255244,62.597675006317886,82.20883750315896,79.65606267374272,88.07293656810717,92.1169673995451,93.37817791256
Regularoty,Mandatory,1203,88.69512053200333,93.34947630922692,94.26394014962594,27.51371571072319,29.592452202826262,39.23451371571072,73.6455527847049,75.97468827930174,76.39185369908562,85.20405652535325,87.4454114713217,89.60944305901914,69.24335827098919,81.54645885286783,81.46300083125519,87.61261845386534,91.93805486284289,92.85059850374064
Regularoty,Special regulations,1344,72.61876488095238,79.46369791666666,84.22415178571431,26.861190476190476,29.614002976190477,31.619613095238098,61.16080357142858,55.21011160714286,54.091220238095225,70.76051339285713,72.09947172619047,75.74556547619048,57.95895089285713,69.49412202380951,70.3104761904762,71.42860863095237,74.77764136904761,79.53682291666668
