category,images,Original_model_52_homo,Original_model_49_homo,Original_model_42_homo,fog_model_52_homo,fog_model_49_homo,fog_model_42_homo,night_model_52_homo,night_model_49_homo,night_model_42_homo,rain_model_52_homo,rain_model_49_homo,rain_model_42_homo,snow_model_52_homo,snow_model_49_homo,snow_model_42_homo,day_model_52_homo,day_model_49_homo,day_model_42_homo
Dangerous warning,2228,84.02081687612208,90.66438509874327,89.18298473967683,30.29730251346499,42.19044883303411,50.04336175942549,73.51821364452424,87.34203770197487,86.62618491921006,82.71953321364452,88.64533213644523,87.79006283662476,68.58206463195691,82.72073608617596,79.93713195691203,83.93165170556554,90.57643626570916,89.5855251346499
Regularoty,7545,86.08372034459907,90.90701524188205,92.41794168323393,29.13083631544069,35.87773492379059,41.007056328694496,76.22212326043737,79.00640556660039,79.25829821073559,82.70378528827037,86.48123790589794,87.59467992047716,65.11519284294232,81.0340225314778,79.24434194831014,85.60664148442679,89.29197614314114,90.93333465871437
