images,Original_model_52_noise,Original_model_49_noise,Original_model_42_noise,fog_model_52_noise,fog_model_49_noise,fog_model_42_noise,night_model_52_noise,night_model_49_noise,night_model_42_noise,rain_model_52_noise,rain_model_49_noise,rain_model_42_noise,snow_model_52_noise,snow_model_49_noise,snow_model_42_noise,day_model_52_noise,day_model_49_noise,day_model_42_noise
9773,87.98684743681574,84.75469456666326,91.73270745932672,70.63388314744705,75.03382993962958,76.09810498311674,79.17706436099458,76.08739077049012,86.92309219277602,80.23164125652308,77.34563081960502,85.68590606773765,57.76142228588971,52.46120536171084,64.76013711245268,87.67977795968484,84.54888058937891,91.47540366315359
