category,sub-category,images,Original_model_52,Original_model_49,Original_model_42,fog_model_52,fog_model_49,fog_model_42,night_model_52,night_model_49,night_model_42,rain_model_52,rain_model_49,rain_model_42,snow_model_52,snow_model_49,snow_model_42,day_model_52,day_model_49,day_model_42
Dangerous warning,Dangerous warning,2228,86.53386445242369,81.73146768402154,89.31762118491922,70.42197037701975,75.89801615798922,76.7519973070018,81.73225314183122,78.54572262118491,85.6815170556553,79.98270197486535,75.85195242369838,84.2456777378815,58.79592459605026,54.53375673249553,64.85643177737883,86.44478904847396,81.50649012567325,89.13690305206462
Regularoty,Priority ,1041,94.42791546589817,91.93031700288184,95.87093179634967,90.39309317963496,87.32117195004804,87.41716618635927,89.14375600384246,85.78315081652258,91.3553218059558,92.22054755043229,88.85957732949086,92.79825168107588,79.44286263208453,72.23566762728146,80.69201729106629,94.33108549471662,91.83456292026897,95.67581171950049
Regularoty,Prohibitory,3957,87.89472327520849,85.24343694718219,92.62124589335355,64.51946424058627,72.73212534748546,71.08997472832954,78.72098559514784,78.87293404094008,88.17348496335609,76.1189057366692,75.9664922921405,83.16967904978517,49.38108415466263,47.612590346221886,56.96134192570129,87.31237806419004,84.83681829668942,92.11429871114481
Regularoty,Mandatory,1203,92.68490440565257,90.27412302576894,94.76314214463841,76.72582709891937,77.30702410640066,82.54403158769743,82.37719866999169,66.75044056525353,90.60649210307565,86.53394014962592,79.55227763923524,91.35567747298421,60.765993349958435,47.547182044887776,75.23032418952617,92.68576059850376,90.60649210307565,94.7628761429759
Regularoty,Special regulations,1344,81.47261160714288,77.82917410714286,87.20247023809523,68.22982886904761,68.82598958333334,75.22214285714286,65.69987351190476,64.65845238095238,78.5699255952381,77.82584821428573,72.9888988095238,84.89784970238095,61.23705357142857,52.38284226190475,65.84984375,81.17616815476192,77.6793675595238,87.27497023809524
