category,images,Original_model_52_noise,Original_model_49_noise,Original_model_42_noise,fog_model_52_noise,fog_model_49_noise,fog_model_42_noise,night_model_52_noise,night_model_49_noise,night_model_42_noise,rain_model_52_noise,rain_model_49_noise,rain_model_42_noise,snow_model_52_noise,snow_model_49_noise,snow_model_42_noise,day_model_52_noise,day_model_49_noise,day_model_42_noise
Dangerous warning,2228,86.53386445242369,81.73146768402154,89.31762118491922,70.42197037701975,75.89801615798922,76.7519973070018,81.73225314183122,78.54572262118491,85.6815170556553,79.98270197486535,75.85195242369838,84.2456777378815,58.79592459605026,54.53375673249553,64.85643177737883,86.44478904847396,81.50649012567325,89.13690305206462
Regularoty,7545,88.41590589794566,85.64743803843605,92.44587011265739,70.69645990722331,74.77864015904572,75.90501391650099,78.42253015241882,75.36145791915175,87.28972299536117,80.30515175612989,77.78670642809807,86.11119814446654,57.45593903247184,51.8491915175613,64.73170178926442,88.04446388336648,85.44728296885356,92.16595096090127
