images,Original_model_42_ideal,fog_model_42_ideal,night_model_42_ideal,rain_model_42_ideal,snow_model_42_ideal,day_model_42_ideal
9773,94.4019983628364,41.23626931341451,89.58366213035916,93.16521129642895,84.23259285787374,93.92186329683821
