category,sub-category,images,Original_model_42,fog_model_42,night_model_42,rain_model_42,snow_model_42,day_model_42
Dangerous warning,Dangerous warning,2228,92.95334829443446,41.8763644524237,91.20266606822263,92.19231149012569,84.42654847396767,92.86387791741473
Regularoty,Priority ,1041,97.4997214217099,60.13388088376561,93.6618059558117,97.21416906820365,90.77985590778098,97.11733909702211
Regularoty,Prohibitory,3957,95.24811726055093,36.6693151377306,88.93169320192064,93.75878695981802,82.96630022744505,94.81873136214301
Regularoty,Mandatory,1203,95.1770573566085,40.48191188694929,92.02009975062344,94.34630922693269,88.11341645885287,95.01226932668328
Regularoty,Special regulations,1344,91.21924107142857,39.65917410714286,83.47973214285716,88.83709821428573,79.0943898809524,89.58409226190476
