category,images,Original_model_42_ideal,fog_model_42_ideal,night_model_42_ideal,rain_model_42_ideal,snow_model_42_ideal,day_model_42_ideal
Dangerous warning,2228,92.95334829443446,41.8763644524237,91.20266606822263,92.19231149012569,84.42654847396767,92.86387791741473
Regularoty,7545,94.8297773359841,41.04725248508946,89.10557852882704,93.45250364479789,84.17531875414183,94.23428098078196
