images,Original_model_42_ideal,fognight_model_42_ideal,fogsnow_model_42_ideal,fograin_model_42_ideal,rainnight_model_42_ideal,snownight_model_42_ideal
9773,94.61788601248338,39.639616289777955,34.093901565537706,43.84589685869232,63.388084518571574,27.08432518162283
