images,Original_model_42_ideallevelfog,fog1_model_42_ideallevelfog,fog2_model_42_ideallevelfog,fog3_model_42_ideallevelfog,fog4_model_42_ideallevelfog,fog5_model_42_ideallevelfog,fog6_model_42_ideallevelfog,fog7_model_42_ideallevelfog,fog8_model_42_ideallevelfog,fog9_model_42_ideallevelfog,fog10_model_42_ideallevelfog
9773,94.82255704491968,94.69982195845695,94.60736518980866,94.16733960912718,93.16508953238514,91.6913823800266,89.57343599713494,86.48303591527679,81.48968484600431,75.72885910160647,67.28727105290083
