images,Original_model_42_ideallevelfog,fog1_model_42_ideallevelfog,fog2_model_42_ideallevelfog,fog3_model_42_ideallevelfog,fog4_model_42_ideallevelfog,fog5_model_42_ideallevelfog,fog6_model_42_ideallevelfog,fog7_model_42_ideallevelfog,fog8_model_42_ideallevelfog,fog9_model_42_ideallevelfog,fog10_model_42_ideallevelfog
9773,94.93515297247518,86.52410621098947,81.4797892151847,75.73005832395374,66.75505167297658,57.31130154507316,43.14961219686892,30.195637982195844,16.146474982093522,6.722318632968383,2.7941379310344834
