category,sub-category,images,Original_model_42,fog1_model_42,fog2_model_42,fog3_model_42,fog4_model_42,fog5_model_42,fog6_model_42,fog7_model_42,fog8_model_42,fog9_model_42,fog10_model_42
Dangerous warning,Dangerous warning,2228,93.71613554757629,93.89600089766604,93.44750897666067,93.31235637342908,92.18966337522443,90.53049371633752,88.15083482944345,84.96465439856374,79.84767953321365,72.7989946140036,64.4983078994614
Regularoty,Priority ,1041,97.11794428434197,97.30987512007685,97.31135446685879,97.50328530259365,96.73527377521614,95.3885590778098,94.81296829971183,94.04632084534103,91.74103746397695,88.57026897214216,85.68634005763688
Regularoty,Prohibitory,3957,95.60276472074806,95.27448066717209,95.29857215061915,94.79344958301742,93.55633560778367,92.03886530199645,89.51228455900933,85.31644680313366,79.75628506444278,72.8081652767248,62.546813242355306
Regularoty,Mandatory,1203,95.594289276808,95.59436408977555,95.51075644222779,95.3449127182045,94.18072319201998,93.76543640897755,91.27217788861182,89.27784704904406,85.61876974231089,81.62865336658353,74.14769742310888
Regularoty,Special regulations,1344,91.89095982142858,91.51811755952379,91.59205357142858,90.10338541666665,89.95580357142859,87.8726488095238,86.53295386904762,84.07500744047618,77.67904761904764,73.95770089285713,65.47572172619047
