category,images,Original_model_42_ideallevelfog,fog1_model_42_ideallevelfog,fog2_model_42_ideallevelfog,fog3_model_42_ideallevelfog,fog4_model_42_ideallevelfog,fog5_model_42_ideallevelfog,fog6_model_42_ideallevelfog,fog7_model_42_ideallevelfog,fog8_model_42_ideallevelfog,fog9_model_42_ideallevelfog,fog10_model_42_ideallevelfog
Dangerous warning,2228,93.71613554757629,93.89600089766604,93.44750897666067,93.31235637342908,92.18966337522443,90.53049371633752,88.15083482944345,84.96465439856374,79.84767953321365,72.7989946140036,64.4983078994614
Regularoty,7545,95.14927766732937,94.9371862160371,94.9498648111332,94.4198117958913,93.45312789927104,92.03418687872762,89.99352286282304,86.93140622929091,81.97456063618291,76.59403313452617,68.11083764082171
