category,images,model_55_epoch,model_45_epoch,model_24_epoch
Dangerous warning,87.35033164946189,84.12056885569955,83.6598660224028
Regularoty,88.5420230512587,87.26036548377311,86.8282279344859
