images,Original_model_52_homo,Original_model_49_homo,Original_model_42_homo,fog_model_52_homo,fog_model_49_homo,fog_model_42_homo,night_model_52_homo,night_model_49_homo,night_model_42_homo,rain_model_52_homo,rain_model_49_homo,rain_model_42_homo,snow_model_52_homo,snow_model_49_homo,snow_model_42_homo,day_model_52_homo,day_model_49_homo,day_model_42_homo
9773,91.88659060677375,92.24408472321703,91.5080589378901,35.106687813363344,38.16714519594802,30.574429550803227,84.29388519390156,82.15506497493095,85.03080527985266,89.22550700910672,89.24525938811011,89.23602271564515,81.87849176302055,83.54661209454622,80.44624168627853,91.06773252839456,91.20070398035405,91.02606773764451
