category,sub-category,images,Original_model_52,Original_model_49,Original_model_42,fog_model_52,fog_model_49,fog_model_42,night_model_52,night_model_49,night_model_42,rain_model_52,rain_model_49,rain_model_42,snow_model_52,snow_model_49,snow_model_42,day_model_52,day_model_49,day_model_42
Dangerous warning,Dangerous warning,2228,91.42843806104128,91.07026929982047,89.99118043087971,37.79223518850986,37.65694344703771,29.26480700179534,90.3508168761221,85.81779174147218,88.69032315978455,90.66407989228007,89.40781418312388,88.82476660682227,83.3030026929982,83.9306014362657,80.34145421903052,91.74259425493716,91.06824506283661,90.57362208258527
Regularoty,Priority ,1041,96.35092219020173,96.158530259366,96.25287223823247,60.70802113352545,65.61307396733909,49.75972142170989,94.52456292026898,92.31388088376562,90.96782901056677,95.77201729106629,95.9644860710855,96.73594620557157,90.97109510086457,92.79609990393853,90.68088376561,96.63862632084535,96.54237271853987,96.73434197886648
Regularoty,Prohibitory,3957,94.56801111953503,94.03549658832449,92.74897144301237,29.61832701541572,32.726823351023505,24.716189032095016,88.75495830174374,85.54483194339144,87.1375031589588,90.7516300227445,90.74968410411928,90.06864291129645,81.82975486479656,83.29622693960071,78.8979327773566,93.4296360879454,92.94973970179431,92.54527419762447
Regularoty,Mandatory,1203,93.76572734829591,93.59881130507065,94.51506234413965,35.32803823773898,33.33400665004155,39.31648379052369,77.0557689110557,80.46596009975062,85.28724854530341,90.44046550290939,90.19022443890275,91.43787198669992,84.37173732335827,84.12109725685787,85.8681961762261,92.85268495428095,93.26685785536158,93.59854530340816
Regularoty,Special regulations,1344,79.61159970238096,84.67114583333333,84.0025074404762,26.78583333333333,38.0980505952381,27.308296130952375,59.673355654761906,59.74643601190477,67.9336681547619,76.18940476190475,78.49623511904763,79.68643601190476,70.38613095238095,75.96880208333333,72.39806547619047,77.08243303571429,80.2839806547619,80.5793005952381
