category,images,Original_model_52_homo,Original_model_49_homo,Original_model_42_homo,fog_model_52_homo,fog_model_49_homo,fog_model_42_homo,night_model_52_homo,night_model_49_homo,night_model_42_homo,rain_model_52_homo,rain_model_49_homo,rain_model_42_homo,snow_model_52_homo,snow_model_49_homo,snow_model_42_homo,day_model_52_homo,day_model_49_homo,day_model_42_homo
Dangerous warning,2228,91.42843806104128,91.07026929982047,89.99118043087971,37.79223518850986,37.65694344703771,29.26480700179534,90.3508168761221,85.81779174147218,88.69032315978455,90.66407989228007,89.40781418312388,88.82476660682227,83.3030026929982,83.9306014362657,80.34145421903052,91.74259425493716,91.06824506283661,90.57362208258527
Regularoty,7545,92.02188071570578,92.59070642809809,91.95598542080847,34.31365937707091,38.31780516898608,30.96115440689198,82.50530417495028,81.07348045062956,83.95016832339299,88.80070377733598,89.19725778661366,89.357464546057,81.45784095427435,83.4332220013254,80.47718489065608,90.86844930417494,91.23981842279657,91.15967263088136
