filter,ideal_42
Original,94.15697840990484
fognight,42.06438862171288
fogsnow,32.8665476312289
fograin,44.51063235444593
rainnight,62.539485316688825
snownight,26.266579351273915
