filter,ideal_42,noise_42
Original,94.15697840990484,92.2440407244449
fognight,42.06438862171288,74.76751151130667
fogsnow,32.8665476312289,66.83714212626623
fograin,44.51063235444593,75.50368157167708
rainnight,62.539485316688825,75.68771104062212
snownight,26.266579351273915,51.92825335106927
