images,Original_model_42_noise,fognight_model_42_noise,fogsnow_model_42_noise,fograin_model_42_noise,rainnight_model_42_noise,snownight_model_42_noise
9773,92.45843036938503,67.02170571984037,68.92459838330093,75.13609229509875,74.29674716054436,53.06403970121766
