images,Original_model_42_noise,fognight_model_42_noise,fogsnow_model_42_noise,fograin_model_42_noise,rainnight_model_42_noise,snownight_model_42_noise
9773,92.72416555817047,75.42258569528293,66.41696510795047,75.35065998158191,75.5758231863297,52.71681060063441
