category,images,Original_model_42_noise,fognight_model_42_noise,fogsnow_model_42_noise,fograin_model_42_noise,rainnight_model_42_noise,snownight_model_42_noise
Dangerous warning,2228,90.61992369838421,73.60836624775584,60.59124775583484,69.79292639138241,73.38455565529624,50.582894973070026
Regularoty,7545,93.34553744201457,75.95831544068919,68.13726971504308,76.99183035122599,76.22289330682574,53.34694499668655
