category,sub-category,images,Original_model_42,fognight_model_42,fogsnow_model_42,fograin_model_42,rainnight_model_42,snownight_model_42
Dangerous warning,Dangerous warning,2228,90.61992369838421,73.60836624775584,60.59124775583484,69.79292639138241,73.38455565529624,50.582894973070026
Regularoty,Priority ,1041,96.34707973102785,86.074265129683,81.55513928914505,88.95281460134485,85.20619596541788,63.01334293948128
Regularoty,Prohibitory,3957,93.73224159716956,75.10795299469292,62.54650998230983,73.6168612585292,74.0714682840536,49.710199646196614
Regularoty,Mandatory,1203,95.42693266832917,78.38866999168745,76.55768911055695,83.54030756442229,81.62955112219451,63.34147963424771
Regularoty,Special regulations,1344,88.01911458333335,68.45122023809525,66.66767857142858,71.80250744047618,70.75962053571429,47.62109375000001
