category,sub-category,images,Originalmodel55,Originalmodel45,Originalmodel24,fogmodel55,fogmodel45,fogmodel24,nightmodel55,nightmodel45,nightmodel24,rainmodel55,rainmodel45,rainmodel24,snowmodel55,snowmodel45,snowmodel24,daymodel55,daymodel45,daymodel24
Dangerous warning,Dangerous warning,4553,92.42307489567318,93.32317592795958,88.49129804524489,64.77132879420162,66.79017570832418,56.578161651658256,89.19503623984187,89.19499670546894,82.65033384581595,87.3940127388535,88.51386558313199,83.11202284208214,85.92051614320228,88.11725016472657,81.81439270810455,92.1380210849989,93.30122336920712,88.35858115528222
Regularoty,Priority ,1743,97.01371772805508,97.99235800344233,96.26849110728631,87.66277108433734,86.287917383821,89.15685599541021,95.06686746987954,96.21560527825588,94.77990820424556,95.4676477337923,96.9586345381526,95.23621916236374,94.38088927137119,95.8153987378084,94.89092943201378,96.90060240963857,97.87709695926561,96.15672977624786
Regularoty,Prohibitory,8406,94.74171782060431,96.96746490601952,90.77983345229597,59.136525101118245,63.738736616702376,52.71294789436117,89.57970854151795,92.0892457768261,81.23905067808708,88.09081727337616,90.31667499405187,81.21511777301927,86.03329050678087,88.78326433499879,80.76245776826076,94.790431834404,96.68035926719011,90.41175588865097
Regularoty,Mandatory,1693,95.56873006497342,97.10519196692262,93.442658003544,70.70274660366215,72.94663319551093,62.9061665682221,87.7746308328411,88.83551683402247,71.64852333136443,90.01583579444772,93.03084465445951,88.83662728883638,90.3715239220319,93.20647962197283,88.12731836975783,95.3342055522741,97.22396337861784,93.79563496751328
Regularoty,Special regulations,1346,80.90721396731054,87.74219167904903,83.72823922734028,61.51956166419019,71.84436106983654,61.44126300148588,73.99687221396731,81.05303863298661,66.93725111441309,80.3124442793462,86.03072808320951,82.61271173848439,78.23378900445765,85.51081723625555,78.97346953937593,81.20460624071322,88.03959138187221,83.80485884101041
