category,images,Original_model_52_noise,Original_model_49_noise,Original_model_42_noise,fog_model_52_noise,fog_model_49_noise,fog_model_42_noise,night_model_52_noise,night_model_49_noise,night_model_42_noise,rain_model_52_noise,rain_model_49_noise,rain_model_42_noise,snow_model_52_noise,snow_model_49_noise,snow_model_42_noise,day_model_52_noise,day_model_49_noise,day_model_42_noise
Dangerous warning,2305,0.0,0.0,9.753683297180043,0.0,4.7428373101952275,6.030368763557484,0.0,4.7428373101952275,14.497943600867677,0.0,4.7428373101952275,5.010845986984815,0.0,4.7428373101952275,9.753683297180043,0.0,0.0,9.753683297180043
Regularoty,7717,8.06012699235454,15.979730465206687,16.74428923156667,8.06012699235454,7.049346896462357,13.627780225476222,8.06012699235454,9.189936503822729,15.260552027990151,8.06012699235454,16.083410651807696,18.0336503822729,8.06012699235454,17.677281326940523,16.74428923156667,8.06012699235454,15.979730465206687,16.74428923156667
Informative,1010,0.0,0.0,0.0,0.0,0.0,0.0,0.0,0.0,0.0,0.0,0.0,0.0,0.0,0.0,0.0,0.0,0.0,0.0
