category,sub-category,images,Original_model_52,Original_model_49,Original_model_42,fog_model_52,fog_model_49,fog_model_42,night_model_52,night_model_49,night_model_42,rain_model_52,rain_model_49,rain_model_42,snow_model_52,snow_model_49,snow_model_42,day_model_52,day_model_49,day_model_42
Dangerous warning,Dangerous warning,2228,0.0,9.725201974865351,5.184021543985637,0.0,0.0,0.0,0.0,14.587073608617596,5.184021543985637,0.0,9.725201974865351,0.0,0.0,9.725201974865351,5.184021543985637,0.0,9.725201974865351,5.184021543985637
Regularoty,Priority ,1041,10.350624399615754,32.09940441882805,0.0,0.0,11.39815561959654,0.0,10.350624399615754,10.350624399615754,0.0,0.0,32.09940441882805,0.0,0.0,20.701248799231507,0.0,10.350624399615754,32.09940441882805,0.0
Regularoty,Prohibitory,3957,3.222137983320698,9.426060146575688,0.0,0.0,3.3484963356077833,0.0,0.0,3.3484963356077833,2.9188779378316907,0.0,14.88501389941875,0.0,0.0,12.15594642405863,2.9188779378316907,3.222137983320698,9.426060146575688,0.0
Regularoty,Mandatory,2547,24.263839811542994,24.263839811542994,24.263839811542994,24.263839811542994,24.263839811542994,24.263839811542994,24.263839811542994,24.263839811542994,20.219057714958772,24.263839811542994,24.263839811542994,24.263839811542994,24.263839811542994,24.263839811542994,24.263839811542994,24.263839811542994,24.263839811542994,24.263839811542994
