category,sub-category,images,Originalmodel_55,Originalmodel_45,Originalmodel_24,fogmodel_55,fogmodel_45,fogmodel_24,nightmodel_55,nightmodel_45,nightmodel_24,rainmodel_55,rainmodel_45,rainmodel_24,snowmodel_55,snowmodel_45,snowmodel_24,daymodel_55,daymodel_45,daymodel_24
Dangerous warning,Dangerous warning,4553,91.08214583790905,91.76248188007908,89.81037996925104,64.70377992532394,63.84787612563145,57.52348561388095,89.65538106742808,89.01998023281354,85.92129145618273,87.67838128706347,88.02900065890623,84.9995168021085,85.10919393806282,86.64547111794423,84.45010322864044,90.99417087634527,91.69876345266857,89.69834394904458
Regularoty,Priority ,1743,97.41803212851406,97.30055077452667,97.59172690763052,85.25565691336776,85.13796328169822,86.34508318990247,96.15361445783131,94.89092943201378,96.50067699368905,95.9253700516351,96.0416810097533,96.8984394721744,94.37361445783134,94.5513654618474,96.38310958118186,97.47547905909353,97.36251290877797,97.52999426276536
Regularoty,Prohibitory,8406,94.84782893171544,95.0521115869617,91.11391862955031,61.813848441589336,61.906463240542486,50.737902688555806,91.68498810373545,84.68903283369022,82.67994289793006,86.92586961694028,87.6523792529146,81.9171365691173,85.55704734713298,86.71192005710206,82.09688317868189,94.7540185581727,94.6702617178206,90.82884487270996
Regularoty,Mandatory,1693,95.33315416420555,95.21354991139988,91.96580035440047,65.97849379799173,71.17549320732427,57.471848789131705,89.24784406379209,82.57492616656823,65.91857058476077,91.19951565268752,92.32139988186651,87.18210277613703,90.19552274069699,91.73011813349085,88.18721204961606,95.45057885410516,95.21426461901947,92.08479621972829
Regularoty,Special regulations,1346,83.72904903417533,87.51522288261518,85.65977711738485,64.48804606240714,63.15003714710252,62.10984398216939,71.54390044576523,68.20265973254087,70.2828454680535,81.0554234769688,85.36108469539376,83.20599554234772,80.46063150074295,84.47300148588411,82.98364784546808,83.57824665676077,87.51522288261518,85.65962852897475
