category,images,Original_model_52_noise,Original_model_49_noise,Original_model_42_noise,fog_model_52_noise,fog_model_49_noise,fog_model_42_noise,night_model_52_noise,night_model_49_noise,night_model_42_noise,rain_model_52_noise,rain_model_49_noise,rain_model_42_noise,snow_model_52_noise,snow_model_49_noise,snow_model_42_noise,day_model_52_noise,day_model_49_noise,day_model_42_noise
Dangerous warning,2228,0.0,9.725201974865351,5.184021543985637,0.0,0.0,0.0,0.0,14.587073608617596,5.184021543985637,0.0,9.725201974865351,0.0,0.0,9.725201974865351,5.184021543985637,0.0,9.725201974865351,5.184021543985637
Regularoty,7545,11.308813783962892,17.563207422133868,8.190854870775349,8.190854870775349,11.519612988734263,8.190854870775349,9.618952948972831,11.375082836315443,8.356254473161034,8.190854870775349,20.42617362491717,8.190854870775349,8.190854870775349,17.422277004638833,9.721669980119286,11.308813783962892,17.563207422133868,8.190854870775349
