category,images,Original_model_55_noise,Original_model_45_noise,Original_model_24_noise,fog_model_55_noise,fog_model_45_noise,fog_model_24_noise,night_model_55_noise,night_model_45_noise,night_model_24_noise,rain_model_55_noise,rain_model_45_noise,rain_model_24_noise,snow_model_55_noise,snow_model_45_noise,snow_model_24_noise,day_model_55_noise,day_model_45_noise,day_model_24_noise
Dangerous warning,2305,85.46685466377441,82.38747505422992,78.87244685466376,57.268659436008676,51.80045986984816,40.129770065075924,80.30291973969629,76.70373101952279,71.1502776572668,79.99946203904555,77.05079392624728,73.70949240780911,78.30810412147503,76.9639262472885,73.710989154013,85.68447288503253,82.12695010845985,78.69904555314533
Regularoty,7714,85.57187710655951,89.35766398755509,82.13573761991186,54.31687192118226,55.97635338345866,44.296034482758614,75.08497925849105,78.80462665283898,69.48344568317344,79.945889292196,83.57593077521389,75.74625745397977,77.49537723619395,81.8643699766658,75.01964480165933,85.61066632097484,89.08476536168007,81.95455665024632
Informative,1010,40.79161386138614,47.920891089108906,43.66417821782178,18.910485148514848,20.098940594059407,17.820772277227718,34.05961386138613,38.71359405940594,37.42614851485149,40.5939108910891,45.147267326732674,41.97960396039604,35.54461386138614,42.77185148514852,40.98875247524752,40.89115841584158,47.42620792079207,44.355881188118815
