category,images,Originalmodel55_noise_noise,Originalmodel45_noise_noise,Originalmodel24_noise_noise,fogmodel55_noise_noise,fogmodel45_noise_noise,fogmodel24_noise_noise,nightmodel55_noise_noise,nightmodel45_noise_noise,nightmodel24_noise_noise,rainmodel55_noise_noise,rainmodel45_noise_noise,rainmodel24_noise_noise,snowmodel55_noise_noise,snowmodel45_noise_noise,snowmodel24_noise_noise,daymodel55_noise_noise,daymodel45_noise_noise,daymodel24_noise_noise
Dangerous warning,4553,92.42307489567318,93.32317592795958,88.49129804524489,64.77132879420162,66.79017570832418,56.578161651658256,89.19503623984187,89.19499670546894,82.65033384581595,87.3940127388535,88.51386558313199,83.11202284208214,85.92051614320228,88.11725016472657,81.81439270810455,92.1380210849989,93.30122336920712,88.35858115528222
Regularoty,13188,93.7361813770094,96.17904686078253,91.12738019411586,64.63473764027904,68.72829996966941,59.72895966029724,88.4827737336973,91.09053078556265,80.33783212010918,88.51902335456477,91.10550879587504,84.18927282377918,86.89743706399757,89.94650363967241,83.39262587200487,93.75252729754322,96.02641340612679,90.93113057324842
