category,images,Original_model_52_noise,Original_model_49_noise,Original_model_42_noise,fog_model_52_noise,fog_model_49_noise,fog_model_42_noise,night_model_52_noise,night_model_49_noise,night_model_42_noise,rain_model_52_noise,rain_model_49_noise,rain_model_42_noise,snow_model_52_noise,snow_model_49_noise,snow_model_42_noise,day_model_52_noise,day_model_49_noise,day_model_42_noise
Dangerous warning,2305,84.8147071583514,86.72323210412148,86.59478958785249,54.70836442516268,56.614937093275486,54.57813015184381,79.00263340563991,82.77698047722342,82.30040780911064,80.99761388286333,82.08286334056399,82.08363123644251,79.9132060737527,80.13022993492407,81.0409457700651,84.46898915401302,87.11443383947939,86.37746203904555
Regularoty,7717,85.08538162498381,87.79233380847481,86.79481275106907,57.626623040041466,56.2519217312427,52.37817156926267,74.38086432551508,74.31580925230011,74.84856161720877,81.222393417131,81.62561098872618,81.87152131657382,80.62755604509525,79.55143579111055,79.77279512764028,84.91554878838927,87.65044447324088,86.88613839574964
Informative,1010,40.19624752475247,45.841603960396036,42.672118811881184,25.54562376237624,26.93078217821782,24.652415841584162,35.642891089108915,35.048445544554454,34.65237623762377,39.80274257425743,43.168277227722776,39.1079603960396,39.404514851485146,39.703435643564355,38.61453465346535,40.197207920792074,45.149158415841576,42.17803960396039
