category,sub-category,images,Originalmodel55,Originalmodel45,Originalmodel24,fogmodel55,fogmodel45,fogmodel24,nightmodel55,nightmodel45,nightmodel24,rainmodel55,rainmodel45,rainmodel24,snowmodel55,snowmodel45,snowmodel24,daymodel55,daymodel45,daymodel24
Dangerous warning,Dangerous warning,4553,93.52030968592136,92.66469800131783,87.85479464089612,65.51840983966615,63.58483197891499,49.461669229079725,91.56445859872612,88.60051833955633,81.99060399736439,89.21544476169558,87.80958269273007,81.65970349220294,87.6999824291676,87.70110915879638,81.98982209532176,93.67455084559631,92.64293652536789,87.9200966395783
Regularoty,Priority ,1743,97.98771658060814,97.70685599541021,93.403602983362,87.9524096385542,88.5864429145152,85.25310958118187,97.01548479632818,96.04273666092944,92.42689041881812,97.30471026965004,96.67491107286287,91.97109007458405,96.38409064830752,96.10204819277108,91.68277682157199,98.10320711417097,97.70685599541021,93.51559380378656
Regularoty,Prohibitory,8406,95.51636926005233,94.62196169402809,89.18745063050203,63.08718891268141,59.46827385201047,46.46858553414228,92.13661194384963,91.4825660242684,78.84897573162029,90.40048179871522,86.50964430168928,77.71814418272665,88.16482393528432,85.73690459195814,79.70599690697121,95.59843088270283,94.32533666428742,88.87683321437069
Regularoty,Mandatory,1693,95.92458948611929,96.1022681630242,90.9045481393975,72.47352037802717,70.81951565268753,56.93951565268753,89.60318369757826,83.28271116361488,70.3495806261075,93.26579444772591,92.26396928529238,83.69746603662138,92.37952746603662,91.43483756645008,83.87553455404608,95.86604843473123,95.98408151210867,90.8448848198464
Regularoty,Special regulations,1346,85.88456909361072,89.96862555720655,88.481426448737,65.97644873699852,66.93988112927191,56.760557206537875,77.70935364041605,72.36352897473996,69.6131352154532,84.17384843982167,86.10390787518575,84.98957652303123,82.76338038632986,86.40390787518572,84.54452451708767,85.81030460624073,90.0438484398217,88.55571322436847
