category,sub-category,images,Original_model_52,Original_model_49,Original_model_42,fog_model_52,fog_model_49,fog_model_42,night_model_52,night_model_49,night_model_42,rain_model_52,rain_model_49,rain_model_42,snow_model_52,snow_model_49,snow_model_42,day_model_52,day_model_49,day_model_42
Dangerous warning,Dangerous warning,2228,89.40759425493714,82.00029622980253,82.00132405745062,55.74547576301616,52.693222621184944,54.5338644524237,87.52218581687612,79.57824955116696,76.8401077199282,69.02941651705565,62.52225314183123,63.73508527827648,57.85399012567326,50.76228007181328,51.57100987432675,89.40759425493714,82.00029622980253,82.00132405745062
Regularoty,Priority ,1041,95.19669548511047,90.68215177713738,92.98894332372718,73.48534101825169,70.70192122958694,77.90479346781942,92.1218828049952,85.49630163304516,84.53446685878964,81.55588856868395,76.08037463976946,78.09762728146013,70.70072046109509,65.51526416906822,68.29882804995198,95.19669548511047,90.68215177713738,92.98894332372718
Regularoty,Prohibitory,3957,92.04019206469547,84.96345716451856,87.96935557240333,49.685046752590345,47.08041192822846,50.6702375537023,86.95867071013397,77.58488248673237,78.26615365175638,57.71965630528179,54.231460702552425,55.82499368208238,46.14475107404599,42.10225170583776,43.188582259287344,92.04019206469547,84.96345716451856,87.96935557240333
Regularoty,Mandatory,2547,89.51526501766786,87.98564978405973,85.671005104044,64.42883784844915,58.694962701217115,58.6962033765214,80.4473576756969,70.90862976050255,75.46054574008639,70.27846093443266,68.23917550058893,63.52618767177071,60.15178641539066,57.124275618374575,51.94423243031018,89.51526501766786,87.98564978405973,85.671005104044
