category,images,Original_model_52_noise,Original_model_49_noise,Original_model_42_noise,fog_model_52_noise,fog_model_49_noise,fog_model_42_noise,night_model_52_noise,night_model_49_noise,night_model_42_noise,rain_model_52_noise,rain_model_49_noise,rain_model_42_noise,snow_model_52_noise,snow_model_49_noise,snow_model_42_noise,day_model_52_noise,day_model_49_noise,day_model_42_noise
Dangerous warning,2228,89.40759425493714,82.00029622980253,82.00132405745062,55.74547576301616,52.693222621184944,54.5338644524237,87.52218581687612,79.57824955116696,76.8401077199282,69.02941651705565,62.52225314183123,63.73508527827648,57.85399012567326,50.76228007181328,51.57100987432675,89.40759425493714,82.00029622980253,82.00132405745062
Regularoty,7545,91.62335056328695,86.77269317428761,87.88605434062293,57.94595361166335,54.26029953611663,57.13721007289596,85.4729966865474,76.42270510271703,78.18390457256463,65.24792577866137,61.9746507620941,61.49772432074221,54.26121007289596,50.403648774022535,49.60878197481776,91.62335056328695,86.77269317428761,87.88605434062293
