category,images,Original_model_52_noise,Original_model_49_noise,Original_model_42_noise,fog_model_52_noise,fog_model_49_noise,fog_model_42_noise,night_model_52_noise,night_model_49_noise,night_model_42_noise,rain_model_52_noise,rain_model_49_noise,rain_model_42_noise,snow_model_52_noise,snow_model_49_noise,snow_model_42_noise,day_model_52_noise,day_model_49_noise,day_model_42_noise
Dangerous warning,2233,0.0,5.172413793103448,0.0,0.0,5.172413793103448,0.0,0.0,5.172413793103448,0.0,0.0,5.172413793103448,0.0,0.0,5.172413793103448,0.0,0.0,5.172413793103448,0.0
Regularoty,7581,18.31399815327793,11.756636327661258,16.24455876533439,13.938469858857673,11.200820472233215,13.955942487798442,16.755976784065428,15.014781691069782,23.588576704920193,19.87962801741195,17.441358659807413,16.24455876533439,18.488777206173328,14.94882733148661,17.66587521435167,18.31399815327793,11.756636327661258,17.66587521435167
Informative,973,0.0,0.0,12.076053442959918,0.0,0.0,0.0,0.0,0.0,0.0,0.0,0.0,0.0,0.0,0.0,12.076053442959918,0.0,0.0,12.076053442959918
