category,images,Original_model_52_noise,Original_model_49_noise,Original_model_42_noise,fog_model_52_noise,fog_model_49_noise,fog_model_42_noise,night_model_52_noise,night_model_49_noise,night_model_42_noise,rain_model_52_noise,rain_model_49_noise,rain_model_42_noise,snow_model_52_noise,snow_model_49_noise,snow_model_42_noise,day_model_52_noise,day_model_49_noise,day_model_42_noise
Dangerous warning,2233,86.43208240035824,82.84959247648904,79.75895208240034,57.949852216748766,49.575051500223914,47.24673533363187,82.76030900134349,77.87737124944022,71.29283475145543,81.32444693237795,77.87790864308106,74.02606806986118,79.98199731303178,74.9654500671742,71.697026421854,86.3420331392745,83.42952978056427,79.13009404388714
Regularoty,7581,87.16571692388865,85.41082838675636,83.97286901464187,61.799788946049325,50.50773117003035,47.88274238227147,77.27151167392165,68.54067273446775,65.78223453370266,83.24839862814932,79.97641208283866,77.41847117794487,82.08586598074133,77.04778129534363,75.61054214483576,86.90076507057117,85.56958316844745,83.94655322516819
Informative,973,40.2889825282631,36.99956834532374,38.129506680369985,27.235889003083248,15.930945529290854,21.68449126413155,32.785220966084275,29.290493319630013,31.5520349434738,40.38886947584788,34.01870503597123,36.484737923946554,36.69120246659815,34.53246659815005,35.251038026721474,40.08215827338128,37.61589928057554,38.74598150051387
