category,sub-category,images,Original_model_52,Original_model_49,Original_model_42,fog_model_52,fog_model_49,fog_model_42,night_model_52,night_model_49,night_model_42,rain_model_52,rain_model_49,rain_model_42,snow_model_52,snow_model_49,snow_model_42,day_model_52,day_model_49,day_model_42
Dangerous warning,Dangerous warning,2233,0.0,5.172413793103448,0.0,0.0,5.172413793103448,0.0,0.0,5.172413793103448,0.0,0.0,5.172413793103448,0.0,0.0,5.172413793103448,0.0,0.0,5.172413793103448,0.0
Regularoty,Priority ,1043,42.368628954937684,30.992329817833173,20.661553211888783,32.03785234899329,32.03785234899329,20.661553211888783,30.992329817833173,30.992329817833173,30.992329817833173,53.748341323106416,30.992329817833173,20.661553211888783,32.03785234899329,30.992329817833173,30.992329817833173,42.368628954937684,30.992329817833173,30.992329817833173
Regularoty,Prohibitory,3964,10.885469223007064,3.9354187689202824,10.040363269424823,7.832996972754794,0.0,5.663471241170535,13.496468213925327,10.166498486377398,21.367305751765894,10.885469223007064,12.209889001009081,10.040363269424823,13.937941473259333,10.040363269424823,10.040363269424823,10.885469223007064,3.9354187689202824,10.040363269424823
Regularoty,Mandatory,2574,20.006969696969694,16.00701631701632,24.00932400932401,16.00701631701632,20.006969696969694,24.00932400932401,16.00701631701632,16.00701631701632,24.00932400932401,20.006969696969694,20.006969696969694,24.00932400932401,20.006969696969694,16.00701631701632,24.00932400932401,20.006969696969694,16.00701631701632,24.00932400932401
Informative,Information,43,0.0,0.0,0.0,0.0,0.0,0.0,0.0,0.0,0.0,0.0,0.0,0.0,0.0,0.0,0.0,0.0,0.0,0.0
Informative,Direction ,498,0.0,0.0,23.59437751004016,0.0,0.0,0.0,0.0,0.0,0.0,0.0,0.0,0.0,0.0,0.0,23.59437751004016,0.0,0.0,23.59437751004016
Informative,Additional panels,432,0.0,0.0,0.0,0.0,0.0,0.0,0.0,0.0,0.0,0.0,0.0,0.0,0.0,0.0,0.0,0.0,0.0,0.0
