category,sub-category,images,Original_model_52,Original_model_49,Original_model_42,fog_model_52,fog_model_49,fog_model_42,night_model_52,night_model_49,night_model_42,rain_model_52,rain_model_49,rain_model_42,snow_model_52,snow_model_49,snow_model_42,day_model_52,day_model_49,day_model_42
Dangerous warning,Dangerous warning,2305,0.0,0.0,9.753683297180043,0.0,4.7428373101952275,6.030368763557484,0.0,4.7428373101952275,14.497943600867677,0.0,4.7428373101952275,5.010845986984815,0.0,4.7428373101952275,9.753683297180043,0.0,0.0,9.753683297180043
Regularoty,Priority ,1044,0.0,10.24904214559387,20.49808429118774,0.0,31.76771072796935,30.747126436781606,0.0,10.24904214559387,30.747126436781606,0.0,20.49808429118774,30.747126436781606,0.0,20.49808429118774,20.49808429118774,0.0,10.24904214559387,20.49808429118774
Regularoty,Prohibitory,4015,0.0,15.122186799501868,11.440702366127024,0.0,2.706246575342466,2.706246575342466,0.0,12.415940224159403,8.427003735990038,0.0,17.82924533001245,11.253902864259029,0.0,15.719945205479451,11.440702366127024,0.0,15.122186799501868,11.440702366127024
Regularoty,Mandatory,2658,23.401053423626784,19.525959367945823,23.281136192626033,23.401053423626784,3.900955605718586,23.401053423626784,23.401053423626784,3.900955605718586,19.500097817908202,23.401053423626784,11.712287434161023,23.281136192626033,23.401053423626784,19.525959367945823,23.281136192626033,23.401053423626784,19.525959367945823,23.281136192626033
Informative,Information,49,0.0,0.0,0.0,0.0,0.0,0.0,0.0,0.0,0.0,0.0,0.0,0.0,0.0,0.0,0.0,0.0,0.0,0.0
Informative,Direction ,502,0.0,0.0,0.0,0.0,0.0,0.0,0.0,0.0,0.0,0.0,0.0,0.0,0.0,0.0,0.0,0.0,0.0,0.0
Informative,Additional panels,459,0.0,0.0,0.0,0.0,0.0,0.0,0.0,0.0,0.0,0.0,0.0,0.0,0.0,0.0,0.0,0.0,0.0,0.0
