category,images,Originalmodel_55_noise,Originalmodel_45_noise,Originalmodel_24_noise,fogmodel_55_noise,fogmodel_45_noise,fogmodel_24_noise,nightmodel_55_noise,nightmodel_45_noise,nightmodel_24_noise,rainmodel_55_noise,rainmodel_45_noise,rainmodel_24_noise,snowmodel_55_noise,snowmodel_45_noise,snowmodel_24_noise,daymodel_55_noise,daymodel_45_noise,daymodel_24_noise
Dangerous warning,4553,91.08214583790905,91.76248188007908,89.81037996925104,64.70377992532394,63.84787612563145,57.52348561388095,89.65538106742808,89.01998023281354,85.92129145618273,87.67838128706347,88.02900065890623,84.9995168021085,85.10919393806282,86.64547111794423,84.45010322864044,90.99417087634527,91.69876345266857,89.69834394904458
Regularoty,13188,94.1150144070367,94.60076888080073,91.52275856839552,65.71961783439491,66.29369578404611,57.469061267819235,89.90707082195938,84.08333560812859,81.0895609645132,88.0647679708826,89.12668334849863,84.70457992114044,86.79760236578707,88.16372308158932,84.8573779193206,94.06249545040946,94.36565969062782,91.34815514103731
