images,Original_model_42_idealnoise,fog_model_42_idealnoise,night_model_42_idealnoise,rain_model_42_idealnoise,snow_model_42_idealnoise,day_model_42_idealnoise
9773,92.54048910262969,76.30208022101709,89.34762508953239,91.70166786043183,87.81313312186637,92.36740304921723
