category,sub-category,images,Original_model_42,fog_model_42,night_model_42,rain_model_42,snow_model_42,day_model_42
Dangerous warning,Dangerous warning,2228,90.21679982046679,72.30680879712747,88.10596050269301,89.36301166965889,84.65011220825853,90.21796229802513
Regularoty,Priority ,1041,96.63772334293948,87.12729106628242,94.9091738712776,96.34860710854947,94.23519692603266,96.5407204610951
Regularoty,Prohibitory,3957,93.55501895375285,75.4368562041951,91.35606772807682,92.469668941117,87.74259792772303,93.32889815516805
Regularoty,Mandatory,1203,94.2632003325021,80.5495012468828,90.77133000831256,93.76577722360767,91.3545719035744,94.0980548628429
Regularoty,Special regulations,1344,88.69007440476192,73.28605654761905,79.91066964285716,87.87053571428574,85.12012648809524,88.31823660714288
