category,images,Original_model_42_idealnoise,fog_model_42_idealnoise,night_model_42_idealnoise,rain_model_42_idealnoise,snow_model_42_idealnoise,day_model_42_idealnoise
Dangerous warning,2228,90.21679982046679,72.30680879712747,88.10596050269301,89.36301166965889,84.65011220825853,90.21796229802513
Regularoty,7545,93.22666269052353,77.48186348575217,89.71428230616303,92.39226110006629,88.74715705765408,93.00212193505634
