images,Original_model_52_norm,Original_model_49_norm,Original_model_42_norm,fog_model_52_norm,fog_model_49_norm,fog_model_42_norm,night_model_52_norm,night_model_49_norm,night_model_42_norm,rain_model_52_norm,rain_model_49_norm,rain_model_42_norm,snow_model_52_norm,snow_model_49_norm,snow_model_42_norm,day_model_52_norm,day_model_49_norm,day_model_42_norm
9773,94.229126163921,94.27000613936355,94.9963194515502,53.73918244142024,51.427128824311886,54.68162181520515,92.1012984753914,90.31041543026706,92.8468576690883,88.0796817763225,87.782854804052,89.00041952317609,69.4562242914151,69.32348408881613,70.23429550803235,94.24929704287321,94.29111736416657,94.98656195641051
