category,images,Original_model_52_norm,Original_model_49_norm,Original_model_42_norm,fog_model_52_norm,fog_model_49_norm,fog_model_42_norm,night_model_52_norm,night_model_49_norm,night_model_42_norm,rain_model_52_norm,rain_model_49_norm,rain_model_42_norm,snow_model_52_norm,snow_model_49_norm,snow_model_42_norm,day_model_52_norm,day_model_49_norm,day_model_42_norm
Dangerous warning,2228,92.5052737881508,92.01070017953322,93.04213195691202,51.74908886894076,51.301880610412944,53.81413375224417,91.87674147217236,89.04933123877919,90.84305655296231,86.57941202872532,86.1308707360862,87.74725314183124,69.07445242369836,69.03065080789948,69.5233078994614,92.4161355475763,92.23608168761218,93.31127019748654
Regularoty,7545,94.73817097415505,94.93716766070244,95.57338104705103,54.32684691848906,51.46411398277005,54.93778661365142,92.16760901259113,90.68280715705764,93.43856991385023,88.52270377733596,88.27067726971505,89.37047316103379,69.56895957587805,69.40995626242545,70.44424652087477,94.79062027833001,94.89795891318754,95.48126706428097
