category,sub-category,images,Original_model_52,Original_model_49,Original_model_42,fog_model_52,fog_model_49,fog_model_42,night_model_52,night_model_49,night_model_42,rain_model_52,rain_model_49,rain_model_42,snow_model_52,snow_model_49,snow_model_42,day_model_52,day_model_49,day_model_42
Dangerous warning,Dangerous warning,2228,92.5052737881508,92.01070017953322,93.04213195691202,51.74908886894076,51.301880610412944,53.81413375224417,91.87674147217236,89.04933123877919,90.84305655296231,86.57941202872532,86.1308707360862,87.74725314183124,69.07445242369836,69.03065080789948,69.5233078994614,92.4161355475763,92.23608168761218,93.31127019748654
Regularoty,Priority ,1041,96.06142170989432,96.34849183477425,97.40757925072046,75.88956772334295,71.6595004803074,77.61772334293948,95.00616714697408,90.20165225744478,96.25054755043229,94.81251681075888,94.33125840537944,94.42780019212296,82.13422670509125,80.98009606147936,84.14812680115276,96.44454370797311,96.34581171950049,97.31127761767532
Regularoty,Prohibitory,3957,95.50243366186504,95.35045489006824,95.80459944402325,45.33652009097801,43.59325751832196,47.51109173616375,92.8490447308567,91.28220874399796,93.35284559009351,86.4043770533232,85.4695350012636,86.78268890573668,63.02628759160979,62.623922163254996,64.41874652514532,95.55216325499113,95.35155673490019,95.67923426838512
Regularoty,Mandatory,1203,96.00911055694097,96.67489609310059,96.25793848711555,61.015078969243554,55.19510390689941,60.684172901080636,95.26170407315045,94.26436408977553,95.42748960931006,92.0195178719867,93.10154613466335,92.85384871155445,77.30760598503741,77.97030756442228,74.97897755610971,96.00911055694097,96.67605985037406,96.09316708229426
Regularoty,Special regulations,1344,90.32549851190478,91.07180059523809,92.85920386904766,58.10808779761905,55.655483630952375,54.09308035714287,85.19322172619049,86.08491815476191,89.73267113095238,86.75771577380952,87.49948660714286,89.95431547619047,72.17261904761905,72.76540178571427,73.51112351190477,90.17677827380953,90.84947916666667,92.93326636904764
