images,Original_model_52_noise,Original_model_49_noise,Original_model_42_noise,fognight_model_52_noise,fognight_model_49_noise,fognight_model_42_noise,fogsnow_model_52_noise,fogsnow_model_49_noise,fogsnow_model_42_noise,fograin_model_52_noise,fograin_model_49_noise,fograin_model_42_noise,rainnight_model_52_noise,rainnight_model_49_noise,rainnight_model_42_noise,snownight_model_52_noise,snownight_model_49_noise,snownight_model_42_noise
9773,92.64246597769363,92.81697534022305,92.77641051877622,74.32691394658752,76.21930215900954,77.37732119103654,72.14815921416148,76.17934206487261,76.08619666427913,77.397085848767,79.21781745625702,79.63786657116549,90.00326614141,89.9934595313619,90.5658354650568,81.23406835158087,83.39326000204645,83.00457177939222
