images,Original_model_42_noise,fognight_model_42_noise,fogsnow_model_42_noise,fograin_model_42_noise,rainnight_model_42_noise,snownight_model_42_noise
9773,92.34603397114502,73.86733244653637,65.71248951192058,74.71630410314131,75.61667553463627,50.177956615164234
