images,Original_model_42_noise,fognight_model_42_noise,fogsnow_model_42_noise,fograin_model_42_noise,rainnight_model_42_noise,snownight_model_42_noise
9773,92.63354343599714,75.31005013813567,67.5224670009209,76.34254476619257,76.42473447252634,51.74418499948838
