category,sub-category,images,Original_model_42,fognight_model_42,fogsnow_model_42,fograin_model_42,rainnight_model_42,snownight_model_42
Dangerous warning,Dangerous warning,2228,90.35025583482944,72.08280520646319,58.07995511669658,69.70345601436266,73.51959156193897,48.92108617594255
Regularoty,Priority ,1041,96.05920268972142,86.55295869356388,83.95945244956773,88.18593659942363,85.3030163304515,60.22877041306436
Regularoty,Prohibitory,3957,93.30335102350266,72.17597927723021,61.46067728076824,71.24123073035128,73.11106393732626,48.874442759666415
Regularoty,Mandatory,1203,94.59546134663343,78.0556774729842,74.897497921862,83.54149625935163,81.3797339983375,52.951105569409805
Regularoty,Special regulations,1344,87.94649553571426,68.23064732142856,68.52875,74.92530505952381,73.80906250000001,45.83220982142858
