category,images,Original_model_42_noise,fognight_model_42_noise,fogsnow_model_42_noise,fograin_model_42_noise,rainnight_model_42_noise,snownight_model_42_noise
Dangerous warning,2228,90.75501346499102,70.60199730700181,60.05284111310593,68.85100538599642,73.51994165170557,54.533716337522456
Regularoty,7545,93.17567528164346,69.78179986746188,68.25745791915175,74.32675016567262,74.68481113320078,57.69318091451293
