category,sub-category,images,Original_model_42,fognight_model_42,fogsnow_model_42,fograin_model_42,rainnight_model_42,snownight_model_42
Dangerous warning,Dangerous warning,2228,90.44070466786356,74.14666517055656,60.36774685816877,71.13894524236984,73.38531418312387,49.371539497307005
Regularoty,Priority ,1041,96.35048991354466,90.00958693563882,87.03125840537945,91.25789625360231,86.83927953890492,66.85772334293948
Regularoty,Prohibitory,3957,93.60648471063936,74.95703563305534,64.4421885266616,73.64178165276724,75.08157947940357,47.687354056103096
Regularoty,Mandatory,1203,94.43116375727347,73.39827930174562,73.98218620116376,83.54137988362429,79.966251039069,58.76990856192852
Regularoty,Special regulations,1344,88.91616071428572,68.60360863095238,67.55943452380951,74.92398809523812,74.18121279761903,49.62662202380952
