category,images,Original_model_42_noise,fognight_model_42_noise,fogsnow_model_42_noise,fograin_model_42_noise,rainnight_model_42_noise,snownight_model_42_noise
Dangerous warning,2228,90.35025583482944,72.08280520646319,58.07995511669658,69.70345601436266,73.51959156193897,48.92108617594255
Regularoty,7545,92.9353770709079,74.39429423459244,67.96633797216698,76.19657256461234,76.23593373094766,50.549104042412196
