images,Original_model_42_idealnoise,fog_model_42_idealnoise,night_model_42_idealnoise,rain_model_42_idealnoise,snow_model_42_idealnoise,day_model_42_idealnoise
9773,93.1641051877622,76.93678092704391,89.67619666427913,92.24426583444183,88.99986186432005,92.94014836795252
