category,sub-category,images,Original_model_42,fog_model_42,night_model_42,rain_model_42,snow_model_42,day_model_42
Dangerous warning,Dangerous warning,2228,91.65121184919208,74.91188509874326,89.85753590664272,90.79807450628367,86.89397666068221,91.517881508079
Regularoty,Priority ,1041,96.34838616714698,86.1668972142171,92.60164265129684,95.19646493756004,93.65960614793467,95.67874159462056
Regularoty,Prohibitory,3957,93.85780136467021,75.28414202678799,90.2200328531716,92.87416477129139,89.13304270912306,93.70803133687136
Regularoty,Mandatory,1203,94.59714048212803,81.54652535328346,91.7705901911887,94.26430590191191,92.6014463840399,94.76357439734
Regularoty,Special regulations,1344,89.88061755952383,73.88386904761904,83.63383928571427,88.69237351190475,85.26579613095238,89.28377976190477
