category,images,Original_model_42_idealnoise,fog_model_42_idealnoise,night_model_42_idealnoise,rain_model_42_idealnoise,snow_model_42_idealnoise,day_model_42_idealnoise
Dangerous warning,2228,91.65121184919208,74.91188509874326,89.85753590664272,90.79807450628367,86.89397666068221,91.517881508079
Regularoty,7545,93.61085487077536,77.53472233267065,89.622648111332,92.67131875414182,89.62171901921802,93.36013651424784
