images,Original_model_42_idealnoise,fog_model_42_idealnoise,night_model_42_idealnoise,rain_model_42_idealnoise,snow_model_42_idealnoise,day_model_42_idealnoise
9773,93.13372454722193,79.73053310140182,90.19789522152871,92.22370919881304,89.33780517752994,92.87870050138135
