category,sub-category,images,Original_model_42,fog_model_42,night_model_42,rain_model_42,snow_model_42,day_model_42
Dangerous warning,Dangerous warning,2228,90.12662028725313,76.57241921005385,88.64584829443446,89.45356822262117,87.11773788150806,90.21729802513462
Regularoty,Priority ,1041,96.06067243035542,90.39507204610953,94.52375600384248,96.15596541786744,94.71560038424592,95.96350624399616
Regularoty,Prohibitory,3957,93.90861763962597,78.5202426080364,91.73580995703817,92.57061662875917,88.830442254233,93.6071443012383
Regularoty,Mandatory,1203,95.51042394014961,83.87223607647546,92.35195344970907,96.01039900249376,93.18462177888611,95.84339152119702
Regularoty,Special regulations,1344,91.44284226190477,76.56174107142856,82.96417410714285,89.35934523809523,86.90323660714286,90.10291666666666
