category,images,Original_model_42_idealnoise,fog_model_42_idealnoise,night_model_42_idealnoise,rain_model_42_idealnoise,snow_model_42_idealnoise,day_model_42_idealnoise
Dangerous warning,2228,90.12662028725313,76.57241921005385,88.64584829443446,89.45356822262117,87.11773788150806,90.21729802513462
Regularoty,7545,94.0217070907886,80.66310801855532,90.65620675944335,93.04171769383697,89.99337972166998,93.66459907223327
